D_TEMPORAL_0;D_TERRITORIO_0;D_TIPOMATRIMONIO_0;INDICATOR;OBS_VALUE;FREQ
2020;3143;5669;Divorcios;13992.45022;A
2020;3143;5664;Divorcios;13849.59059;A
2020;3143;5668;Divorcios;142.85963;A
2020;3143;5666;Divorcios;63.90317;A
2020;3143;5667;Divorcios;78.95646;A
2020;2352;5669;Divorcios;1287.5417;A
2020;2352;5664;Divorcios;1280.21692;A
2020;2352;5668;Divorcios;7.32478;A
2020;2352;5666;Divorcios;2.13486;A
2020;2352;5667;Divorcios;5.18992;A
2020;2402;5669;Divorcios;1956.38358;A
2020;2402;5664;Divorcios;1931.19626;A
2020;2402;5668;Divorcios;25.18732;A
2020;2402;5666;Divorcios;12.59366;A
2020;2402;5667;Divorcios;12.59366;A
2020;2482;5669;Divorcios;1295.68526;A
2020;2482;5664;Divorcios;1287.68258;A
2020;2482;5668;Divorcios;8.00268;A
2020;2482;5666;Divorcios;2.97697;A
2020;2482;5667;Divorcios;5.02571;A
2020;2713;5669;Divorcios;1333.9225;A
2020;2713;5664;Divorcios;1327.84207;A
2020;2713;5668;Divorcios;6.08043;A
2020;2713;5667;Divorcios;6.08043;A
2020;2797;5669;Divorcios;832.55851;A
2020;2797;5664;Divorcios;821.20909;A
2020;2797;5668;Divorcios;11.34942;A
2020;2797;5666;Divorcios;3.78314;A
2020;2797;5667;Divorcios;7.56628;A
2020;2911;5669;Divorcios;886.77634;A
2020;2911;5664;Divorcios;877.37789;A
2020;2911;5668;Divorcios;9.39845;A
2020;2911;5666;Divorcios;6.47589;A
2020;2911;5667;Divorcios;2.92256;A
2020;3023;5669;Divorcios;3009.31704;A
2020;3023;5664;Divorcios;2985.99667;A
2020;3023;5668;Divorcios;23.32037;A
2020;3023;5666;Divorcios;9.34089;A
2020;3023;5667;Divorcios;13.97948;A
2020;3142;5669;Divorcios;3390.26529;A
2020;3142;5664;Divorcios;3338.06911;A
2020;3142;5668;Divorcios;52.19618;A
2020;3142;5666;Divorcios;26.59776;A
2020;3142;5667;Divorcios;25.59842;A
2019;3143;5669;Divorcios;17078.2748;A
2019;3143;5664;Divorcios;16906.61714;A
2019;3143;5668;Divorcios;171.65766;A
2019;3143;5666;Divorcios;83.76808;A
2019;3143;5667;Divorcios;87.88958;A
2019;2352;5669;Divorcios;1684.43364;A
2019;2352;5664;Divorcios;1674.55734;A
2019;2352;5668;Divorcios;9.8763;A
2019;2352;5666;Divorcios;9.8763;A
2019;2402;5669;Divorcios;2350.11045;A
2019;2402;5664;Divorcios;2311.24632;A
2019;2402;5668;Divorcios;38.86413;A
2019;2402;5666;Divorcios;12.66128;A
2019;2402;5667;Divorcios;26.20285;A
2019;2482;5669;Divorcios;1369.08113;A
2019;2482;5664;Divorcios;1357.52818;A
2019;2482;5668;Divorcios;11.55295;A
2019;2482;5666;Divorcios;1.46233;A
2019;2482;5667;Divorcios;10.09062;A
2019;2713;5669;Divorcios;1634.5488;A
2019;2713;5664;Divorcios;1617.68672;A
2019;2713;5668;Divorcios;16.86208;A
2019;2713;5666;Divorcios;11.07616;A
2019;2713;5667;Divorcios;5.78592;A
2019;2797;5669;Divorcios;1003.79841;A
2019;2797;5664;Divorcios;992.62978;A
2019;2797;5668;Divorcios;11.16863;A
2019;2797;5666;Divorcios;11.16863;A
2019;2911;5669;Divorcios;1181.24056;A
2019;2911;5664;Divorcios;1178.20034;A
2019;2911;5668;Divorcios;3.04022;A
2019;2911;5667;Divorcios;3.04022;A
2019;3023;5669;Divorcios;3795.50761;A
2019;3023;5664;Divorcios;3762.58886;A
2019;3023;5668;Divorcios;32.91875;A
2019;3023;5666;Divorcios;14.77819;A
2019;3023;5667;Divorcios;18.14056;A
2019;3142;5669;Divorcios;4059.5542;A
2019;3142;5664;Divorcios;4012.1796;A
2019;3142;5668;Divorcios;47.3746;A
2019;3142;5666;Divorcios;22.74519;A
2019;3142;5667;Divorcios;24.62941;A
2018;3143;5669;Divorcios;16934.828;A
2018;3143;5664;Divorcios;16797.5122;A
2018;3143;5668;Divorcios;137.3158;A
2018;3143;5666;Divorcios;72.9398;A
2018;3143;5667;Divorcios;64.376;A
2018;2352;5669;Divorcios;1456.1395;A
2018;2352;5664;Divorcios;1449.4039;A
2018;2352;5668;Divorcios;6.7356;A
2018;2352;5666;Divorcios;4.4904;A
2018;2352;5667;Divorcios;2.2452;A
2018;2402;5669;Divorcios;2490.3415;A
2018;2402;5664;Divorcios;2466.8376;A
2018;2402;5668;Divorcios;23.5039;A
2018;2402;5666;Divorcios;14.2172;A
2018;2402;5667;Divorcios;9.2867;A
2018;2482;5669;Divorcios;1405.7198;A
2018;2482;5664;Divorcios;1398.6852;A
2018;2482;5668;Divorcios;7.0346;A
2018;2482;5666;Divorcios;3.0986;A
2018;2482;5667;Divorcios;3.936;A
2018;2713;5669;Divorcios;1684.5826;A
2018;2713;5664;Divorcios;1672.094;A
2018;2713;5668;Divorcios;12.4886;A
2018;2713;5666;Divorcios;9.7507;A
2018;2713;5667;Divorcios;2.7379;A
2018;2797;5669;Divorcios;986.218;A
2018;2797;5664;Divorcios;983.16;A
2018;2797;5668;Divorcios;3.058;A
2018;2797;5667;Divorcios;3.058;A
2018;2911;5669;Divorcios;1108.2069;A
2018;2911;5664;Divorcios;1108.2069;A
2018;2911;5668;Divorcios;;A
2018;2911;5666;Divorcios;;A
2018;3023;5669;Divorcios;3718.358;A
2018;3023;5664;Divorcios;3682.9801;A
2018;3023;5668;Divorcios;35.3779;A
2018;3023;5666;Divorcios;16.1591;A
2018;3023;5667;Divorcios;19.2188;A
2018;3142;5669;Divorcios;4085.2617;A
2018;3142;5664;Divorcios;4036.1445;A
2018;3142;5668;Divorcios;49.1172;A
2018;3142;5666;Divorcios;25.2238;A
2018;3142;5667;Divorcios;23.8934;A
2017;3143;5669;Divorcios;17436.6101;A
2017;3143;5664;Divorcios;17275.9301;A
2017;3143;5668;Divorcios;160.68;A
2017;3143;5666;Divorcios;84.466;A
2017;3143;5667;Divorcios;76.214;A
2017;2352;5669;Divorcios;1454.7143;A
2017;2352;5664;Divorcios;1446.0577;A
2017;2352;5668;Divorcios;8.6566;A
2017;2352;5666;Divorcios;3.5677;A
2017;2352;5667;Divorcios;5.0889;A
2017;2402;5669;Divorcios;2406.3281;A
2017;2402;5664;Divorcios;2368.7029;A
2017;2402;5668;Divorcios;37.6252;A
2017;2402;5666;Divorcios;12.8913;A
2017;2402;5667;Divorcios;24.7339;A
2017;2482;5669;Divorcios;1426.032;A
2017;2482;5664;Divorcios;1405.2;A
2017;2482;5668;Divorcios;20.832;A
2017;2482;5666;Divorcios;6.6085;A
2017;2482;5667;Divorcios;14.2235;A
2017;2713;5669;Divorcios;1990.6668;A
2017;2713;5664;Divorcios;1969.764;A
2017;2713;5668;Divorcios;20.9028;A
2017;2713;5666;Divorcios;16.8724;A
2017;2713;5667;Divorcios;4.0304;A
2017;2797;5669;Divorcios;1060.4795;A
2017;2797;5664;Divorcios;1051.9832;A
2017;2797;5668;Divorcios;8.4963;A
2017;2797;5666;Divorcios;6.5155;A
2017;2797;5667;Divorcios;1.9808;A
2017;2911;5669;Divorcios;1127.8821;A
2017;2911;5664;Divorcios;1127.8821;A
2017;3023;5669;Divorcios;3652.1307;A
2017;3023;5664;Divorcios;3614.9226;A
2017;3023;5668;Divorcios;37.2081;A
2017;3023;5666;Divorcios;21.7821;A
2017;3023;5667;Divorcios;15.426;A
2017;3142;5669;Divorcios;4318.3766;A
2017;3142;5664;Divorcios;4291.4176;A
2017;3142;5668;Divorcios;26.959;A
2017;3142;5666;Divorcios;16.2285;A
2017;3142;5667;Divorcios;10.7305;A
2016;3143;5669;Divorcios;16968.2676;A
2016;3143;5664;Divorcios;16778.8408;A
2016;3143;5668;Divorcios;189.4268;A
2016;3143;5666;Divorcios;118.7851;A
2016;3143;5667;Divorcios;70.6417;A
2016;2352;5669;Divorcios;1425.5804;A
2016;2352;5664;Divorcios;1414.9309;A
2016;2352;5668;Divorcios;10.6495;A
2016;2352;5666;Divorcios;1.3299;A
2016;2352;5667;Divorcios;9.3196;A
2016;2402;5669;Divorcios;2275.825;A
2016;2402;5664;Divorcios;2257.6356;A
2016;2402;5668;Divorcios;18.1894;A
2016;2402;5666;Divorcios;12.4596;A
2016;2402;5667;Divorcios;5.7298;A
2016;2482;5669;Divorcios;1473.292;A
2016;2482;5664;Divorcios;1452.1577;A
2016;2482;5668;Divorcios;21.1343;A
2016;2482;5666;Divorcios;14.6098;A
2016;2482;5667;Divorcios;6.5245;A
2016;2713;5669;Divorcios;1937.4432;A
2016;2713;5664;Divorcios;1913.6128;A
2016;2713;5668;Divorcios;23.8304;A
2016;2713;5666;Divorcios;16.3728;A
2016;2713;5667;Divorcios;7.4576;A
2016;2797;5669;Divorcios;1053.5608;A
2016;2797;5664;Divorcios;1041.1856;A
2016;2797;5668;Divorcios;12.3752;A
2016;2797;5666;Divorcios;6.1876;A
2016;2797;5667;Divorcios;6.1876;A
2016;2911;5669;Divorcios;1120.7404;A
2016;2911;5664;Divorcios;1112.2664;A
2016;2911;5668;Divorcios;8.474;A
2016;2911;5666;Divorcios;6.9792;A
2016;2911;5667;Divorcios;1.4948;A
2016;3023;5669;Divorcios;3657.8326;A
2016;3023;5664;Divorcios;3607.32;A
2016;3023;5668;Divorcios;50.5126;A
2016;3023;5666;Divorcios;35.5078;A
2016;3023;5667;Divorcios;15.0048;A
2016;3142;5669;Divorcios;4023.9932;A
2016;3142;5664;Divorcios;3979.7318;A
2016;3142;5668;Divorcios;44.2614;A
2016;3142;5666;Divorcios;25.3384;A
2016;3142;5667;Divorcios;18.923;A
2015;3143;5669;Divorcios;17029.5907;A
2015;3143;5664;Divorcios;16912.0991;A
2015;3143;5668;Divorcios;117.4916;A
2015;3143;5666;Divorcios;55.0451;A
2015;3143;5667;Divorcios;62.4465;A
2015;2352;5669;Divorcios;1398.5163;A
2015;2352;5664;Divorcios;1392.2019;A
2015;2352;5668;Divorcios;6.3144;A
2015;2352;5666;Divorcios;3.1572;A
2015;2352;5667;Divorcios;3.1572;A
2015;2402;5669;Divorcios;2355.5567;A
2015;2402;5664;Divorcios;2334.0279;A
2015;2402;5668;Divorcios;21.5288;A
2015;2402;5666;Divorcios;9.5628;A
2015;2402;5667;Divorcios;11.966;A
2015;2482;5669;Divorcios;1621.987;A
2015;2482;5664;Divorcios;1617.5185;A
2015;2482;5668;Divorcios;4.4685;A
2015;2482;5666;Divorcios;1.4895;A
2015;2482;5667;Divorcios;2.979;A
2015;2713;5669;Divorcios;1864.9266;A
2015;2713;5664;Divorcios;1854.6126;A
2015;2713;5668;Divorcios;10.314;A
2015;2713;5666;Divorcios;1.719;A
2015;2713;5667;Divorcios;8.595;A
2015;2797;5669;Divorcios;1022.9657;A
2015;2797;5664;Divorcios;1011.7548;A
2015;2797;5668;Divorcios;11.2109;A
2015;2797;5666;Divorcios;6.7532;A
2015;2797;5667;Divorcios;4.4577;A
2015;2911;5669;Divorcios;1197.5493;A
2015;2911;5664;Divorcios;1192.992;A
2015;2911;5668;Divorcios;4.5573;A
2015;2911;5666;Divorcios;3.0382;A
2015;2911;5667;Divorcios;1.5191;A
2015;3023;5669;Divorcios;3560.4711;A
2015;3023;5664;Divorcios;3522.1752;A
2015;3023;5668;Divorcios;38.2959;A
2015;3023;5666;Divorcios;18.042;A
2015;3023;5667;Divorcios;20.2539;A
2015;3142;5669;Divorcios;4007.618;A
2015;3142;5664;Divorcios;3986.8162;A
2015;3142;5668;Divorcios;20.8018;A
2015;3142;5666;Divorcios;11.2832;A
2015;3142;5667;Divorcios;9.5186;A
2014;3143;5669;Divorcios;17376.98787;A
2014;3143;5664;Divorcios;17266.97361;A
2014;3143;5668;Divorcios;110.01426;A
2014;3143;5666;Divorcios;67.64096;A
2014;3143;5667;Divorcios;42.3733;A
2014;2352;5669;Divorcios;1315.503;A
2014;2352;5664;Divorcios;1308.438;A
2014;2352;5668;Divorcios;7.065;A
2014;2352;5666;Divorcios;2.826;A
2014;2352;5667;Divorcios;4.239;A
2014;2402;5669;Divorcios;2485.68082;A
2014;2402;5664;Divorcios;2470.65252;A
2014;2402;5668;Divorcios;15.0283;A
2014;2402;5666;Divorcios;7.51415;A
2014;2402;5667;Divorcios;7.51415;A
2014;2482;5669;Divorcios;1712.10316;A
2014;2482;5664;Divorcios;1705.44128;A
2014;2482;5668;Divorcios;6.66188;A
2014;2482;5666;Divorcios;3.33094;A
2014;2482;5667;Divorcios;3.33094;A
2014;2713;5669;Divorcios;1848.68385;A
2014;2713;5664;Divorcios;1831.9743;A
2014;2713;5668;Divorcios;16.70955;A
2014;2713;5666;Divorcios;13.67145;A
2014;2713;5667;Divorcios;3.0381;A
2014;2797;5669;Divorcios;1140.17566;A
2014;2797;5664;Divorcios;1133.10261;A
2014;2797;5668;Divorcios;7.07305;A
2014;2797;5666;Divorcios;4.24383;A
2014;2797;5667;Divorcios;2.82922;A
2014;2911;5669;Divorcios;1180.1112;A
2014;2911;5664;Divorcios;1178.6434;A
2014;2911;5668;Divorcios;1.4678;A
2014;2911;5667;Divorcios;1.4678;A
2014;3023;5669;Divorcios;3567.8708;A
2014;3023;5664;Divorcios;3545.3301;A
2014;3023;5668;Divorcios;22.5407;A
2014;3023;5666;Divorcios;19.3206;A
2014;3023;5667;Divorcios;3.2201;A
2014;3142;5669;Divorcios;4126.85938;A
2014;3142;5664;Divorcios;4093.3914;A
2014;3142;5668;Divorcios;33.46798;A
2014;3142;5666;Divorcios;16.73399;A
2014;3142;5667;Divorcios;16.73399;A
2013;3143;5669;Divorcios;16473.17478;A
2013;3143;5664;Divorcios;16408.28227;A
2013;3143;5668;Divorcios;64.89251;A
2013;3143;5666;Divorcios;32.43898;A
2013;3143;5667;Divorcios;32.45353;A
2013;2352;5669;Divorcios;1267.4696;A
2013;2352;5664;Divorcios;1262.5442;A
2013;2352;5668;Divorcios;4.9254;A
2013;2352;5666;Divorcios;3.2836;A
2013;2352;5667;Divorcios;1.6418;A
2013;2402;5669;Divorcios;2358.7305;A
2013;2402;5664;Divorcios;2348.47515;A
2013;2402;5668;Divorcios;10.25535;A
2013;2402;5666;Divorcios;5.8602;A
2013;2402;5667;Divorcios;4.39515;A
2013;2482;5669;Divorcios;1452.76866;A
2013;2482;5664;Divorcios;1448.69928;A
2013;2482;5668;Divorcios;4.06938;A
2013;2482;5666;Divorcios;2.71292;A
2013;2482;5667;Divorcios;1.35646;A
2013;2713;5669;Divorcios;1822.15704;A
2013;2713;5664;Divorcios;1813.9737;A
2013;2713;5668;Divorcios;8.18334;A
2013;2713;5666;Divorcios;5.45556;A
2013;2713;5667;Divorcios;2.72778;A
2013;2797;5669;Divorcios;995.33511;A
2013;2797;5664;Divorcios;991.0263;A
2013;2797;5668;Divorcios;4.30881;A
2013;2797;5666;Divorcios;1.43627;A
2013;2797;5667;Divorcios;2.87254;A
2013;2911;5669;Divorcios;1155.71547;A
2013;2911;5664;Divorcios;1154.30434;A
2013;2911;5668;Divorcios;1.41113;A
2013;2911;5666;Divorcios;1.41113;A
2013;3023;5669;Divorcios;3581.6334;A
2013;3023;5664;Divorcios;3565.8363;A
2013;3023;5668;Divorcios;15.7971;A
2013;3023;5666;Divorcios;4.3083;A
2013;3023;5667;Divorcios;11.4888;A
2013;3142;5669;Divorcios;3839.365;A
2013;3142;5664;Divorcios;3823.423;A
2013;3142;5668;Divorcios;15.942;A
2013;3142;5666;Divorcios;7.971;A
2013;3142;5667;Divorcios;7.971;A
2012;3143;5669;Divorcios;19100.05171;A
2012;3143;5664;Divorcios;19044.05171;A
2012;3143;5668;Divorcios;56.0;A
2012;3143;5666;Divorcios;40.0;A
2012;3143;5667;Divorcios;16.0;A
2012;2352;5669;Divorcios;1673.28115;A
2012;2352;5664;Divorcios;1670.28115;A
2012;2352;5668;Divorcios;3.0;A
2012;2352;5666;Divorcios;2.0;A
2012;2352;5667;Divorcios;1.0;A
2012;2402;5669;Divorcios;2751.43454;A
2012;2402;5664;Divorcios;2745.43454;A
2012;2402;5668;Divorcios;6.0;A
2012;2402;5666;Divorcios;6.0;A
2012;2482;5669;Divorcios;1519.27045;A
2012;2482;5664;Divorcios;1515.27045;A
2012;2482;5668;Divorcios;4.0;A
2012;2482;5666;Divorcios;4.0;A
2012;2713;5669;Divorcios;2194.10578;A
2012;2713;5664;Divorcios;2188.10578;A
2012;2713;5668;Divorcios;6.0;A
2012;2713;5666;Divorcios;4.0;A
2012;2713;5667;Divorcios;2.0;A
2012;2797;5669;Divorcios;1090.26737;A
2012;2797;5664;Divorcios;1090.26737;A
2012;2911;5669;Divorcios;1282.34085;A
2012;2911;5664;Divorcios;1281.34085;A
2012;2911;5668;Divorcios;1.0;A
2012;2911;5666;Divorcios;1.0;A
2012;3023;5669;Divorcios;4090.46015;A
2012;3023;5664;Divorcios;4069.46015;A
2012;3023;5668;Divorcios;21.0;A
2012;3023;5666;Divorcios;14.0;A
2012;3023;5667;Divorcios;7.0;A
2012;3142;5669;Divorcios;4498.89142;A
2012;3142;5664;Divorcios;4483.89142;A
2012;3142;5668;Divorcios;15.0;A
2012;3142;5666;Divorcios;9.0;A
2012;3142;5667;Divorcios;6.0;A
2011;3143;5669;Divorcios;18257.58564089;A
2011;3143;5664;Divorcios;18210.58564089;A
2011;3143;5668;Divorcios;47.0;A
2011;3143;5666;Divorcios;25.0;A
2011;3143;5667;Divorcios;22.0;A
2011;2352;5669;Divorcios;1426.82187464;A
2011;2352;5664;Divorcios;1426.82187464;A
2011;2402;5669;Divorcios;2822.48660103;A
2011;2402;5664;Divorcios;2816.48660103;A
2011;2402;5668;Divorcios;6.0;A
2011;2402;5666;Divorcios;3.0;A
2011;2402;5667;Divorcios;3.0;A
2011;2482;5669;Divorcios;1607.8291226;A
2011;2482;5664;Divorcios;1604.8291226;A
2011;2482;5668;Divorcios;3.0;A
2011;2482;5666;Divorcios;1.0;A
2011;2482;5667;Divorcios;2.0;A
2011;2713;5669;Divorcios;2058.63585768;A
2011;2713;5664;Divorcios;2057.63585768;A
2011;2713;5668;Divorcios;1.0;A
2011;2713;5666;Divorcios;1.0;A
2011;2797;5669;Divorcios;976.40048302;A
2011;2797;5664;Divorcios;972.40048302;A
2011;2797;5668;Divorcios;4.0;A
2011;2797;5666;Divorcios;3.0;A
2011;2797;5667;Divorcios;1.0;A
2011;2911;5669;Divorcios;1223.16206129;A
2011;2911;5664;Divorcios;1220.16206129;A
2011;2911;5668;Divorcios;3.0;A
2011;2911;5666;Divorcios;2.0;A
2011;2911;5667;Divorcios;1.0;A
2011;3023;5669;Divorcios;3827.02436747;A
2011;3023;5664;Divorcios;3813.02436747;A
2011;3023;5668;Divorcios;14.0;A
2011;3023;5666;Divorcios;9.0;A
2011;3023;5667;Divorcios;5.0;A
2011;3142;5669;Divorcios;4315.22527316;A
2011;3142;5664;Divorcios;4299.22527316;A
2011;3142;5668;Divorcios;16.0;A
2011;3142;5666;Divorcios;6.0;A
2011;3142;5667;Divorcios;10.0;A
2010;3143;5669;Divorcios;18373.44232079;A
2010;3143;5664;Divorcios;18337.44232079;A
2010;3143;5668;Divorcios;36.0;A
2010;3143;5666;Divorcios;18.0;A
2010;3143;5667;Divorcios;18.0;A
2010;2352;5669;Divorcios;1362.40772485;A
2010;2352;5664;Divorcios;1356.40772485;A
2010;2352;5668;Divorcios;6.0;A
2010;2352;5666;Divorcios;3.0;A
2010;2352;5667;Divorcios;3.0;A
2010;2402;5669;Divorcios;2718.61775842;A
2010;2402;5664;Divorcios;2714.61775842;A
2010;2402;5668;Divorcios;4.0;A
2010;2402;5666;Divorcios;2.0;A
2010;2402;5667;Divorcios;2.0;A
2010;2482;5669;Divorcios;1659.02026916;A
2010;2482;5664;Divorcios;1654.02026916;A
2010;2482;5668;Divorcios;5.0;A
2010;2482;5666;Divorcios;3.0;A
2010;2482;5667;Divorcios;2.0;A
2010;2713;5669;Divorcios;2005.38373943;A
2010;2713;5664;Divorcios;2005.38373943;A
2010;2797;5669;Divorcios;992.51673019;A
2010;2797;5664;Divorcios;991.51673019;A
2010;2797;5668;Divorcios;1.0;A
2010;2797;5666;Divorcios;1.0;A
2010;2911;5669;Divorcios;1193.6878551;A
2010;2911;5664;Divorcios;1190.6878551;A
2010;2911;5668;Divorcios;3.0;A
2010;2911;5667;Divorcios;3.0;A
2010;3023;5669;Divorcios;3876.9745934;A
2010;3023;5664;Divorcios;3870.9745934;A
2010;3023;5668;Divorcios;6.0;A
2010;3023;5666;Divorcios;3.0;A
2010;3023;5667;Divorcios;3.0;A
2010;3142;5669;Divorcios;4564.83365024;A
2010;3142;5664;Divorcios;4553.83365024;A
2010;3142;5668;Divorcios;11.0;A
2010;3142;5666;Divorcios;6.0;A
2010;3142;5667;Divorcios;5.0;A
2009;3143;5669;Divorcios;17493.840001105;A
2009;3143;5664;Divorcios;17474.840001105;A
2009;3143;5668;Divorcios;19.0;A
2009;3143;5666;Divorcios;10.0;A
2009;3143;5667;Divorcios;9.0;A
2009;2352;5669;Divorcios;1275.959999958;A
2009;2352;5664;Divorcios;1275.959999958;A
2009;2402;5669;Divorcios;2773.590000972;A
2009;2402;5664;Divorcios;2767.590000972;A
2009;2402;5668;Divorcios;6.0;A
2009;2402;5666;Divorcios;2.0;A
2009;2402;5667;Divorcios;4.0;A
2009;2482;5669;Divorcios;1537.74000012;A
2009;2482;5664;Divorcios;1537.74000012;A
2009;2713;5669;Divorcios;1967.070000359;A
2009;2713;5664;Divorcios;1967.070000359;A
2009;2797;5669;Divorcios;1012.380000091;A
2009;2797;5664;Divorcios;1012.380000091;A
2009;2911;5669;Divorcios;1122.459999905;A
2009;2911;5664;Divorcios;1121.459999905;A
2009;2911;5668;Divorcios;1.0;A
2009;2911;5666;Divorcios;1.0;A
2009;3023;5669;Divorcios;3607.690000055;A
2009;3023;5664;Divorcios;3602.690000055;A
2009;3023;5668;Divorcios;5.0;A
2009;3023;5666;Divorcios;3.0;A
2009;3023;5667;Divorcios;2.0;A
2009;3142;5669;Divorcios;4196.949999645;A
2009;3142;5664;Divorcios;4189.949999645;A
2009;3142;5668;Divorcios;7.0;A
2009;3142;5666;Divorcios;4.0;A
2009;3142;5667;Divorcios;3.0;A
2008;3143;5669;Divorcios;19784.701197956;A
2008;3143;5664;Divorcios;19772.701197956;A
2008;3143;5668;Divorcios;12.0;A
2008;3143;5666;Divorcios;4.0;A
2008;3143;5667;Divorcios;8.0;A
2008;2352;5669;Divorcios;1459.899390218;A
2008;2352;5664;Divorcios;1459.899390218;A
2008;2402;5669;Divorcios;3029.88628849;A
2008;2402;5664;Divorcios;3025.88628849;A
2008;2402;5668;Divorcios;4.0;A
2008;2402;5666;Divorcios;2.0;A
2008;2402;5667;Divorcios;2.0;A
2008;2482;5669;Divorcios;1595.530376772;A
2008;2482;5664;Divorcios;1595.530376772;A
2008;2713;5669;Divorcios;2172.357568834;A
2008;2713;5664;Divorcios;2172.357568834;A
2008;2797;5669;Divorcios;1165.944181717;A
2008;2797;5664;Divorcios;1165.944181717;A
2008;2911;5669;Divorcios;1297.204501345;A
2008;2911;5664;Divorcios;1296.204501345;A
2008;2911;5668;Divorcios;1.0;A
2008;2911;5667;Divorcios;1.0;A
2008;3023;5669;Divorcios;4187.089941605;A
2008;3023;5664;Divorcios;4180.089941605;A
2008;3023;5668;Divorcios;7.0;A
2008;3023;5666;Divorcios;2.0;A
2008;3023;5667;Divorcios;5.0;A
2008;3142;5669;Divorcios;4876.788948975;A
2008;3142;5664;Divorcios;4876.788948975;A
2007;3143;5669;Divorcios;21609.099999161;A
2007;3143;5664;Divorcios;21602.099999161;A
2007;3143;5668;Divorcios;7.0;A
2007;3143;5666;Divorcios;5.0;A
2007;3143;5667;Divorcios;2.0;A
2007;2352;5669;Divorcios;1642.139999901;A
2007;2352;5664;Divorcios;1642.139999901;A
2007;2402;5669;Divorcios;3287.229999146;A
2007;2402;5664;Divorcios;3286.229999146;A
2007;2402;5668;Divorcios;1.0;A
2007;2402;5666;Divorcios;1.0;A
2007;2482;5669;Divorcios;1853.999999925;A
2007;2482;5664;Divorcios;1853.999999925;A
2007;2713;5669;Divorcios;2389.41000052;A
2007;2713;5664;Divorcios;2389.41000052;A
2007;2797;5669;Divorcios;1393.309999774;A
2007;2797;5664;Divorcios;1393.309999774;A
2007;2911;5669;Divorcios;1422.190000204;A
2007;2911;5664;Divorcios;1422.190000204;A
2007;3023;5669;Divorcios;4555.859999734;A
2007;3023;5664;Divorcios;4551.859999734;A
2007;3023;5668;Divorcios;4.0;A
2007;3023;5666;Divorcios;2.0;A
2007;3023;5667;Divorcios;2.0;A
2007;3142;5669;Divorcios;5064.959999957;A
2007;3142;5664;Divorcios;5062.959999957;A
2007;3142;5668;Divorcios;2.0;A
2007;3142;5666;Divorcios;2.0;A
2006;3143;5669;Divorcios;21218.50087;A
2006;3143;5664;Divorcios;21218.50087;A
2006;2352;5669;Divorcios;1595.879802;A
2006;2352;5664;Divorcios;1595.879802;A
2006;2402;5669;Divorcios;3145.260002;A
2006;2402;5664;Divorcios;3145.260002;A
2006;2482;5669;Divorcios;1834.890112;A
2006;2482;5664;Divorcios;1834.890112;A
2006;2713;5669;Divorcios;2080.80049;A
2006;2713;5664;Divorcios;2080.80049;A
2006;2797;5669;Divorcios;1332.84986;A
2006;2797;5664;Divorcios;1332.84986;A
2006;2911;5669;Divorcios;1309.440144;A
2006;2911;5664;Divorcios;1309.440144;A
2006;3023;5669;Divorcios;4712.309813;A
2006;3023;5664;Divorcios;4712.309813;A
2006;3142;5669;Divorcios;5207.070647;A
2006;3142;5664;Divorcios;5207.070647;A
2005;3143;5669;Divorcios;10748.000406;A
2005;3143;5664;Divorcios;10748.000406;A
2005;2352;5669;Divorcios;833.000224;A
2005;2352;5664;Divorcios;833.000224;A
2005;2402;5669;Divorcios;1642.999986;A
2005;2402;5664;Divorcios;1642.999986;A
2005;2482;5669;Divorcios;939.000159;A
2005;2482;5664;Divorcios;939.000159;A
2005;2713;5669;Divorcios;959.000189;A
2005;2713;5664;Divorcios;959.000189;A
2005;2797;5669;Divorcios;726.999975;A
2005;2797;5664;Divorcios;726.999975;A
2005;2911;5669;Divorcios;636.999935;A
2005;2911;5664;Divorcios;636.999935;A
2005;3023;5669;Divorcios;2312.000002;A
2005;3023;5664;Divorcios;2312.000002;A
2005;3142;5669;Divorcios;2697.999936;A
2005;3142;5664;Divorcios;2697.999936;A
2004;3143;5669;Divorcios;7744.999297;A
2004;3143;5664;Divorcios;7744.999297;A
2004;2352;5669;Divorcios;623.000146;A
2004;2352;5664;Divorcios;623.000146;A
2004;2402;5669;Divorcios;1177.000044;A
2004;2402;5664;Divorcios;1177.000044;A
2004;2482;5669;Divorcios;607.00024;A
2004;2482;5664;Divorcios;607.00024;A
2004;2713;5669;Divorcios;873.000025;A
2004;2713;5664;Divorcios;873.000025;A
2004;2797;5669;Divorcios;473.000077;A
2004;2797;5664;Divorcios;473.000077;A
2004;2911;5669;Divorcios;411.9999;A
2004;2911;5664;Divorcios;411.9999;A
2004;3023;5669;Divorcios;1704.999483;A
2004;3023;5664;Divorcios;1704.999483;A
2004;3142;5669;Divorcios;1874.999382;A
2004;3142;5664;Divorcios;1874.999382;A
2003;3143;5669;Divorcios;6791.000174;A
2003;3143;5664;Divorcios;6791.000174;A
2003;2352;5669;Divorcios;513.000075;A
2003;2352;5664;Divorcios;513.000075;A
2003;2402;5669;Divorcios;1006.00038;A
2003;2402;5664;Divorcios;1006.00038;A
2003;2482;5669;Divorcios;567.99999;A
2003;2482;5664;Divorcios;567.99999;A
2003;2713;5669;Divorcios;787.999854;A
2003;2713;5664;Divorcios;787.999854;A
2003;2797;5669;Divorcios;439.999954;A
2003;2797;5664;Divorcios;439.999954;A
2003;2911;5669;Divorcios;408.000085;A
2003;2911;5664;Divorcios;408.000085;A
2003;3023;5669;Divorcios;1500.999744;A
2003;3023;5664;Divorcios;1500.999744;A
2003;3142;5669;Divorcios;1567.000092;A
2003;3142;5664;Divorcios;1567.000092;A
2002;3143;5669;Divorcios;6363.999709;A
2002;3143;5664;Divorcios;6363.999709;A
2002;2352;5669;Divorcios;462.9999;A
2002;2352;5664;Divorcios;462.9999;A
2002;2402;5669;Divorcios;957.999859;A
2002;2402;5664;Divorcios;957.999859;A
2002;2482;5669;Divorcios;493.999804;A
2002;2482;5664;Divorcios;493.999804;A
2002;2713;5669;Divorcios;746.999952;A
2002;2713;5664;Divorcios;746.999952;A
2002;2797;5669;Divorcios;333.0;A
2002;2797;5664;Divorcios;333.0;A
2002;2911;5669;Divorcios;356.999936;A
2002;2911;5664;Divorcios;356.999936;A
2002;3023;5669;Divorcios;1505.000544;A
2002;3023;5664;Divorcios;1505.000544;A
2002;3142;5669;Divorcios;1506.999714;A
2002;3142;5664;Divorcios;1506.999714;A
2001;3143;5669;Divorcios;5750.999337;A
2001;3143;5664;Divorcios;5750.999337;A
2001;2352;5669;Divorcios;423.999939;A
2001;2352;5664;Divorcios;423.999939;A
2001;2402;5669;Divorcios;862.99983;A
2001;2402;5664;Divorcios;862.99983;A
2001;2482;5669;Divorcios;500.000085;A
2001;2482;5664;Divorcios;500.000085;A
2001;2713;5669;Divorcios;630.000204;A
2001;2713;5664;Divorcios;630.000204;A
2001;2797;5669;Divorcios;327.999998;A
2001;2797;5664;Divorcios;327.999998;A
2001;2911;5669;Divorcios;297.999919;A
2001;2911;5664;Divorcios;297.999919;A
2001;3023;5669;Divorcios;1340.999712;A
2001;3023;5664;Divorcios;1340.999712;A
2001;3142;5669;Divorcios;1366.99965;A
2001;3142;5664;Divorcios;1366.99965;A
2000;3143;5669;Divorcios;5740.00032;A
2000;3143;5664;Divorcios;5740.00032;A
2000;2352;5669;Divorcios;411.0;A
2000;2352;5664;Divorcios;411.0;A
2000;2402;5669;Divorcios;936.000311;A
2000;2402;5664;Divorcios;936.000311;A
2000;2482;5669;Divorcios;464.000102;A
2000;2482;5664;Divorcios;464.000102;A
2000;2713;5669;Divorcios;665.999884;A
2000;2713;5664;Divorcios;665.999884;A
2000;2797;5669;Divorcios;376.999989;A
2000;2797;5664;Divorcios;376.999989;A
2000;2911;5669;Divorcios;255.999936;A
2000;2911;5664;Divorcios;255.999936;A
2000;3023;5669;Divorcios;1409.0005;A
2000;3023;5664;Divorcios;1409.0005;A
2000;3142;5669;Divorcios;1220.999598;A
2000;3142;5664;Divorcios;1220.999598;A
1999;3143;5669;Divorcios;5117.000106;A
1999;3143;5664;Divorcios;5117.000106;A
1999;2352;5669;Divorcios;386.000076;A
1999;2352;5664;Divorcios;386.000076;A
1999;2402;5669;Divorcios;839.999809;A
1999;2402;5664;Divorcios;839.999809;A
1999;2482;5669;Divorcios;382.999968;A
1999;2482;5664;Divorcios;382.999968;A
1999;2713;5669;Divorcios;575.999946;A
1999;2713;5664;Divorcios;575.999946;A
1999;2797;5669;Divorcios;300.00003;A
1999;2797;5664;Divorcios;300.00003;A
1999;2911;5669;Divorcios;301.999996;A
1999;2911;5664;Divorcios;301.999996;A
1999;3023;5669;Divorcios;1150.000369;A
1999;3023;5664;Divorcios;1150.000369;A
1999;3142;5669;Divorcios;1179.999912;A
1999;3142;5664;Divorcios;1179.999912;A
1998;3143;5669;Divorcios;5076.99993;A
1998;3143;5664;Divorcios;5076.99993;A
1998;2352;5669;Divorcios;367.000102;A
1998;2352;5664;Divorcios;367.000102;A
1998;2402;5669;Divorcios;769.999972;A
1998;2402;5664;Divorcios;769.999972;A
1998;2482;5669;Divorcios;430.999854;A
1998;2482;5664;Divorcios;430.999854;A
1998;2713;5669;Divorcios;552.0;A
1998;2713;5664;Divorcios;552.0;A
1998;2797;5669;Divorcios;309.0;A
1998;2797;5664;Divorcios;309.0;A
1998;2911;5669;Divorcios;301.999984;A
1998;2911;5664;Divorcios;301.999984;A
1998;3023;5669;Divorcios;1159.999858;A
1998;3023;5664;Divorcios;1159.999858;A
1998;3142;5669;Divorcios;1186.00016;A
1998;3142;5664;Divorcios;1186.00016;A
2020;3143;5669;Separaciones;569.10667;A
2020;3143;5664;Separaciones;569.10667;A
2020;3143;5668;Separaciones;;A
2020;3143;5666;Separaciones;;A
2020;3143;5667;Separaciones;;A
2020;2352;5669;Separaciones;32.35418;A
2020;2352;5664;Separaciones;32.35418;A
2020;2352;5668;Separaciones;;A
2020;2352;5666;Separaciones;;A
2020;2352;5667;Separaciones;;A
2020;2402;5669;Separaciones;91.37225;A
2020;2402;5664;Separaciones;91.37225;A
2020;2402;5668;Separaciones;;A
2020;2402;5666;Separaciones;;A
2020;2402;5667;Separaciones;;A
2020;2482;5669;Separaciones;55.28281;A
2020;2482;5664;Separaciones;55.28281;A
2020;2482;5668;Separaciones;;A
2020;2482;5666;Separaciones;;A
2020;2482;5667;Separaciones;;A
2020;2713;5669;Separaciones;68.52691;A
2020;2713;5664;Separaciones;68.52691;A
2020;2713;5668;Separaciones;;A
2020;2713;5667;Separaciones;;A
2020;2797;5669;Separaciones;18.33693;A
2020;2797;5664;Separaciones;18.33693;A
2020;2797;5668;Separaciones;;A
2020;2797;5666;Separaciones;;A
2020;2797;5667;Separaciones;;A
2020;2911;5669;Separaciones;35.30201;A
2020;2911;5664;Separaciones;35.30201;A
2020;2911;5668;Separaciones;;A
2020;2911;5666;Separaciones;;A
2020;2911;5667;Separaciones;;A
2020;3023;5669;Separaciones;142.65563;A
2020;3023;5664;Separaciones;142.65563;A
2020;3023;5668;Separaciones;;A
2020;3023;5666;Separaciones;;A
2020;3023;5667;Separaciones;;A
2020;3142;5669;Separaciones;125.27595;A
2020;3142;5664;Separaciones;125.27595;A
2020;3142;5668;Separaciones;;A
2020;3142;5666;Separaciones;;A
2020;3142;5667;Separaciones;;A
2019;3143;5669;Separaciones;731.04555;A
2019;3143;5664;Separaciones;731.04555;A
2019;3143;5668;Separaciones;;A
2019;3143;5666;Separaciones;;A
2019;3143;5667;Separaciones;;A
2019;2352;5669;Separaciones;36.5805;A
2019;2352;5664;Separaciones;36.5805;A
2019;2352;5668;Separaciones;;A
2019;2352;5666;Separaciones;;A
2019;2402;5669;Separaciones;117.39034;A
2019;2402;5664;Separaciones;117.39034;A
2019;2402;5668;Separaciones;;A
2019;2402;5666;Separaciones;;A
2019;2402;5667;Separaciones;;A
2019;2482;5669;Separaciones;71.72973;A
2019;2482;5664;Separaciones;71.72973;A
2019;2482;5668;Separaciones;;A
2019;2482;5666;Separaciones;;A
2019;2482;5667;Separaciones;;A
2019;2713;5669;Separaciones;60.09424;A
2019;2713;5664;Separaciones;60.09424;A
2019;2713;5668;Separaciones;;A
2019;2713;5666;Separaciones;;A
2019;2713;5667;Separaciones;;A
2019;2797;5669;Separaciones;28.45104;A
2019;2797;5664;Separaciones;28.45104;A
2019;2797;5668;Separaciones;;A
2019;2797;5666;Separaciones;;A
2019;2911;5669;Separaciones;53.24972;A
2019;2911;5664;Separaciones;53.24972;A
2019;2911;5668;Separaciones;;A
2019;2911;5667;Separaciones;;A
2019;3023;5669;Separaciones;201.02437;A
2019;3023;5664;Separaciones;201.02437;A
2019;3023;5668;Separaciones;;A
2019;3023;5666;Separaciones;;A
2019;3023;5667;Separaciones;;A
2019;3142;5669;Separaciones;162.52561;A
2019;3142;5664;Separaciones;162.52561;A
2019;3142;5668;Separaciones;;A
2019;3142;5666;Separaciones;;A
2019;3142;5667;Separaciones;;A
2018;3143;5669;Separaciones;820.8281;A
2018;3143;5664;Separaciones;814.6892;A
2018;3143;5668;Separaciones;6.1389;A
2018;3143;5666;Separaciones;4.0046;A
2018;3143;5667;Separaciones;2.1343;A
2018;2352;5669;Separaciones;26.8855;A
2018;2352;5664;Separaciones;26.8855;A
2018;2352;5668;Separaciones;;A
2018;2352;5666;Separaciones;;A
2018;2352;5667;Separaciones;;A
2018;2402;5669;Separaciones;131.8558;A
2018;2402;5664;Separaciones;131.8558;A
2018;2402;5668;Separaciones;;A
2018;2402;5666;Separaciones;;A
2018;2402;5667;Separaciones;;A
2018;2482;5669;Separaciones;94.772;A
2018;2482;5664;Separaciones;94.772;A
2018;2482;5668;Separaciones;;A
2018;2482;5666;Separaciones;;A
2018;2482;5667;Separaciones;;A
2018;2713;5669;Separaciones;120.6111;A
2018;2713;5664;Separaciones;120.6111;A
2018;2713;5668;Separaciones;;A
2018;2713;5666;Separaciones;;A
2018;2713;5667;Separaciones;;A
2018;2797;5669;Separaciones;27.635;A
2018;2797;5664;Separaciones;27.635;A
2018;2797;5668;Separaciones;;A
2018;2797;5667;Separaciones;;A
2018;2911;5669;Separaciones;86.754;A
2018;2911;5664;Separaciones;84.2185;A
2018;2911;5668;Separaciones;2.5355;A
2018;2911;5666;Separaciones;2.5355;A
2018;3023;5669;Separaciones;134.7646;A
2018;3023;5664;Separaciones;134.7646;A
2018;3023;5668;Separaciones;;A
2018;3023;5666;Separaciones;;A
2018;3023;5667;Separaciones;;A
2018;3142;5669;Separaciones;197.5501;A
2018;3142;5664;Separaciones;193.9467;A
2018;3142;5668;Separaciones;3.6034;A
2018;3142;5666;Separaciones;1.4691;A
2018;3142;5667;Separaciones;2.1343;A
2017;3143;5669;Separaciones;839.597;A
2017;3143;5664;Separaciones;838.2225;A
2017;3143;5668;Separaciones;1.3745;A
2017;3143;5666;Separaciones;;A
2017;3143;5667;Separaciones;1.3745;A
2017;2352;5669;Separaciones;35.0423;A
2017;2352;5664;Separaciones;35.0423;A
2017;2352;5668;Separaciones;;A
2017;2352;5666;Separaciones;;A
2017;2352;5667;Separaciones;;A
2017;2402;5669;Separaciones;163.034;A
2017;2402;5664;Separaciones;163.034;A
2017;2402;5668;Separaciones;;A
2017;2402;5666;Separaciones;;A
2017;2402;5667;Separaciones;;A
2017;2482;5669;Separaciones;92.572;A
2017;2482;5664;Separaciones;92.572;A
2017;2482;5668;Separaciones;;A
2017;2482;5666;Separaciones;;A
2017;2482;5667;Separaciones;;A
2017;2713;5669;Separaciones;91.1584;A
2017;2713;5664;Separaciones;91.1584;A
2017;2713;5668;Separaciones;;A
2017;2713;5666;Separaciones;;A
2017;2713;5667;Separaciones;;A
2017;2797;5669;Separaciones;32.839;A
2017;2797;5664;Separaciones;32.839;A
2017;2797;5668;Separaciones;;A
2017;2797;5666;Separaciones;;A
2017;2797;5667;Separaciones;;A
2017;2911;5669;Separaciones;76.0582;A
2017;2911;5664;Separaciones;76.0582;A
2017;3023;5669;Separaciones;159.5805;A
2017;3023;5664;Separaciones;159.5805;A
2017;3023;5668;Separaciones;;A
2017;3023;5666;Separaciones;;A
2017;3023;5667;Separaciones;;A
2017;3142;5669;Separaciones;189.3126;A
2017;3142;5664;Separaciones;187.9381;A
2017;3142;5668;Separaciones;1.3745;A
2017;3142;5666;Separaciones;;A
2017;3142;5667;Separaciones;1.3745;A
2016;3143;5669;Separaciones;902.9587;A
2016;3143;5664;Separaciones;898.2299;A
2016;3143;5668;Separaciones;4.7288;A
2016;3143;5666;Separaciones;3.0;A
2016;3143;5667;Separaciones;1.7288;A
2016;2352;5669;Separaciones;42.5671;A
2016;2352;5664;Separaciones;42.5671;A
2016;2352;5668;Separaciones;;A
2016;2352;5666;Separaciones;;A
2016;2352;5667;Separaciones;;A
2016;2402;5669;Separaciones;139.4344;A
2016;2402;5664;Separaciones;138.4344;A
2016;2402;5668;Separaciones;1.0;A
2016;2402;5666;Separaciones;1.0;A
2016;2402;5667;Separaciones;;A
2016;2482;5669;Separaciones;115.2214;A
2016;2482;5664;Separaciones;115.2214;A
2016;2482;5668;Separaciones;;A
2016;2482;5666;Separaciones;;A
2016;2482;5667;Separaciones;;A
2016;2713;5669;Separaciones;106.728;A
2016;2713;5664;Separaciones;104.9992;A
2016;2713;5668;Separaciones;1.7288;A
2016;2713;5666;Separaciones;;A
2016;2713;5667;Separaciones;1.7288;A
2016;2797;5669;Separaciones;50.6884;A
2016;2797;5664;Separaciones;49.6884;A
2016;2797;5668;Separaciones;1.0;A
2016;2797;5666;Separaciones;1.0;A
2016;2797;5667;Separaciones;;A
2016;2911;5669;Separaciones;72.7504;A
2016;2911;5664;Separaciones;72.7504;A
2016;2911;5668;Separaciones;;A
2016;2911;5666;Separaciones;;A
2016;2911;5667;Separaciones;;A
2016;3023;5669;Separaciones;172.0624;A
2016;3023;5664;Separaciones;171.0624;A
2016;3023;5668;Separaciones;1.0;A
2016;3023;5666;Separaciones;1.0;A
2016;3023;5667;Separaciones;;A
2016;3142;5669;Separaciones;203.5066;A
2016;3142;5664;Separaciones;203.5066;A
2016;3142;5668;Separaciones;;A
2016;3142;5666;Separaciones;;A
2016;3142;5667;Separaciones;;A
2015;3143;5669;Separaciones;899.1127;A
2015;3143;5664;Separaciones;897.3937;A
2015;3143;5668;Separaciones;1.719;A
2015;3143;5666;Separaciones;1.719;A
2015;3143;5667;Separaciones;;A
2015;2352;5669;Separaciones;56.0604;A
2015;2352;5664;Separaciones;56.0604;A
2015;2352;5668;Separaciones;;A
2015;2352;5666;Separaciones;;A
2015;2352;5667;Separaciones;;A
2015;2402;5669;Separaciones;133.4995;A
2015;2402;5664;Separaciones;133.4995;A
2015;2402;5668;Separaciones;;A
2015;2402;5666;Separaciones;;A
2015;2402;5667;Separaciones;;A
2015;2482;5669;Separaciones;117.3954;A
2015;2482;5664;Separaciones;117.3954;A
2015;2482;5668;Separaciones;;A
2015;2482;5666;Separaciones;;A
2015;2482;5667;Separaciones;;A
2015;2713;5669;Separaciones;108.1972;A
2015;2713;5664;Separaciones;106.4782;A
2015;2713;5668;Separaciones;1.719;A
2015;2713;5666;Separaciones;1.719;A
2015;2713;5667;Separaciones;;A
2015;2797;5669;Separaciones;40.5241;A
2015;2797;5664;Separaciones;40.5241;A
2015;2797;5668;Separaciones;;A
2015;2797;5666;Separaciones;;A
2015;2797;5667;Separaciones;;A
2015;2911;5669;Separaciones;81.3217;A
2015;2911;5664;Separaciones;81.3217;A
2015;2911;5668;Separaciones;;A
2015;2911;5666;Separaciones;;A
2015;2911;5667;Separaciones;;A
2015;3023;5669;Separaciones;173.1336;A
2015;3023;5664;Separaciones;173.1336;A
2015;3023;5668;Separaciones;;A
2015;3023;5666;Separaciones;;A
2015;3023;5667;Separaciones;;A
2015;3142;5669;Separaciones;188.9808;A
2015;3142;5664;Separaciones;188.9808;A
2015;3142;5668;Separaciones;;A
2015;3142;5666;Separaciones;;A
2015;3142;5667;Separaciones;;A
2014;3143;5669;Separaciones;1033.68097;A
2014;3143;5664;Separaciones;1032.17814;A
2014;3143;5668;Separaciones;1.50283;A
2014;3143;5666;Separaciones;1.50283;A
2014;3143;5667;Separaciones;;A
2014;2352;5669;Separaciones;57.933;A
2014;2352;5664;Separaciones;57.933;A
2014;2352;5668;Separaciones;;A
2014;2352;5666;Separaciones;;A
2014;2352;5667;Separaciones;;A
2014;2402;5669;Separaciones;162.30564;A
2014;2402;5664;Separaciones;160.80281;A
2014;2402;5668;Separaciones;1.50283;A
2014;2402;5666;Separaciones;1.50283;A
2014;2402;5667;Separaciones;;A
2014;2482;5669;Separaciones;113.25196;A
2014;2482;5664;Separaciones;113.25196;A
2014;2482;5668;Separaciones;;A
2014;2482;5666;Separaciones;;A
2014;2482;5667;Separaciones;;A
2014;2713;5669;Separaciones;138.23355;A
2014;2713;5664;Separaciones;138.23355;A
2014;2713;5668;Separaciones;;A
2014;2713;5666;Separaciones;;A
2014;2713;5667;Separaciones;;A
2014;2797;5669;Separaciones;57.99901;A
2014;2797;5664;Separaciones;57.99901;A
2014;2797;5668;Separaciones;;A
2014;2797;5666;Separaciones;;A
2014;2797;5667;Separaciones;;A
2014;2911;5669;Separaciones;74.8578;A
2014;2911;5664;Separaciones;74.8578;A
2014;2911;5668;Separaciones;;A
2014;2911;5667;Separaciones;;A
2014;3023;5669;Separaciones;207.69645;A
2014;3023;5664;Separaciones;207.69645;A
2014;3023;5668;Separaciones;;A
2014;3023;5666;Separaciones;;A
2014;3023;5667;Separaciones;;A
2014;3142;5669;Separaciones;221.40356;A
2014;3142;5664;Separaciones;221.40356;A
2014;3142;5668;Separaciones;;A
2014;3142;5666;Separaciones;;A
2014;3142;5667;Separaciones;;A
2013;3143;5669;Separaciones;974.08657;A
2013;3143;5664;Separaciones;972.75807;A
2013;3143;5668;Separaciones;1.3285;A
2013;3143;5666;Separaciones;;A
2013;3143;5667;Separaciones;1.3285;A
2013;2352;5669;Separaciones;64.0302;A
2013;2352;5664;Separaciones;64.0302;A
2013;2352;5668;Separaciones;;A
2013;2352;5666;Separaciones;;A
2013;2352;5667;Separaciones;;A
2013;2402;5669;Separaciones;161.1555;A
2013;2402;5664;Separaciones;161.1555;A
2013;2402;5668;Separaciones;;A
2013;2402;5666;Separaciones;;A
2013;2402;5667;Separaciones;;A
2013;2482;5669;Separaciones;97.66512;A
2013;2482;5664;Separaciones;97.66512;A
2013;2482;5668;Separaciones;;A
2013;2482;5666;Separaciones;;A
2013;2482;5667;Separaciones;;A
2013;2713;5669;Separaciones;103.65564;A
2013;2713;5664;Separaciones;103.65564;A
2013;2713;5668;Separaciones;;A
2013;2713;5666;Separaciones;;A
2013;2713;5667;Separaciones;;A
2013;2797;5669;Separaciones;66.06842;A
2013;2797;5664;Separaciones;66.06842;A
2013;2797;5668;Separaciones;;A
2013;2797;5666;Separaciones;;A
2013;2797;5667;Separaciones;;A
2013;2911;5669;Separaciones;88.90119;A
2013;2911;5664;Separaciones;88.90119;A
2013;2911;5668;Separaciones;;A
2013;2911;5666;Separaciones;;A
2013;3023;5669;Separaciones;186.693;A
2013;3023;5664;Separaciones;186.693;A
2013;3023;5668;Separaciones;;A
2013;3023;5666;Separaciones;;A
2013;3023;5667;Separaciones;;A
2013;3142;5669;Separaciones;205.9175;A
2013;3142;5664;Separaciones;204.589;A
2013;3142;5668;Separaciones;1.3285;A
2013;3142;5666;Separaciones;;A
2013;3142;5667;Separaciones;1.3285;A
2012;3143;5669;Separaciones;1325.99833;A
2012;3143;5664;Separaciones;1324.99833;A
2012;3143;5668;Separaciones;1.0;A
2012;3143;5666;Separaciones;;A
2012;3143;5667;Separaciones;1.0;A
2012;2352;5669;Separaciones;81.0995;A
2012;2352;5664;Separaciones;81.0995;A
2012;2352;5668;Separaciones;;A
2012;2352;5666;Separaciones;;A
2012;2352;5667;Separaciones;;A
2012;2402;5669;Separaciones;217.75166;A
2012;2402;5664;Separaciones;217.75166;A
2012;2402;5668;Separaciones;;A
2012;2402;5666;Separaciones;;A
2012;2482;5669;Separaciones;108.2448;A
2012;2482;5664;Separaciones;108.2448;A
2012;2482;5668;Separaciones;;A
2012;2482;5666;Separaciones;;A
2012;2713;5669;Separaciones;139.01817;A
2012;2713;5664;Separaciones;139.01817;A
2012;2713;5668;Separaciones;;A
2012;2713;5666;Separaciones;;A
2012;2713;5667;Separaciones;;A
2012;2797;5669;Separaciones;60.6245;A
2012;2797;5664;Separaciones;60.6245;A
2012;2911;5669;Separaciones;141.41699;A
2012;2911;5664;Separaciones;141.41699;A
2012;2911;5668;Separaciones;;A
2012;2911;5666;Separaciones;;A
2012;3023;5669;Separaciones;271.91439;A
2012;3023;5664;Separaciones;271.91439;A
2012;3023;5668;Separaciones;;A
2012;3023;5666;Separaciones;;A
2012;3023;5667;Separaciones;;A
2012;3142;5669;Separaciones;305.92832;A
2012;3142;5664;Separaciones;304.92832;A
2012;3142;5668;Separaciones;1.0;A
2012;3142;5666;Separaciones;;A
2012;3142;5667;Separaciones;1.0;A
2011;3143;5669;Separaciones;1399.03667512;A
2011;3143;5664;Separaciones;1399.03667512;A
2011;3143;5668;Separaciones;;A
2011;3143;5666;Separaciones;;A
2011;3143;5667;Separaciones;;A
2011;2352;5669;Separaciones;85.45557379;A
2011;2352;5664;Separaciones;85.45557379;A
2011;2402;5669;Separaciones;246.54489022;A
2011;2402;5664;Separaciones;246.54489022;A
2011;2402;5668;Separaciones;;A
2011;2402;5666;Separaciones;;A
2011;2402;5667;Separaciones;;A
2011;2482;5669;Separaciones;180.74680224;A
2011;2482;5664;Separaciones;180.74680224;A
2011;2482;5668;Separaciones;;A
2011;2482;5666;Separaciones;;A
2011;2482;5667;Separaciones;;A
2011;2713;5669;Separaciones;166.89356225;A
2011;2713;5664;Separaciones;166.89356225;A
2011;2713;5668;Separaciones;;A
2011;2713;5666;Separaciones;;A
2011;2797;5669;Separaciones;59.07766582;A
2011;2797;5664;Separaciones;59.07766582;A
2011;2797;5668;Separaciones;;A
2011;2797;5666;Separaciones;;A
2011;2797;5667;Separaciones;;A
2011;2911;5669;Separaciones;112.55728429;A
2011;2911;5664;Separaciones;112.55728429;A
2011;2911;5668;Separaciones;;A
2011;2911;5666;Separaciones;;A
2011;2911;5667;Separaciones;;A
2011;3023;5669;Separaciones;242.68781176;A
2011;3023;5664;Separaciones;242.68781176;A
2011;3023;5668;Separaciones;;A
2011;3023;5666;Separaciones;;A
2011;3023;5667;Separaciones;;A
2011;3142;5669;Separaciones;305.07308475;A
2011;3142;5664;Separaciones;305.07308475;A
2011;3142;5668;Separaciones;;A
2011;3142;5666;Separaciones;;A
2011;3142;5667;Separaciones;;A
2010;3143;5669;Separaciones;1530.47424568;A
2010;3143;5664;Separaciones;1530.47424568;A
2010;3143;5668;Separaciones;;A
2010;3143;5666;Separaciones;;A
2010;3143;5667;Separaciones;;A
2010;2352;5669;Separaciones;67.26164627;A
2010;2352;5664;Separaciones;67.26164627;A
2010;2352;5668;Separaciones;;A
2010;2352;5666;Separaciones;;A
2010;2352;5667;Separaciones;;A
2010;2402;5669;Separaciones;276.67635717;A
2010;2402;5664;Separaciones;276.67635717;A
2010;2402;5668;Separaciones;;A
2010;2402;5666;Separaciones;;A
2010;2402;5667;Separaciones;;A
2010;2482;5669;Separaciones;201.9348937;A
2010;2482;5664;Separaciones;201.9348937;A
2010;2482;5668;Separaciones;;A
2010;2482;5666;Separaciones;;A
2010;2482;5667;Separaciones;;A
2010;2713;5669;Separaciones;185.5777762;A
2010;2713;5664;Separaciones;185.5777762;A
2010;2797;5669;Separaciones;67.9660588;A
2010;2797;5664;Separaciones;67.9660588;A
2010;2797;5668;Separaciones;;A
2010;2797;5666;Separaciones;;A
2010;2911;5669;Separaciones;120.14646873;A
2010;2911;5664;Separaciones;120.14646873;A
2010;2911;5668;Separaciones;;A
2010;2911;5667;Separaciones;;A
2010;3023;5669;Separaciones;269.07493748;A
2010;3023;5664;Separaciones;269.07493748;A
2010;3023;5668;Separaciones;;A
2010;3023;5666;Separaciones;;A
2010;3023;5667;Separaciones;;A
2010;3142;5669;Separaciones;341.83610733;A
2010;3142;5664;Separaciones;341.83610733;A
2010;3142;5668;Separaciones;;A
2010;3142;5666;Separaciones;;A
2010;3142;5667;Separaciones;;A
2009;3143;5669;Separaciones;1592.640000016;A
2009;3143;5664;Separaciones;1590.640000016;A
2009;3143;5668;Separaciones;2.0;A
2009;3143;5666;Separaciones;2.0;A
2009;3143;5667;Separaciones;;A
2009;2352;5669;Separaciones;82.4700000021;A
2009;2352;5664;Separaciones;82.4700000021;A
2009;2402;5669;Separaciones;275.3500000001;A
2009;2402;5664;Separaciones;275.3500000001;A
2009;2402;5668;Separaciones;;A
2009;2402;5666;Separaciones;;A
2009;2402;5667;Separaciones;;A
2009;2482;5669;Separaciones;191.580000002;A
2009;2482;5664;Separaciones;191.580000002;A
2009;2713;5669;Separaciones;187.1600000002;A
2009;2713;5664;Separaciones;187.1600000002;A
2009;2797;5669;Separaciones;80.0000000014;A
2009;2797;5664;Separaciones;80.0000000014;A
2009;2911;5669;Separaciones;140.120000003;A
2009;2911;5664;Separaciones;140.120000003;A
2009;2911;5668;Separaciones;;A
2009;2911;5666;Separaciones;;A
2009;3023;5669;Separaciones;262.8999999998;A
2009;3023;5664;Separaciones;261.8999999998;A
2009;3023;5668;Separaciones;1.0;A
2009;3023;5666;Separaciones;1.0;A
2009;3023;5667;Separaciones;;A
2009;3142;5669;Separaciones;373.0600000074;A
2009;3142;5664;Separaciones;372.0600000074;A
2009;3142;5668;Separaciones;1.0;A
2009;3142;5666;Separaciones;1.0;A
2009;3142;5667;Separaciones;;A
2008;3143;5669;Separaciones;1692.7371674121;A
2008;3143;5664;Separaciones;1692.7371674121;A
2008;3143;5668;Separaciones;;A
2008;3143;5666;Separaciones;;A
2008;3143;5667;Separaciones;;A
2008;2352;5669;Separaciones;96.2877203913;A
2008;2352;5664;Separaciones;96.2877203913;A
2008;2402;5669;Separaciones;285.8106521385;A
2008;2402;5664;Separaciones;285.8106521385;A
2008;2402;5668;Separaciones;;A
2008;2402;5666;Separaciones;;A
2008;2402;5667;Separaciones;;A
2008;2482;5669;Separaciones;227.038028358;A
2008;2482;5664;Separaciones;227.038028358;A
2008;2713;5669;Separaciones;182.40095509;A
2008;2713;5664;Separaciones;182.40095509;A
2008;2797;5669;Separaciones;100.3696713296;A
2008;2797;5664;Separaciones;100.3696713296;A
2008;2911;5669;Separaciones;135.4196187528;A
2008;2911;5664;Separaciones;135.4196187528;A
2008;2911;5668;Separaciones;;A
2008;2911;5667;Separaciones;;A
2008;3023;5669;Separaciones;266.3862143614;A
2008;3023;5664;Separaciones;266.3862143614;A
2008;3023;5668;Separaciones;;A
2008;3023;5666;Separaciones;;A
2008;3023;5667;Separaciones;;A
2008;3142;5669;Separaciones;399.0243069905;A
2008;3142;5664;Separaciones;399.0243069905;A
2007;3143;5669;Separaciones;2252.190000142;A
2007;3143;5664;Separaciones;2252.190000142;A
2007;3143;5668;Separaciones;;A
2007;3143;5666;Separaciones;;A
2007;3143;5667;Separaciones;;A
2007;2352;5669;Separaciones;121.410000006;A
2007;2352;5664;Separaciones;121.410000006;A
2007;2402;5669;Separaciones;345.03999999;A
2007;2402;5664;Separaciones;345.03999999;A
2007;2402;5668;Separaciones;;A
2007;2402;5666;Separaciones;;A
2007;2482;5669;Separaciones;269.900000005;A
2007;2482;5664;Separaciones;269.900000005;A
2007;2713;5669;Separaciones;229.899999993;A
2007;2713;5664;Separaciones;229.899999993;A
2007;2797;5669;Separaciones;120.089999991;A
2007;2797;5664;Separaciones;120.089999991;A
2007;2911;5669;Separaciones;213.10999998;A
2007;2911;5664;Separaciones;213.10999998;A
2007;3023;5669;Separaciones;424.9200001;A
2007;3023;5664;Separaciones;424.9200001;A
2007;3023;5668;Separaciones;;A
2007;3023;5666;Separaciones;;A
2007;3023;5667;Separaciones;;A
2007;3142;5669;Separaciones;527.820000077;A
2007;3142;5664;Separaciones;527.820000077;A
2007;3142;5668;Separaciones;;A
2007;3142;5666;Separaciones;;A
2006;3143;5669;Separaciones;4085.709783;A
2006;3143;5664;Separaciones;4085.709783;A
2006;2352;5669;Separaciones;267.840027;A
2006;2352;5664;Separaciones;267.840027;A
2006;2402;5669;Separaciones;640.770013;A
2006;2402;5664;Separaciones;640.770013;A
2006;2482;5669;Separaciones;451.979978;A
2006;2482;5664;Separaciones;451.979978;A
2006;2713;5669;Separaciones;537.299946;A
2006;2713;5664;Separaciones;537.299946;A
2006;2797;5669;Separaciones;286.899984;A
2006;2797;5664;Separaciones;286.899984;A
2006;2911;5669;Separaciones;326.429937;A
2006;2911;5664;Separaciones;326.429937;A
2006;3023;5669;Separaciones;657.509904;A
2006;3023;5664;Separaciones;657.509904;A
2006;3142;5669;Separaciones;916.979994;A
2006;3142;5664;Separaciones;916.979994;A
2005;3143;5669;Separaciones;11613.00000646;A
2005;3143;5664;Separaciones;11613.00000646;A
2005;2352;5669;Separaciones;808.99999851;A
2005;2352;5664;Separaciones;808.99999851;A
2005;2402;5669;Separaciones;1853.00000467;A
2005;2402;5664;Separaciones;1853.00000467;A
2005;2482;5669;Separaciones;1087.99999705;A
2005;2482;5664;Separaciones;1087.99999705;A
2005;2713;5669;Separaciones;1255.99999686;A
2005;2713;5664;Separaciones;1255.99999686;A
2005;2797;5669;Separaciones;779.00000184;A
2005;2797;5664;Separaciones;779.00000184;A
2005;2911;5669;Separaciones;816.99999969;A
2005;2911;5664;Separaciones;816.99999969;A
2005;3023;5669;Separaciones;2263.00000248;A
2005;3023;5664;Separaciones;2263.00000248;A
2005;3142;5669;Separaciones;2748.00000536;A
2005;3142;5664;Separaciones;2748.00000536;A
2004;3143;5669;Separaciones;14276.001079;A
2004;3143;5664;Separaciones;14276.001079;A
2004;2352;5669;Separaciones;1112.00024;A
2004;2352;5664;Separaciones;1112.00024;A
2004;2402;5669;Separaciones;2093.000459;A
2004;2402;5664;Separaciones;2093.000459;A
2004;2482;5669;Separaciones;1267.00032;A
2004;2482;5664;Separaciones;1267.00032;A
2004;2713;5669;Separaciones;1612.9995;A
2004;2713;5664;Separaciones;1612.9995;A
2004;2797;5669;Separaciones;935.999804;A
2004;2797;5664;Separaciones;935.999804;A
2004;2911;5669;Separaciones;895.000176;A
2004;2911;5664;Separaciones;895.000176;A
2004;3023;5669;Separaciones;2906.000692;A
2004;3023;5664;Separaciones;2906.000692;A
2004;3142;5669;Separaciones;3453.999888;A
2004;3142;5664;Separaciones;3453.999888;A
2003;3143;5669;Separaciones;12967.001106;A
2003;3143;5664;Separaciones;12967.001106;A
2003;2352;5669;Separaciones;910.999995;A
2003;2352;5664;Separaciones;910.999995;A
2003;2402;5669;Separaciones;1905.00024;A
2003;2402;5664;Separaciones;1905.00024;A
2003;2482;5669;Separaciones;1177.00044;A
2003;2482;5664;Separaciones;1177.00044;A
2003;2713;5669;Separaciones;1573.999476;A
2003;2713;5664;Separaciones;1573.999476;A
2003;2797;5669;Separaciones;761.00001;A
2003;2797;5664;Separaciones;761.00001;A
2003;2911;5669;Separaciones;810.000224;A
2003;2911;5664;Separaciones;810.000224;A
2003;3023;5669;Separaciones;2759.000618;A
2003;3023;5664;Separaciones;2759.000618;A
2003;3142;5669;Separaciones;3070.000103;A
2003;3142;5664;Separaciones;3070.000103;A
2002;3143;5669;Separaciones;12611.000178;A
2002;3143;5664;Separaciones;12611.000178;A
2002;2352;5669;Separaciones;1013.99996;A
2002;2352;5664;Separaciones;1013.99996;A
2002;2402;5669;Separaciones;1800.000576;A
2002;2402;5664;Separaciones;1800.000576;A
2002;2482;5669;Separaciones;1117.999998;A
2002;2482;5664;Separaciones;1117.999998;A
2002;2713;5669;Separaciones;1362.000035;A
2002;2713;5664;Separaciones;1362.000035;A
2002;2797;5669;Separaciones;693.999885;A
2002;2797;5664;Separaciones;693.999885;A
2002;2911;5669;Separaciones;793.999797;A
2002;2911;5664;Separaciones;793.999797;A
2002;3023;5669;Separaciones;2621.999218;A
2002;3023;5664;Separaciones;2621.999218;A
2002;3142;5669;Separaciones;3207.000709;A
2002;3142;5664;Separaciones;3207.000709;A
2001;3143;5669;Separaciones;10770.998593;A
2001;3143;5664;Separaciones;10770.998593;A
2001;2352;5669;Separaciones;733.999794;A
2001;2352;5664;Separaciones;733.999794;A
2001;2402;5669;Separaciones;1631.99998;A
2001;2402;5664;Separaciones;1631.99998;A
2001;2482;5669;Separaciones;1051.99975;A
2001;2482;5664;Separaciones;1051.99975;A
2001;2713;5669;Separaciones;1143.999663;A
2001;2713;5664;Separaciones;1143.999663;A
2001;2797;5669;Separaciones;718.99982;A
2001;2797;5664;Separaciones;718.99982;A
2001;2911;5669;Separaciones;708.0;A
2001;2911;5664;Separaciones;708.0;A
2001;3023;5669;Separaciones;2181.999582;A
2001;3023;5664;Separaciones;2181.999582;A
2001;3142;5669;Separaciones;2600.000004;A
2001;3142;5664;Separaciones;2600.000004;A
2000;3143;5669;Separaciones;10759.000045;A
2000;3143;5664;Separaciones;10759.000045;A
2000;2352;5669;Separaciones;759.000089;A
2000;2352;5664;Separaciones;759.000089;A
2000;2402;5669;Separaciones;1694.00028;A
2000;2402;5664;Separaciones;1694.00028;A
2000;2482;5669;Separaciones;904.999872;A
2000;2482;5664;Separaciones;904.999872;A
2000;2713;5669;Separaciones;1188.000051;A
2000;2713;5664;Separaciones;1188.000051;A
2000;2797;5669;Separaciones;655.000038;A
2000;2797;5664;Separaciones;655.000038;A
2000;2911;5669;Separaciones;667.000116;A
2000;2911;5664;Separaciones;667.000116;A
2000;3023;5669;Separaciones;2343.999334;A
2000;3023;5664;Separaciones;2343.999334;A
2000;3142;5669;Separaciones;2547.000265;A
2000;3142;5664;Separaciones;2547.000265;A
1999;3143;5669;Separaciones;9376.389167;A
1999;3143;5664;Separaciones;9376.389167;A
1999;2352;5669;Separaciones;638.000217;A
1999;2352;5664;Separaciones;638.000217;A
1999;2402;5669;Separaciones;1402.999689;A
1999;2402;5664;Separaciones;1402.999689;A
1999;2482;5669;Separaciones;865.999735;A
1999;2482;5664;Separaciones;865.999735;A
1999;2713;5669;Separaciones;1033.000086;A
1999;2713;5664;Separaciones;1033.000086;A
1999;2797;5669;Separaciones;549.999954;A
1999;2797;5664;Separaciones;549.999954;A
1999;2911;5669;Separaciones;601.0002;A
1999;2911;5664;Separaciones;601.0002;A
1999;3023;5669;Separaciones;2020.999806;A
1999;3023;5664;Separaciones;2020.999806;A
1999;3142;5669;Separaciones;2264.38948;A
1999;3142;5664;Separaciones;2264.38948;A
1998;3143;5669;Separaciones;9329.556592;A
1998;3143;5664;Separaciones;9329.556592;A
1998;2352;5669;Separaciones;673.999758;A
1998;2352;5664;Separaciones;673.999758;A
1998;2402;5669;Separaciones;1387.9998;A
1998;2402;5664;Separaciones;1387.9998;A
1998;2482;5669;Separaciones;894.99984;A
1998;2482;5664;Separaciones;894.99984;A
1998;2713;5669;Separaciones;945.99972;A
1998;2713;5664;Separaciones;945.99972;A
1998;2797;5669;Separaciones;570.000144;A
1998;2797;5664;Separaciones;570.000144;A
1998;2911;5669;Separaciones;594.000154;A
1998;2911;5664;Separaciones;594.000154;A
1998;3023;5669;Separaciones;1871.99972;A
1998;3023;5664;Separaciones;1871.99972;A
1998;3142;5669;Separaciones;2390.557456;A
1998;3142;5664;Separaciones;2390.557456;A
2020;3143;5669;Nulidades;5.05742;A
2020;3143;5664;Nulidades;5.05742;A
2020;3143;5668;Nulidades;;A
2020;3143;5666;Nulidades;;A
2020;3143;5667;Nulidades;;A
2020;2352;5669;Nulidades;2.13486;A
2020;2352;5664;Nulidades;2.13486;A
2020;2352;5668;Nulidades;;A
2020;2352;5666;Nulidades;;A
2020;2352;5667;Nulidades;;A
2020;2402;5669;Nulidades;;A
2020;2402;5664;Nulidades;;A
2020;2402;5668;Nulidades;;A
2020;2402;5666;Nulidades;;A
2020;2402;5667;Nulidades;;A
2020;2482;5669;Nulidades;;A
2020;2482;5664;Nulidades;;A
2020;2482;5668;Nulidades;;A
2020;2482;5666;Nulidades;;A
2020;2482;5667;Nulidades;;A
2020;2713;5669;Nulidades;;A
2020;2713;5664;Nulidades;;A
2020;2713;5668;Nulidades;;A
2020;2713;5667;Nulidades;;A
2020;2797;5669;Nulidades;;A
2020;2797;5664;Nulidades;;A
2020;2797;5668;Nulidades;;A
2020;2797;5666;Nulidades;;A
2020;2797;5667;Nulidades;;A
2020;2911;5669;Nulidades;2.92256;A
2020;2911;5664;Nulidades;2.92256;A
2020;2911;5668;Nulidades;;A
2020;2911;5666;Nulidades;;A
2020;2911;5667;Nulidades;;A
2020;3023;5669;Nulidades;;A
2020;3023;5664;Nulidades;;A
2020;3023;5668;Nulidades;;A
2020;3023;5666;Nulidades;;A
2020;3023;5667;Nulidades;;A
2020;3142;5669;Nulidades;;A
2020;3142;5664;Nulidades;;A
2020;3142;5668;Nulidades;;A
2020;3142;5666;Nulidades;;A
2020;3142;5667;Nulidades;;A
2019;3143;5669;Nulidades;13.00912;A
2019;3143;5664;Nulidades;13.00912;A
2019;3143;5668;Nulidades;;A
2019;3143;5666;Nulidades;;A
2019;3143;5667;Nulidades;;A
2019;2352;5669;Nulidades;;A
2019;2352;5664;Nulidades;;A
2019;2352;5668;Nulidades;;A
2019;2352;5666;Nulidades;;A
2019;2402;5669;Nulidades;6.54042;A
2019;2402;5664;Nulidades;6.54042;A
2019;2402;5668;Nulidades;;A
2019;2402;5666;Nulidades;;A
2019;2402;5667;Nulidades;;A
2019;2482;5669;Nulidades;;A
2019;2482;5664;Nulidades;;A
2019;2482;5668;Nulidades;;A
2019;2482;5666;Nulidades;;A
2019;2482;5667;Nulidades;;A
2019;2713;5669;Nulidades;2.39728;A
2019;2713;5664;Nulidades;2.39728;A
2019;2713;5668;Nulidades;;A
2019;2713;5666;Nulidades;;A
2019;2713;5667;Nulidades;;A
2019;2797;5669;Nulidades;;A
2019;2797;5664;Nulidades;;A
2019;2797;5668;Nulidades;;A
2019;2797;5666;Nulidades;;A
2019;2911;5669;Nulidades;;A
2019;2911;5664;Nulidades;;A
2019;2911;5668;Nulidades;;A
2019;2911;5667;Nulidades;;A
2019;3023;5669;Nulidades;2.34554;A
2019;3023;5664;Nulidades;2.34554;A
2019;3023;5668;Nulidades;;A
2019;3023;5666;Nulidades;;A
2019;3023;5667;Nulidades;;A
2019;3142;5669;Nulidades;1.72588;A
2019;3142;5664;Nulidades;1.72588;A
2019;3142;5668;Nulidades;;A
2019;3142;5666;Nulidades;;A
2019;3142;5667;Nulidades;;A
2018;3143;5669;Nulidades;15.9558;A
2018;3143;5664;Nulidades;15.9558;A
2018;3143;5668;Nulidades;;A
2018;3143;5666;Nulidades;;A
2018;3143;5667;Nulidades;;A
2018;2352;5669;Nulidades;1.6277;A
2018;2352;5664;Nulidades;1.6277;A
2018;2352;5668;Nulidades;;A
2018;2352;5666;Nulidades;;A
2018;2352;5667;Nulidades;;A
2018;2402;5669;Nulidades;8.7124;A
2018;2402;5664;Nulidades;8.7124;A
2018;2402;5668;Nulidades;;A
2018;2402;5666;Nulidades;;A
2018;2402;5667;Nulidades;;A
2018;2482;5669;Nulidades;1.312;A
2018;2482;5664;Nulidades;1.312;A
2018;2482;5668;Nulidades;;A
2018;2482;5666;Nulidades;;A
2018;2482;5667;Nulidades;;A
2018;2713;5669;Nulidades;2.3376;A
2018;2713;5664;Nulidades;2.3376;A
2018;2713;5668;Nulidades;;A
2018;2713;5666;Nulidades;;A
2018;2713;5667;Nulidades;;A
2018;2797;5669;Nulidades;;A
2018;2797;5664;Nulidades;;A
2018;2797;5668;Nulidades;;A
2018;2797;5667;Nulidades;;A
2018;2911;5669;Nulidades;;A
2018;2911;5664;Nulidades;;A
2018;2911;5668;Nulidades;;A
2018;2911;5666;Nulidades;;A
2018;3023;5669;Nulidades;1.9661;A
2018;3023;5664;Nulidades;1.9661;A
2018;3023;5668;Nulidades;;A
2018;3023;5666;Nulidades;;A
2018;3023;5667;Nulidades;;A
2018;3142;5669;Nulidades;;A
2018;3142;5664;Nulidades;;A
2018;3142;5668;Nulidades;;A
2018;3142;5666;Nulidades;;A
2018;3142;5667;Nulidades;;A
2017;3143;5669;Nulidades;18.7654;A
2017;3143;5664;Nulidades;18.7654;A
2017;3143;5668;Nulidades;;A
2017;3143;5666;Nulidades;;A
2017;3143;5667;Nulidades;;A
2017;2352;5669;Nulidades;1.5212;A
2017;2352;5664;Nulidades;1.5212;A
2017;2352;5668;Nulidades;;A
2017;2352;5666;Nulidades;;A
2017;2352;5667;Nulidades;;A
2017;2402;5669;Nulidades;;A
2017;2402;5664;Nulidades;;A
2017;2402;5668;Nulidades;;A
2017;2402;5666;Nulidades;;A
2017;2402;5667;Nulidades;;A
2017;2482;5669;Nulidades;1.523;A
2017;2482;5664;Nulidades;1.523;A
2017;2482;5668;Nulidades;;A
2017;2482;5666;Nulidades;;A
2017;2482;5667;Nulidades;;A
2017;2713;5669;Nulidades;4.0304;A
2017;2713;5664;Nulidades;4.0304;A
2017;2713;5668;Nulidades;;A
2017;2713;5666;Nulidades;;A
2017;2713;5667;Nulidades;;A
2017;2797;5669;Nulidades;;A
2017;2797;5664;Nulidades;;A
2017;2797;5668;Nulidades;;A
2017;2797;5666;Nulidades;;A
2017;2797;5667;Nulidades;;A
2017;2911;5669;Nulidades;4.0944;A
2017;2911;5664;Nulidades;4.0944;A
2017;3023;5669;Nulidades;4.8474;A
2017;3023;5664;Nulidades;4.8474;A
2017;3023;5668;Nulidades;;A
2017;3023;5666;Nulidades;;A
2017;3023;5667;Nulidades;;A
2017;3142;5669;Nulidades;2.749;A
2017;3142;5664;Nulidades;2.749;A
2017;3142;5668;Nulidades;;A
2017;3142;5666;Nulidades;;A
2017;3142;5667;Nulidades;;A
2016;3143;5669;Nulidades;13.6103;A
2016;3143;5664;Nulidades;13.6103;A
2016;3143;5668;Nulidades;;A
2016;3143;5666;Nulidades;;A
2016;3143;5667;Nulidades;;A
2016;2352;5669;Nulidades;1.3299;A
2016;2352;5664;Nulidades;1.3299;A
2016;2352;5668;Nulidades;;A
2016;2352;5666;Nulidades;;A
2016;2352;5667;Nulidades;;A
2016;2402;5669;Nulidades;;A
2016;2402;5664;Nulidades;;A
2016;2402;5668;Nulidades;;A
2016;2402;5666;Nulidades;;A
2016;2402;5667;Nulidades;;A
2016;2482;5669;Nulidades;1.3049;A
2016;2482;5664;Nulidades;1.3049;A
2016;2482;5668;Nulidades;;A
2016;2482;5666;Nulidades;;A
2016;2482;5667;Nulidades;;A
2016;2713;5669;Nulidades;1.7288;A
2016;2713;5664;Nulidades;1.7288;A
2016;2713;5668;Nulidades;;A
2016;2713;5666;Nulidades;;A
2016;2713;5667;Nulidades;;A
2016;2797;5669;Nulidades;3.4584;A
2016;2797;5664;Nulidades;3.4584;A
2016;2797;5668;Nulidades;;A
2016;2797;5666;Nulidades;;A
2016;2797;5667;Nulidades;;A
2016;2911;5669;Nulidades;1.4948;A
2016;2911;5664;Nulidades;1.4948;A
2016;2911;5668;Nulidades;;A
2016;2911;5666;Nulidades;;A
2016;2911;5667;Nulidades;;A
2016;3023;5669;Nulidades;3.0012;A
2016;3023;5664;Nulidades;3.0012;A
2016;3023;5668;Nulidades;;A
2016;3023;5666;Nulidades;;A
2016;3023;5667;Nulidades;;A
2016;3142;5669;Nulidades;1.2923;A
2016;3142;5664;Nulidades;1.2923;A
2016;3142;5668;Nulidades;;A
2016;3142;5666;Nulidades;;A
2016;3142;5667;Nulidades;;A
2015;3143;5669;Nulidades;29.5612;A
2015;3143;5664;Nulidades;29.5612;A
2015;3143;5668;Nulidades;;A
2015;3143;5666;Nulidades;;A
2015;3143;5667;Nulidades;;A
2015;2352;5669;Nulidades;3.1572;A
2015;2352;5664;Nulidades;3.1572;A
2015;2352;5668;Nulidades;;A
2015;2352;5666;Nulidades;;A
2015;2352;5667;Nulidades;;A
2015;2402;5669;Nulidades;4.7814;A
2015;2402;5664;Nulidades;4.7814;A
2015;2402;5668;Nulidades;;A
2015;2402;5666;Nulidades;;A
2015;2402;5667;Nulidades;;A
2015;2482;5669;Nulidades;;A
2015;2482;5664;Nulidades;;A
2015;2482;5668;Nulidades;;A
2015;2482;5666;Nulidades;;A
2015;2482;5667;Nulidades;;A
2015;2713;5669;Nulidades;3.438;A
2015;2713;5664;Nulidades;3.438;A
2015;2713;5668;Nulidades;;A
2015;2713;5666;Nulidades;;A
2015;2713;5667;Nulidades;;A
2015;2797;5669;Nulidades;2.9718;A
2015;2797;5664;Nulidades;2.9718;A
2015;2797;5668;Nulidades;;A
2015;2797;5666;Nulidades;;A
2015;2797;5667;Nulidades;;A
2015;2911;5669;Nulidades;;A
2015;2911;5664;Nulidades;;A
2015;2911;5668;Nulidades;;A
2015;2911;5666;Nulidades;;A
2015;2911;5667;Nulidades;;A
2015;3023;5669;Nulidades;8.4138;A
2015;3023;5664;Nulidades;8.4138;A
2015;3023;5668;Nulidades;;A
2015;3023;5666;Nulidades;;A
2015;3023;5667;Nulidades;;A
2015;3142;5669;Nulidades;6.799;A
2015;3142;5664;Nulidades;6.799;A
2015;3142;5668;Nulidades;;A
2015;3142;5666;Nulidades;;A
2015;3142;5667;Nulidades;;A
2014;3143;5669;Nulidades;38.00724;A
2014;3143;5664;Nulidades;38.00724;A
2014;3143;5668;Nulidades;;A
2014;3143;5666;Nulidades;;A
2014;3143;5667;Nulidades;;A
2014;2352;5669;Nulidades;;A
2014;2352;5664;Nulidades;;A
2014;2352;5668;Nulidades;;A
2014;2352;5666;Nulidades;;A
2014;2352;5667;Nulidades;;A
2014;2402;5669;Nulidades;9.01698;A
2014;2402;5664;Nulidades;9.01698;A
2014;2402;5668;Nulidades;;A
2014;2402;5666;Nulidades;;A
2014;2402;5667;Nulidades;;A
2014;2482;5669;Nulidades;;A
2014;2482;5664;Nulidades;;A
2014;2482;5668;Nulidades;;A
2014;2482;5666;Nulidades;;A
2014;2482;5667;Nulidades;;A
2014;2713;5669;Nulidades;1.51905;A
2014;2713;5664;Nulidades;1.51905;A
2014;2713;5668;Nulidades;;A
2014;2713;5666;Nulidades;;A
2014;2713;5667;Nulidades;;A
2014;2797;5669;Nulidades;2.82922;A
2014;2797;5664;Nulidades;2.82922;A
2014;2797;5668;Nulidades;;A
2014;2797;5666;Nulidades;;A
2014;2797;5667;Nulidades;;A
2014;2911;5669;Nulidades;1.4678;A
2014;2911;5664;Nulidades;1.4678;A
2014;2911;5668;Nulidades;;A
2014;2911;5667;Nulidades;;A
2014;3023;5669;Nulidades;6.4402;A
2014;3023;5664;Nulidades;6.4402;A
2014;3023;5668;Nulidades;;A
2014;3023;5666;Nulidades;;A
2014;3023;5667;Nulidades;;A
2014;3142;5669;Nulidades;16.73399;A
2014;3142;5664;Nulidades;16.73399;A
2014;3142;5668;Nulidades;;A
2014;3142;5666;Nulidades;;A
2014;3142;5667;Nulidades;;A
2013;3143;5669;Nulidades;29.96762;A
2013;3143;5664;Nulidades;28.63912;A
2013;3143;5668;Nulidades;1.3285;A
2013;3143;5666;Nulidades;1.3285;A
2013;3143;5667;Nulidades;;A
2013;2352;5669;Nulidades;;A
2013;2352;5664;Nulidades;;A
2013;2352;5668;Nulidades;;A
2013;2352;5666;Nulidades;;A
2013;2352;5667;Nulidades;;A
2013;2402;5669;Nulidades;2.9301;A
2013;2402;5664;Nulidades;2.9301;A
2013;2402;5668;Nulidades;;A
2013;2402;5666;Nulidades;;A
2013;2402;5667;Nulidades;;A
2013;2482;5669;Nulidades;1.35646;A
2013;2482;5664;Nulidades;1.35646;A
2013;2482;5668;Nulidades;;A
2013;2482;5666;Nulidades;;A
2013;2482;5667;Nulidades;;A
2013;2713;5669;Nulidades;5.45556;A
2013;2713;5664;Nulidades;5.45556;A
2013;2713;5668;Nulidades;;A
2013;2713;5666;Nulidades;;A
2013;2713;5667;Nulidades;;A
2013;2797;5669;Nulidades;1.43627;A
2013;2797;5664;Nulidades;1.43627;A
2013;2797;5668;Nulidades;;A
2013;2797;5666;Nulidades;;A
2013;2797;5667;Nulidades;;A
2013;2911;5669;Nulidades;1.41113;A
2013;2911;5664;Nulidades;1.41113;A
2013;2911;5668;Nulidades;;A
2013;2911;5666;Nulidades;;A
2013;3023;5669;Nulidades;1.4361;A
2013;3023;5664;Nulidades;1.4361;A
2013;3023;5668;Nulidades;;A
2013;3023;5666;Nulidades;;A
2013;3023;5667;Nulidades;;A
2013;3142;5669;Nulidades;15.942;A
2013;3142;5664;Nulidades;14.6135;A
2013;3142;5668;Nulidades;1.3285;A
2013;3142;5666;Nulidades;1.3285;A
2013;3142;5667;Nulidades;;A
2012;3143;5669;Nulidades;24.00002;A
2012;3143;5664;Nulidades;24.00002;A
2012;3143;5668;Nulidades;;A
2012;3143;5666;Nulidades;;A
2012;3143;5667;Nulidades;;A
2012;2352;5669;Nulidades;3.0;A
2012;2352;5664;Nulidades;3.0;A
2012;2352;5668;Nulidades;;A
2012;2352;5666;Nulidades;;A
2012;2352;5667;Nulidades;;A
2012;2402;5669;Nulidades;;A
2012;2402;5664;Nulidades;;A
2012;2402;5668;Nulidades;;A
2012;2402;5666;Nulidades;;A
2012;2482;5669;Nulidades;;A
2012;2482;5664;Nulidades;;A
2012;2482;5668;Nulidades;;A
2012;2482;5666;Nulidades;;A
2012;2713;5669;Nulidades;;A
2012;2713;5664;Nulidades;;A
2012;2713;5668;Nulidades;;A
2012;2713;5666;Nulidades;;A
2012;2713;5667;Nulidades;;A
2012;2797;5669;Nulidades;;A
2012;2797;5664;Nulidades;;A
2012;2911;5669;Nulidades;;A
2012;2911;5664;Nulidades;;A
2012;2911;5668;Nulidades;;A
2012;2911;5666;Nulidades;;A
2012;3023;5669;Nulidades;2.0;A
2012;3023;5664;Nulidades;2.0;A
2012;3023;5668;Nulidades;;A
2012;3023;5666;Nulidades;;A
2012;3023;5667;Nulidades;;A
2012;3142;5669;Nulidades;19.00002;A
2012;3142;5664;Nulidades;19.00002;A
2012;3142;5668;Nulidades;;A
2012;3142;5666;Nulidades;;A
2012;3142;5667;Nulidades;;A
2011;3143;5669;Nulidades;31.0;A
2011;3143;5664;Nulidades;31.0;A
2011;3143;5668;Nulidades;;A
2011;3143;5666;Nulidades;;A
2011;3143;5667;Nulidades;;A
2011;2352;5669;Nulidades;2.0;A
2011;2352;5664;Nulidades;2.0;A
2011;2402;5669;Nulidades;2.0;A
2011;2402;5664;Nulidades;2.0;A
2011;2402;5668;Nulidades;;A
2011;2402;5666;Nulidades;;A
2011;2402;5667;Nulidades;;A
2011;2482;5669;Nulidades;2.0;A
2011;2482;5664;Nulidades;2.0;A
2011;2482;5668;Nulidades;;A
2011;2482;5666;Nulidades;;A
2011;2482;5667;Nulidades;;A
2011;2713;5669;Nulidades;3.0;A
2011;2713;5664;Nulidades;3.0;A
2011;2713;5668;Nulidades;;A
2011;2713;5666;Nulidades;;A
2011;2797;5669;Nulidades;;A
2011;2797;5664;Nulidades;;A
2011;2797;5668;Nulidades;;A
2011;2797;5666;Nulidades;;A
2011;2797;5667;Nulidades;;A
2011;2911;5669;Nulidades;1.0;A
2011;2911;5664;Nulidades;1.0;A
2011;2911;5668;Nulidades;;A
2011;2911;5666;Nulidades;;A
2011;2911;5667;Nulidades;;A
2011;3023;5669;Nulidades;9.0;A
2011;3023;5664;Nulidades;9.0;A
2011;3023;5668;Nulidades;;A
2011;3023;5666;Nulidades;;A
2011;3023;5667;Nulidades;;A
2011;3142;5669;Nulidades;12.0;A
2011;3142;5664;Nulidades;12.0;A
2011;3142;5668;Nulidades;;A
2011;3142;5666;Nulidades;;A
2011;3142;5667;Nulidades;;A
2010;3143;5669;Nulidades;30.0;A
2010;3143;5664;Nulidades;30.0;A
2010;3143;5668;Nulidades;;A
2010;3143;5666;Nulidades;;A
2010;3143;5667;Nulidades;;A
2010;2352;5669;Nulidades;5.0;A
2010;2352;5664;Nulidades;5.0;A
2010;2352;5668;Nulidades;;A
2010;2352;5666;Nulidades;;A
2010;2352;5667;Nulidades;;A
2010;2402;5669;Nulidades;4.0;A
2010;2402;5664;Nulidades;4.0;A
2010;2402;5668;Nulidades;;A
2010;2402;5666;Nulidades;;A
2010;2402;5667;Nulidades;;A
2010;2482;5669;Nulidades;1.0;A
2010;2482;5664;Nulidades;1.0;A
2010;2482;5668;Nulidades;;A
2010;2482;5666;Nulidades;;A
2010;2482;5667;Nulidades;;A
2010;2713;5669;Nulidades;4.0;A
2010;2713;5664;Nulidades;4.0;A
2010;2797;5669;Nulidades;1.0;A
2010;2797;5664;Nulidades;1.0;A
2010;2797;5668;Nulidades;;A
2010;2797;5666;Nulidades;;A
2010;2911;5669;Nulidades;;A
2010;2911;5664;Nulidades;;A
2010;2911;5668;Nulidades;;A
2010;2911;5667;Nulidades;;A
2010;3023;5669;Nulidades;8.0;A
2010;3023;5664;Nulidades;8.0;A
2010;3023;5668;Nulidades;;A
2010;3023;5666;Nulidades;;A
2010;3023;5667;Nulidades;;A
2010;3142;5669;Nulidades;7.0;A
2010;3142;5664;Nulidades;7.0;A
2010;3142;5668;Nulidades;;A
2010;3142;5666;Nulidades;;A
2010;3142;5667;Nulidades;;A
2009;3143;5669;Nulidades;22.800000001;A
2009;3143;5664;Nulidades;22.800000001;A
2009;3143;5668;Nulidades;;A
2009;3143;5666;Nulidades;;A
2009;3143;5667;Nulidades;;A
2009;2352;5669;Nulidades;;A
2009;2352;5664;Nulidades;;A
2009;2402;5669;Nulidades;1.0;A
2009;2402;5664;Nulidades;1.0;A
2009;2402;5668;Nulidades;;A
2009;2402;5666;Nulidades;;A
2009;2402;5667;Nulidades;;A
2009;2482;5669;Nulidades;2.7;A
2009;2482;5664;Nulidades;2.7;A
2009;2713;5669;Nulidades;3.200000001;A
2009;2713;5664;Nulidades;3.200000001;A
2009;2797;5669;Nulidades;1.8;A
2009;2797;5664;Nulidades;1.8;A
2009;2911;5669;Nulidades;2.0;A
2009;2911;5664;Nulidades;2.0;A
2009;2911;5668;Nulidades;;A
2009;2911;5666;Nulidades;;A
2009;3023;5669;Nulidades;4.0;A
2009;3023;5664;Nulidades;4.0;A
2009;3023;5668;Nulidades;;A
2009;3023;5666;Nulidades;;A
2009;3023;5667;Nulidades;;A
2009;3142;5669;Nulidades;8.1;A
2009;3142;5664;Nulidades;8.1;A
2009;3142;5668;Nulidades;;A
2009;3142;5666;Nulidades;;A
2009;3142;5667;Nulidades;;A
2008;3143;5669;Nulidades;20.03268282;A
2008;3143;5664;Nulidades;20.03268282;A
2008;3143;5668;Nulidades;;A
2008;3143;5666;Nulidades;;A
2008;3143;5667;Nulidades;;A
2008;2352;5669;Nulidades;1.82545068;A
2008;2352;5664;Nulidades;1.82545068;A
2008;2402;5669;Nulidades;1.0;A
2008;2402;5664;Nulidades;1.0;A
2008;2402;5668;Nulidades;;A
2008;2402;5666;Nulidades;;A
2008;2402;5667;Nulidades;;A
2008;2482;5669;Nulidades;1.0;A
2008;2482;5664;Nulidades;1.0;A
2008;2713;5669;Nulidades;;A
2008;2713;5664;Nulidades;;A
2008;2797;5669;Nulidades;2.73817602;A
2008;2797;5664;Nulidades;2.73817602;A
2008;2911;5669;Nulidades;;A
2008;2911;5664;Nulidades;;A
2008;2911;5668;Nulidades;;A
2008;2911;5667;Nulidades;;A
2008;3023;5669;Nulidades;3.21090136;A
2008;3023;5664;Nulidades;3.21090136;A
2008;3023;5668;Nulidades;;A
2008;3023;5666;Nulidades;;A
2008;3023;5667;Nulidades;;A
2008;3142;5669;Nulidades;10.25815476;A
2008;3142;5664;Nulidades;10.25815476;A
2007;3143;5669;Nulidades;23.25;A
2007;3143;5664;Nulidades;23.25;A
2007;3143;5668;Nulidades;;A
2007;3143;5666;Nulidades;;A
2007;3143;5667;Nulidades;;A
2007;2352;5669;Nulidades;1.9;A
2007;2352;5664;Nulidades;1.9;A
2007;2402;5669;Nulidades;1.0;A
2007;2402;5664;Nulidades;1.0;A
2007;2402;5668;Nulidades;;A
2007;2402;5666;Nulidades;;A
2007;2482;5669;Nulidades;3.8;A
2007;2482;5664;Nulidades;3.8;A
2007;2713;5669;Nulidades;5.7;A
2007;2713;5664;Nulidades;5.7;A
2007;2797;5669;Nulidades;2.85;A
2007;2797;5664;Nulidades;2.85;A
2007;2911;5669;Nulidades;;A
2007;2911;5664;Nulidades;;A
2007;3023;5669;Nulidades;5.0;A
2007;3023;5664;Nulidades;5.0;A
2007;3023;5668;Nulidades;;A
2007;3023;5666;Nulidades;;A
2007;3023;5667;Nulidades;;A
2007;3142;5669;Nulidades;3.0;A
2007;3142;5664;Nulidades;3.0;A
2007;3142;5668;Nulidades;;A
2007;3142;5666;Nulidades;;A
2006;3143;5669;Nulidades;36.42;A
2006;3143;5664;Nulidades;36.42;A
2006;2352;5669;Nulidades;1.0;A
2006;2352;5664;Nulidades;1.0;A
2006;2402;5669;Nulidades;7.44;A
2006;2402;5664;Nulidades;7.44;A
2006;2482;5669;Nulidades;8.37;A
2006;2482;5664;Nulidades;8.37;A
2006;2713;5669;Nulidades;1.8;A
2006;2713;5664;Nulidades;1.8;A
2006;2797;5669;Nulidades;1.0;A
2006;2797;5664;Nulidades;1.0;A
2006;2911;5669;Nulidades;1.0;A
2006;2911;5664;Nulidades;1.0;A
2006;3023;5669;Nulidades;8.37;A
2006;3023;5664;Nulidades;8.37;A
2006;3142;5669;Nulidades;7.44;A
2006;3142;5664;Nulidades;7.44;A
2005;3143;5669;Nulidades;37.00000001;A
2005;3143;5664;Nulidades;37.00000001;A
2005;2352;5669;Nulidades;7.0;A
2005;2352;5664;Nulidades;7.0;A
2005;2402;5669;Nulidades;3.0;A
2005;2402;5664;Nulidades;3.0;A
2005;2482;5669;Nulidades;3.0;A
2005;2482;5664;Nulidades;3.0;A
2005;2713;5669;Nulidades;1.0;A
2005;2713;5664;Nulidades;1.0;A
2005;2797;5669;Nulidades;1.0;A
2005;2797;5664;Nulidades;1.0;A
2005;2911;5669;Nulidades;1.0;A
2005;2911;5664;Nulidades;1.0;A
2005;3023;5669;Nulidades;13.00000001;A
2005;3023;5664;Nulidades;13.00000001;A
2005;3142;5669;Nulidades;8.0;A
2005;3142;5664;Nulidades;8.0;A
2004;3143;5669;Nulidades;33.000001;A
2004;3143;5664;Nulidades;33.000001;A
2004;2352;5669;Nulidades;1.0;A
2004;2352;5664;Nulidades;1.0;A
2004;2402;5669;Nulidades;6.0;A
2004;2402;5664;Nulidades;6.0;A
2004;2482;5669;Nulidades;2.0;A
2004;2482;5664;Nulidades;2.0;A
2004;2713;5669;Nulidades;4.0;A
2004;2713;5664;Nulidades;4.0;A
2004;2797;5669;Nulidades;;A
2004;2797;5664;Nulidades;;A
2004;2911;5669;Nulidades;2.0;A
2004;2911;5664;Nulidades;2.0;A
2004;3023;5669;Nulidades;7.0;A
2004;3023;5664;Nulidades;7.0;A
2004;3142;5669;Nulidades;11.000001;A
2004;3142;5664;Nulidades;11.000001;A
2003;3143;5669;Nulidades;43.0;A
2003;3143;5664;Nulidades;43.0;A
2003;2352;5669;Nulidades;6.0;A
2003;2352;5664;Nulidades;6.0;A
2003;2402;5669;Nulidades;6.0;A
2003;2402;5664;Nulidades;6.0;A
2003;2482;5669;Nulidades;5.0;A
2003;2482;5664;Nulidades;5.0;A
2003;2713;5669;Nulidades;2.0;A
2003;2713;5664;Nulidades;2.0;A
2003;2797;5669;Nulidades;2.0;A
2003;2797;5664;Nulidades;2.0;A
2003;2911;5669;Nulidades;0.0;A
2003;2911;5664;Nulidades;0.0;A
2003;3023;5669;Nulidades;16.0;A
2003;3023;5664;Nulidades;16.0;A
2003;3142;5669;Nulidades;6.0;A
2003;3142;5664;Nulidades;6.0;A
2002;3143;5669;Nulidades;29.0;A
2002;3143;5664;Nulidades;29.0;A
2002;2352;5669;Nulidades;3.0;A
2002;2352;5664;Nulidades;3.0;A
2002;2402;5669;Nulidades;5.0;A
2002;2402;5664;Nulidades;5.0;A
2002;2482;5669;Nulidades;2.0;A
2002;2482;5664;Nulidades;2.0;A
2002;2713;5669;Nulidades;1.0;A
2002;2713;5664;Nulidades;1.0;A
2002;2797;5669;Nulidades;;A
2002;2797;5664;Nulidades;;A
2002;2911;5669;Nulidades;1.0;A
2002;2911;5664;Nulidades;1.0;A
2002;3023;5669;Nulidades;11.0;A
2002;3023;5664;Nulidades;11.0;A
2002;3142;5669;Nulidades;6.0;A
2002;3142;5664;Nulidades;6.0;A
2001;3143;5669;Nulidades;18.0;A
2001;3143;5664;Nulidades;18.0;A
2001;2352;5669;Nulidades;3.0;A
2001;2352;5664;Nulidades;3.0;A
2001;2402;5669;Nulidades;4.0;A
2001;2402;5664;Nulidades;4.0;A
2001;2482;5669;Nulidades;4.0;A
2001;2482;5664;Nulidades;4.0;A
2001;2713;5669;Nulidades;4.0;A
2001;2713;5664;Nulidades;4.0;A
2001;2797;5669;Nulidades;;A
2001;2797;5664;Nulidades;;A
2001;2911;5669;Nulidades;;A
2001;2911;5664;Nulidades;;A
2001;3023;5669;Nulidades;2.0;A
2001;3023;5664;Nulidades;2.0;A
2001;3142;5669;Nulidades;1.0;A
2001;3142;5664;Nulidades;1.0;A
2000;3143;5669;Nulidades;20.0;A
2000;3143;5664;Nulidades;20.0;A
2000;2352;5669;Nulidades;;A
2000;2352;5664;Nulidades;;A
2000;2402;5669;Nulidades;2.0;A
2000;2402;5664;Nulidades;2.0;A
2000;2482;5669;Nulidades;;A
2000;2482;5664;Nulidades;;A
2000;2713;5669;Nulidades;5.0;A
2000;2713;5664;Nulidades;5.0;A
2000;2797;5669;Nulidades;;A
2000;2797;5664;Nulidades;;A
2000;2911;5669;Nulidades;2.0;A
2000;2911;5664;Nulidades;2.0;A
2000;3023;5669;Nulidades;6.0;A
2000;3023;5664;Nulidades;6.0;A
2000;3142;5669;Nulidades;5.0;A
2000;3142;5664;Nulidades;5.0;A
1999;3143;5669;Nulidades;16.0;A
1999;3143;5664;Nulidades;16.0;A
1999;2352;5669;Nulidades;;A
1999;2352;5664;Nulidades;;A
1999;2402;5669;Nulidades;2.0;A
1999;2402;5664;Nulidades;2.0;A
1999;2482;5669;Nulidades;1.0;A
1999;2482;5664;Nulidades;1.0;A
1999;2713;5669;Nulidades;1.0;A
1999;2713;5664;Nulidades;1.0;A
1999;2797;5669;Nulidades;1.0;A
1999;2797;5664;Nulidades;1.0;A
1999;2911;5669;Nulidades;2.0;A
1999;2911;5664;Nulidades;2.0;A
1999;3023;5669;Nulidades;2.0;A
1999;3023;5664;Nulidades;2.0;A
1999;3142;5669;Nulidades;7.0;A
1999;3142;5664;Nulidades;7.0;A
1998;3143;5669;Nulidades;18.0;A
1998;3143;5664;Nulidades;18.0;A
1998;2352;5669;Nulidades;;A
1998;2352;5664;Nulidades;;A
1998;2402;5669;Nulidades;1.0;A
1998;2402;5664;Nulidades;1.0;A
1998;2482;5669;Nulidades;;A
1998;2482;5664;Nulidades;;A
1998;2713;5669;Nulidades;3.0;A
1998;2713;5664;Nulidades;3.0;A
1998;2797;5669;Nulidades;1.0;A
1998;2797;5664;Nulidades;1.0;A
1998;2911;5669;Nulidades;1.0;A
1998;2911;5664;Nulidades;1.0;A
1998;3023;5669;Nulidades;5.0;A
1998;3023;5664;Nulidades;5.0;A
1998;3142;5669;Nulidades;7.0;A
1998;3142;5664;Nulidades;7.0;A
