OBS_STATUS;PUNTOS_TURISTICOS;TEMPORAL;INDICATOR;OBS_VALUE;FREQ
A;70665;2020;EMPLEO_MEDIO;266.878609096;A
A;70665;2019;EMPLEO_MEDIO;456.9701555;A
A;70665;2018;EMPLEO_MEDIO;491.976393043;A
A;70665;2017;EMPLEO_MEDIO;501.83828409;A
A;70665;2016;EMPLEO_MEDIO;437.434977675;A
A;70665;2015;EMPLEO_MEDIO;382.590930292;A
A;70665;2014;EMPLEO_MEDIO;406.066383633;A
A;70665;2013;EMPLEO_MEDIO;379.290833332;A
A;70665;2012;EMPLEO_MEDIO;421.958333335;A
A;70665;2011;EMPLEO_MEDIO;439.993333334;A
A;70665;2010;EMPLEO_MEDIO;471.0875;A
A;70665;2009;EMPLEO_MEDIO;452.4325;A
A;70665;2008;EMPLEO_MEDIO;517.520833333;A
A;70666;2020;EMPLEO_MEDIO;35.01323333;A
A;70666;2018;EMPLEO_MEDIO;36.349540872;A
A;70666;2017;EMPLEO_MEDIO;41.293807739;A
A;70666;2015;EMPLEO_MEDIO;33.608328057;A
A;70666;2014;EMPLEO_MEDIO;38.821583551;A
A;70666;2013;EMPLEO_MEDIO;38.509166666;A
A;70668;2020;EMPLEO_MEDIO;68.017746452;A
A;70668;2019;EMPLEO_MEDIO;177.910088334;A
A;70668;2014;EMPLEO_MEDIO;220.42283713;A
A;55107;2020;EMPLEO_MEDIO;187.864324742;A
A;55107;2019;EMPLEO_MEDIO;448.697556754;A
A;55107;2018;EMPLEO_MEDIO;460.741470433;A
A;55107;2017;EMPLEO_MEDIO;470.262573107;A
A;55107;2016;EMPLEO_MEDIO;474.158700474;A
A;55107;2015;EMPLEO_MEDIO;456.663888754;A
A;55107;2014;EMPLEO_MEDIO;431.272799769;A
A;55107;2013;EMPLEO_MEDIO;385.539166667;A
A;55107;2012;EMPLEO_MEDIO;393.272500001;A
A;55107;2011;EMPLEO_MEDIO;399.872500001;A
A;55107;2010;EMPLEO_MEDIO;388.523333333;A
A;55107;2008;EMPLEO_MEDIO;408.545000001;A
A;55108;2020;EMPLEO_MEDIO;92.982716352;A
A;55108;2019;EMPLEO_MEDIO;147.868656203;A
A;55108;2018;EMPLEO_MEDIO;133.664529046;A
A;55108;2017;EMPLEO_MEDIO;141.086245372;A
A;55108;2016;EMPLEO_MEDIO;139.530969534;A
A;55108;2015;EMPLEO_MEDIO;123.994949713;A
A;55108;2014;EMPLEO_MEDIO;107.07767885;A
A;55108;2013;EMPLEO_MEDIO;106.745000001;A
A;55108;2011;EMPLEO_MEDIO;111.9725;A
A;55108;2010;EMPLEO_MEDIO;115.741666667;A
A;55108;2009;EMPLEO_MEDIO;102.061666666;A
A;55108;2008;EMPLEO_MEDIO;94.886666667;A
A;70667;2020;EMPLEO_MEDIO;449.718953621;A
A;70667;2019;EMPLEO_MEDIO;1321.129508029;A
A;70667;2018;EMPLEO_MEDIO;1236.357849037;A
A;70667;2017;EMPLEO_MEDIO;1281.32441886;A
A;70667;2016;EMPLEO_MEDIO;1247.435571114;A
A;70667;2015;EMPLEO_MEDIO;1022.494738317;A
A;70667;2014;EMPLEO_MEDIO;932.404077293;A
A;70667;2013;EMPLEO_MEDIO;900.219166666;A
A;70667;2012;EMPLEO_MEDIO;866.853333333;A
A;70667;2011;EMPLEO_MEDIO;871.7875;A
A;70667;2010;EMPLEO_MEDIO;974.640833333;A
A;70667;2009;EMPLEO_MEDIO;938.387499999;A
A;70667;2008;EMPLEO_MEDIO;1152.2075;A
A;269774;2020;EMPLEO_MEDIO;115.529346704;A
A;269774;2019;EMPLEO_MEDIO;255.936729867;A
A;70669;2020;EMPLEO_MEDIO;214.16125952;A
A;70669;2019;EMPLEO_MEDIO;236.177890607;A
A;70669;2018;EMPLEO_MEDIO;229.284257068;A
A;70669;2017;EMPLEO_MEDIO;229.342191043;A
A;70669;2013;EMPLEO_MEDIO;214.075833334;A
A;70669;2012;EMPLEO_MEDIO;199.414166667;A
A;70669;2011;EMPLEO_MEDIO;203.601666667;A
A;70669;2010;EMPLEO_MEDIO;211.388333333;A
A;70669;2009;EMPLEO_MEDIO;224.305833334;A
A;70669;2008;EMPLEO_MEDIO;225.863333333;A
A;70670;2020;EMPLEO_MEDIO;92.680356918;A
A;70670;2019;EMPLEO_MEDIO;112.466907456;A
A;70670;2018;EMPLEO_MEDIO;114.837176688;A
A;70670;2017;EMPLEO_MEDIO;97.704357333;A
A;70670;2016;EMPLEO_MEDIO;95.039992013;A
A;70670;2015;EMPLEO_MEDIO;79.813401798;A
A;70670;2014;EMPLEO_MEDIO;93.917107944;A
A;70670;2013;EMPLEO_MEDIO;110.294166667;A
A;70670;2012;EMPLEO_MEDIO;166.521666667;A
A;70670;2011;EMPLEO_MEDIO;147.184166667;A
A;70670;2009;EMPLEO_MEDIO;120.703333334;A
A;70670;2008;EMPLEO_MEDIO;151.126666668;A
A;55109;2020;EMPLEO_MEDIO;93.939514542;A
A;55109;2019;EMPLEO_MEDIO;147.00565699;A
A;55109;2018;EMPLEO_MEDIO;137.667365826;A
A;55109;2017;EMPLEO_MEDIO;123.296555003;A
A;55109;2016;EMPLEO_MEDIO;119.758367781;A
A;55109;2015;EMPLEO_MEDIO;111.52521023;A
A;55109;2014;EMPLEO_MEDIO;109.91153242;A
A;55109;2013;EMPLEO_MEDIO;112.876666666;A
A;70671;2020;EMPLEO_MEDIO;280.467797495;A
A;70671;2019;EMPLEO_MEDIO;484.82744526;A
A;70671;2018;EMPLEO_MEDIO;444.8414614;A
A;70671;2017;EMPLEO_MEDIO;431.424510365;A
A;70671;2016;EMPLEO_MEDIO;414.588035497;A
A;70671;2015;EMPLEO_MEDIO;398.71519157;A
A;70671;2014;EMPLEO_MEDIO;407.020477258;A
A;70671;2013;EMPLEO_MEDIO;373.9775;A
A;70671;2012;EMPLEO_MEDIO;328.172500001;A
A;70671;2011;EMPLEO_MEDIO;319.531666666;A
A;70671;2010;EMPLEO_MEDIO;330.901666667;A
A;70671;2008;EMPLEO_MEDIO;392.8175;A
A;70672;2020;EMPLEO_MEDIO;862.894729812;A
A;70672;2019;EMPLEO_MEDIO;1580.780515287;A
A;70672;2018;EMPLEO_MEDIO;1660.491511376;A
A;70672;2017;EMPLEO_MEDIO;1620.829675374;A
A;70672;2016;EMPLEO_MEDIO;1530.946538748;A
A;70672;2015;EMPLEO_MEDIO;1406.497876764;A
A;70672;2014;EMPLEO_MEDIO;1252.240584722;A
A;70672;2013;EMPLEO_MEDIO;1212.494166666;A
A;70672;2011;EMPLEO_MEDIO;1449.950833334;A
A;70672;2010;EMPLEO_MEDIO;1482.337500001;A
A;70672;2009;EMPLEO_MEDIO;1628.969166666;A
A;70672;2008;EMPLEO_MEDIO;1849.611666667;A
A;70673;2020;EMPLEO_MEDIO;110.489306351;A
A;70673;2019;EMPLEO_MEDIO;175.562889313;A
A;70673;2018;EMPLEO_MEDIO;147.954197865;A
A;70673;2017;EMPLEO_MEDIO;75.243681413;A
A;70673;2013;EMPLEO_MEDIO;73.992500001;A
A;55110;2020;EMPLEO_MEDIO;245.12792315;A
A;55110;2019;EMPLEO_MEDIO;468.963345674;A
A;55110;2018;EMPLEO_MEDIO;450.658666648;A
A;55110;2017;EMPLEO_MEDIO;460.649159069;A
A;55110;2016;EMPLEO_MEDIO;439.808042391;A
A;55110;2015;EMPLEO_MEDIO;401.55189492;A
A;55110;2014;EMPLEO_MEDIO;353.309354836;A
A;55110;2013;EMPLEO_MEDIO;364.305833334;A
A;70674;2020;EMPLEO_MEDIO;288.658928547;A
A;70674;2019;EMPLEO_MEDIO;470.859285408;A
A;70674;2018;EMPLEO_MEDIO;432.760709802;A
A;70674;2017;EMPLEO_MEDIO;423.8579603;A
A;70674;2016;EMPLEO_MEDIO;419.165746362;A
A;70674;2015;EMPLEO_MEDIO;413.011062755;A
A;70674;2014;EMPLEO_MEDIO;448.029721272;A
A;70674;2013;EMPLEO_MEDIO;448.816666666;A
A;70674;2012;EMPLEO_MEDIO;475.4125;A
A;70674;2011;EMPLEO_MEDIO;510.958333333;A
A;70674;2010;EMPLEO_MEDIO;491.1075;A
A;70674;2009;EMPLEO_MEDIO;528.186666666;A
A;70674;2008;EMPLEO_MEDIO;623.319166666;A
A;70675;2020;EMPLEO_MEDIO;161.937397841;A
A;70675;2019;EMPLEO_MEDIO;275.923697035;A
A;70675;2018;EMPLEO_MEDIO;256.38131152;A
A;70675;2017;EMPLEO_MEDIO;252.303315826;A
A;70675;2016;EMPLEO_MEDIO;237.961043521;A
A;70675;2015;EMPLEO_MEDIO;260.914045067;A
A;70675;2014;EMPLEO_MEDIO;290.926649816;A
A;70675;2013;EMPLEO_MEDIO;293.620833333;A
A;70675;2012;EMPLEO_MEDIO;276.316666667;A
A;70675;2011;EMPLEO_MEDIO;316.324166666;A
A;70675;2010;EMPLEO_MEDIO;336.128333333;A
A;70675;2009;EMPLEO_MEDIO;384.331666666;A
A;70675;2008;EMPLEO_MEDIO;408.627499999;A
A;278910;2020;EMPLEO_MEDIO;254.957775955;A
A;278910;2019;EMPLEO_MEDIO;423.851938337;A
A;278911;2020;EMPLEO_MEDIO;67.123682843;A
A;278911;2019;EMPLEO_MEDIO;121.049487644;A
A;278911;2018;EMPLEO_MEDIO;117.154139844;A
A;55111;2020;EMPLEO_MEDIO;212.165356557;A
A;55111;2019;EMPLEO_MEDIO;373.514895172;A
A;55111;2018;EMPLEO_MEDIO;351.734056232;A
A;55111;2017;EMPLEO_MEDIO;321.50917943;A
A;55111;2016;EMPLEO_MEDIO;276.134000433;A
A;55111;2015;EMPLEO_MEDIO;276.313931695;A
A;55111;2014;EMPLEO_MEDIO;214.602104257;A
A;55111;2013;EMPLEO_MEDIO;227.996666667;A
A;55111;2011;EMPLEO_MEDIO;218.720833333;A
A;55111;2010;EMPLEO_MEDIO;245.255833333;A
A;55111;2009;EMPLEO_MEDIO;229.355000001;A
A;55112;2019;EMPLEO_MEDIO;73.601451487;A
A;838202;2020;EMPLEO_MEDIO;70.617182651;A
A;55113;2020;EMPLEO_MEDIO;485.954063286;A
A;55113;2019;EMPLEO_MEDIO;930.97036646;A
A;55113;2018;EMPLEO_MEDIO;879.362054831;A
A;55113;2017;EMPLEO_MEDIO;911.59371283;A
A;55113;2016;EMPLEO_MEDIO;913.873892279;A
A;55113;2015;EMPLEO_MEDIO;904.692900819;A
A;55113;2014;EMPLEO_MEDIO;860.293050329;A
A;55113;2013;EMPLEO_MEDIO;804.008333333;A
A;55113;2012;EMPLEO_MEDIO;879.235833332;A
A;55113;2011;EMPLEO_MEDIO;874.175;A
A;55113;2010;EMPLEO_MEDIO;796.733333333;A
A;55113;2009;EMPLEO_MEDIO;738.4125;A
A;55113;2008;EMPLEO_MEDIO;769.849166667;A
A;55114;2020;EMPLEO_MEDIO;216.805503818;A
A;55114;2019;EMPLEO_MEDIO;595.777355476;A
A;55114;2018;EMPLEO_MEDIO;618.086231397;A
A;55114;2017;EMPLEO_MEDIO;530.952974897;A
A;55114;2016;EMPLEO_MEDIO;476.766546289;A
A;55114;2015;EMPLEO_MEDIO;456.226304688;A
A;55114;2014;EMPLEO_MEDIO;390.622061603;A
A;55114;2013;EMPLEO_MEDIO;392.310833333;A
A;55114;2011;EMPLEO_MEDIO;406.641666666;A
A;55114;2010;EMPLEO_MEDIO;428.418333334;A
A;55114;2009;EMPLEO_MEDIO;430.560833334;A
A;55114;2008;EMPLEO_MEDIO;429.0275;A
A;55115;2020;EMPLEO_MEDIO;779.807124881;A
A;55115;2019;EMPLEO_MEDIO;1753.383666243;A
A;55115;2018;EMPLEO_MEDIO;1765.403206968;A
A;55115;2017;EMPLEO_MEDIO;1673.791813403;A
A;55115;2016;EMPLEO_MEDIO;1675.022311562;A
A;55115;2015;EMPLEO_MEDIO;1619.040859741;A
A;55115;2014;EMPLEO_MEDIO;1557.583344993;A
A;55115;2013;EMPLEO_MEDIO;1535.795833332;A
A;55115;2012;EMPLEO_MEDIO;1576.460833334;A
A;55115;2011;EMPLEO_MEDIO;1765.474166666;A
A;55115;2010;EMPLEO_MEDIO;1878.78;A
A;55115;2009;EMPLEO_MEDIO;1850.883333334;A
A;55115;2008;EMPLEO_MEDIO;1816.998333333;A
A;70676;2020;EMPLEO_MEDIO;158.184322879;A
A;70676;2019;EMPLEO_MEDIO;230.718671245;A
A;70676;2018;EMPLEO_MEDIO;225.296329253;A
A;70676;2017;EMPLEO_MEDIO;267.782342867;A
A;70676;2014;EMPLEO_MEDIO;198.98639692;A
A;70676;2013;EMPLEO_MEDIO;189.763333334;A
A;70676;2012;EMPLEO_MEDIO;191.782499999;A
A;70676;2011;EMPLEO_MEDIO;234.897500001;A
A;70676;2010;EMPLEO_MEDIO;247.8025;A
A;70677;2020;EMPLEO_MEDIO;131.821484462;A
A;70677;2019;EMPLEO_MEDIO;301.16427121;A
A;70677;2018;EMPLEO_MEDIO;286.726410864;A
A;70677;2017;EMPLEO_MEDIO;308.597994364;A
A;70677;2016;EMPLEO_MEDIO;295.460997436;A
A;70677;2015;EMPLEO_MEDIO;252.743940572;A
A;70677;2013;EMPLEO_MEDIO;232.894166667;A
A;70678;2019;EMPLEO_MEDIO;437.902838275;A
A;282055;2020;EMPLEO_MEDIO;175.2184772;A
A;282055;2019;EMPLEO_MEDIO;399.981509215;A
A;70679;2020;EMPLEO_MEDIO;65.42297433;A
A;70679;2019;EMPLEO_MEDIO;107.349093147;A
A;70679;2012;EMPLEO_MEDIO;107.975833334;A
A;70679;2009;EMPLEO_MEDIO;160.032500001;A
A;70679;2008;EMPLEO_MEDIO;169.085;A
A;55117;2019;EMPLEO_MEDIO;508.840688998;A
A;70680;2020;EMPLEO_MEDIO;54.899680646;A
A;302612;2019;EMPLEO_MEDIO;142.140376174;A
A;269776;2019;EMPLEO_MEDIO;540.441646889;A
A;278109;2020;EMPLEO_MEDIO;44.811781863;A
A;278109;2019;EMPLEO_MEDIO;79.49947534;A
A;70681;2020;EMPLEO_MEDIO;76.896632753;A
A;70681;2019;EMPLEO_MEDIO;108.7349638;A
A;70681;2018;EMPLEO_MEDIO;103.171719828;A
A;70681;2017;EMPLEO_MEDIO;105.467242453;A
A;70681;2016;EMPLEO_MEDIO;92.474883797;A
A;70681;2015;EMPLEO_MEDIO;79.15445176;A
A;70681;2014;EMPLEO_MEDIO;79.651147332;A
A;70681;2013;EMPLEO_MEDIO;77.291666667;A
A;70681;2012;EMPLEO_MEDIO;86.7225;A
A;70681;2011;EMPLEO_MEDIO;90.952499999;A
A;70681;2010;EMPLEO_MEDIO;72.812499999;A
A;269777;2020;EMPLEO_MEDIO;23.031037916;A
A;269777;2019;EMPLEO_MEDIO;36.174266001;A
A;70682;2020;EMPLEO_MEDIO;128.291584468;A
A;70682;2019;EMPLEO_MEDIO;146.080299167;A
A;70682;2012;EMPLEO_MEDIO;167.284166667;A
A;70682;2010;EMPLEO_MEDIO;211.4725;A
A;70682;2009;EMPLEO_MEDIO;248.5325;A
A;70682;2008;EMPLEO_MEDIO;271.070833334;A
A;70683;2020;EMPLEO_MEDIO;99.011672194;A
A;70683;2019;EMPLEO_MEDIO;158.629542205;A
A;70683;2018;EMPLEO_MEDIO;130.454267189;A
A;70683;2017;EMPLEO_MEDIO;130.465590117;A
A;70683;2016;EMPLEO_MEDIO;136.722684398;A
A;70683;2015;EMPLEO_MEDIO;115.315710122;A
A;70683;2014;EMPLEO_MEDIO;118.171752613;A
A;70683;2013;EMPLEO_MEDIO;117.591666667;A
A;70683;2012;EMPLEO_MEDIO;104.1075;A
A;70684;2020;EMPLEO_MEDIO;120.528216658;A
A;70684;2019;EMPLEO_MEDIO;260.981973274;A
A;70684;2018;EMPLEO_MEDIO;226.242197934;A
A;70684;2014;EMPLEO_MEDIO;175.600994551;A
A;70684;2013;EMPLEO_MEDIO;189.125833334;A
A;70684;2012;EMPLEO_MEDIO;208.956666668;A
A;70685;2020;EMPLEO_MEDIO;465.064064295;A
A;70685;2019;EMPLEO_MEDIO;1522.257665465;A
A;70685;2018;EMPLEO_MEDIO;1269.19850297;A
A;70685;2017;EMPLEO_MEDIO;1433.603286665;A
A;70685;2016;EMPLEO_MEDIO;1361.616243947;A
A;70685;2015;EMPLEO_MEDIO;1248.073289271;A
A;70685;2014;EMPLEO_MEDIO;1237.090315165;A
A;70685;2013;EMPLEO_MEDIO;1183.128333333;A
A;70685;2011;EMPLEO_MEDIO;1328.06;A
A;70685;2010;EMPLEO_MEDIO;1189.473333333;A
A;70685;2009;EMPLEO_MEDIO;1548.164166666;A
A;70685;2008;EMPLEO_MEDIO;1588.618333333;A
A;70686;2020;EMPLEO_MEDIO;317.630089941;A
A;70686;2019;EMPLEO_MEDIO;993.867372569;A
A;70686;2018;EMPLEO_MEDIO;946.986305456;A
A;70686;2017;EMPLEO_MEDIO;982.824933835;A
A;70686;2016;EMPLEO_MEDIO;975.425521151;A
A;70686;2015;EMPLEO_MEDIO;877.290867735;A
A;70686;2014;EMPLEO_MEDIO;774.702630771;A
A;70686;2013;EMPLEO_MEDIO;699.713333332;A
A;70686;2009;EMPLEO_MEDIO;938.855;A
A;70686;2008;EMPLEO_MEDIO;1056.543333333;A
A;70687;2020;EMPLEO_MEDIO;489.491503469;A
A;70687;2019;EMPLEO_MEDIO;1209.839832754;A
A;70687;2018;EMPLEO_MEDIO;1181.041886595;A
A;70687;2017;EMPLEO_MEDIO;1143.08670696;A
A;70687;2016;EMPLEO_MEDIO;1102.608656926;A
A;70687;2015;EMPLEO_MEDIO;1037.530160151;A
A;70687;2014;EMPLEO_MEDIO;1036.838480585;A
A;70687;2013;EMPLEO_MEDIO;927.730833334;A
A;70687;2012;EMPLEO_MEDIO;899.019166666;A
A;70687;2011;EMPLEO_MEDIO;901.129166666;A
A;70687;2010;EMPLEO_MEDIO;952.488333333;A
A;70687;2009;EMPLEO_MEDIO;1048.324166667;A
A;70687;2008;EMPLEO_MEDIO;1187.411666667;A
A;70688;2020;EMPLEO_MEDIO;914.457349021;A
A;70688;2019;EMPLEO_MEDIO;1600.238373727;A
A;70688;2018;EMPLEO_MEDIO;1510.75862393;A
A;70688;2017;EMPLEO_MEDIO;1379.898842656;A
A;70688;2016;EMPLEO_MEDIO;1306.044907232;A
A;70688;2015;EMPLEO_MEDIO;1226.96727499;A
A;70688;2014;EMPLEO_MEDIO;1219.439746113;A
A;70688;2013;EMPLEO_MEDIO;1156.084166667;A
A;70688;2012;EMPLEO_MEDIO;1180.133333332;A
A;70688;2011;EMPLEO_MEDIO;1245.308333333;A
A;70688;2010;EMPLEO_MEDIO;1159.0675;A
A;70688;2009;EMPLEO_MEDIO;1161.836666667;A
A;70688;2008;EMPLEO_MEDIO;1230.01;A
A;55120;2020;EMPLEO_MEDIO;1569.310049863;A
A;55120;2019;EMPLEO_MEDIO;3644.786514881;A
A;55120;2018;EMPLEO_MEDIO;3552.707675873;A
A;55120;2017;EMPLEO_MEDIO;3324.186759562;A
A;55120;2016;EMPLEO_MEDIO;2989.45024888;A
A;55120;2015;EMPLEO_MEDIO;2730.043276098;A
A;55120;2014;EMPLEO_MEDIO;2590.767571119;A
A;55120;2013;EMPLEO_MEDIO;2447.885833332;A
A;55120;2012;EMPLEO_MEDIO;2579.4225;A
A;55120;2011;EMPLEO_MEDIO;2780.694166666;A
A;55120;2010;EMPLEO_MEDIO;2691.255;A
A;55120;2009;EMPLEO_MEDIO;2703.049166665;A
A;55120;2008;EMPLEO_MEDIO;3611.7925;A
A;70689;2020;EMPLEO_MEDIO;257.911372969;A
A;70689;2019;EMPLEO_MEDIO;583.013274008;A
A;70689;2018;EMPLEO_MEDIO;548.425792023;A
A;70689;2017;EMPLEO_MEDIO;546.948933908;A
A;70689;2016;EMPLEO_MEDIO;469.404120346;A
A;70689;2015;EMPLEO_MEDIO;462.120701223;A
A;70689;2014;EMPLEO_MEDIO;504.557218688;A
A;70689;2013;EMPLEO_MEDIO;483.173333334;A
A;70689;2012;EMPLEO_MEDIO;448.557499999;A
A;70689;2011;EMPLEO_MEDIO;433.273333333;A
A;70689;2010;EMPLEO_MEDIO;432.186666666;A
A;70689;2009;EMPLEO_MEDIO;426.958333334;A
A;70689;2008;EMPLEO_MEDIO;478.275000001;A
A;55121;2020;EMPLEO_MEDIO;160.89472046;A
A;55121;2019;EMPLEO_MEDIO;330.980050958;A
A;55121;2018;EMPLEO_MEDIO;350.636823223;A
A;55121;2017;EMPLEO_MEDIO;337.200225616;A
A;55121;2016;EMPLEO_MEDIO;307.475910461;A
A;55121;2015;EMPLEO_MEDIO;267.858539428;A
A;55121;2014;EMPLEO_MEDIO;260.161209562;A
A;55121;2013;EMPLEO_MEDIO;249.255833334;A
A;55121;2012;EMPLEO_MEDIO;246.643333333;A
A;55121;2010;EMPLEO_MEDIO;258.3075;A
A;55121;2009;EMPLEO_MEDIO;250.343333333;A
A;55121;2008;EMPLEO_MEDIO;288.065833333;A
A;70690;2020;EMPLEO_MEDIO;871.245884153;A
A;70690;2019;EMPLEO_MEDIO;2431.870639422;A
A;70690;2018;EMPLEO_MEDIO;2318.777140083;A
A;70690;2017;EMPLEO_MEDIO;2232.517814824;A
A;70690;2016;EMPLEO_MEDIO;2148.079525671;A
A;70690;2015;EMPLEO_MEDIO;2098.308478182;A
A;70690;2014;EMPLEO_MEDIO;2041.333760577;A
A;70690;2013;EMPLEO_MEDIO;2110.813333333;A
A;70690;2012;EMPLEO_MEDIO;2310.649999999;A
A;70690;2011;EMPLEO_MEDIO;2184.909166667;A
A;70690;2010;EMPLEO_MEDIO;2014.671666666;A
A;70690;2009;EMPLEO_MEDIO;2092.050833333;A
A;70690;2008;EMPLEO_MEDIO;2384.688333334;A
A;55122;2019;EMPLEO_MEDIO;116.005456574;A
A;70691;2020;EMPLEO_MEDIO;1604.724950056;A
A;70691;2019;EMPLEO_MEDIO;3718.477259619;A
A;70691;2018;EMPLEO_MEDIO;3595.675625472;A
A;70691;2017;EMPLEO_MEDIO;3475.333647385;A
A;70691;2016;EMPLEO_MEDIO;3393.378090818;A
A;70691;2015;EMPLEO_MEDIO;3312.776188685;A
A;70691;2014;EMPLEO_MEDIO;2941.008564056;A
A;70691;2013;EMPLEO_MEDIO;2856.080833334;A
A;70691;2012;EMPLEO_MEDIO;2779.476666665;A
A;70691;2011;EMPLEO_MEDIO;2740.775000001;A
A;70691;2010;EMPLEO_MEDIO;2744.386666667;A
A;70691;2009;EMPLEO_MEDIO;2652.345;A
A;70691;2008;EMPLEO_MEDIO;2748.834166668;A
P;70665;2021;EMPLEO_MEDIO;348.873716085;A
P;55107;2021;EMPLEO_MEDIO;236.341294326;A
P;55108;2021;EMPLEO_MEDIO;113.865159068;A
P;70667;2021;EMPLEO_MEDIO;695.446941505;A
P;70669;2021;EMPLEO_MEDIO;214.760207507;A
P;55109;2021;EMPLEO_MEDIO;115.943997659;A
P;70671;2021;EMPLEO_MEDIO;331.027248527;A
P;70672;2021;EMPLEO_MEDIO;1103.684110409;A
P;70673;2021;EMPLEO_MEDIO;226.817228471;A
P;55110;2021;EMPLEO_MEDIO;379.415617648;A
P;70674;2021;EMPLEO_MEDIO;322.626570921;A
P;70675;2021;EMPLEO_MEDIO;152.869408088;A
P;278910;2021;EMPLEO_MEDIO;312.175568084;A
P;55111;2021;EMPLEO_MEDIO;300.707742774;A
P;55113;2021;EMPLEO_MEDIO;570.000122926;A
P;55114;2021;EMPLEO_MEDIO;259.326846544;A
P;55115;2021;EMPLEO_MEDIO;854.466272931;A
P;70676;2021;EMPLEO_MEDIO;163.35862681;A
P;70679;2021;EMPLEO_MEDIO;96.925397911;A
P;278109;2021;EMPLEO_MEDIO;52.226593645;A
P;70681;2021;EMPLEO_MEDIO;89.562594865;A
P;269777;2021;EMPLEO_MEDIO;53.10028566;A
P;70682;2021;EMPLEO_MEDIO;167.603661218;A
P;70683;2021;EMPLEO_MEDIO;109.074370081;A
P;70684;2021;EMPLEO_MEDIO;115.983811249;A
P;70685;2021;EMPLEO_MEDIO;858.725726912;A
P;70686;2021;EMPLEO_MEDIO;795.41312534;A
P;70687;2021;EMPLEO_MEDIO;713.726518988;A
P;70688;2021;EMPLEO_MEDIO;1235.270484578;A
P;55120;2021;EMPLEO_MEDIO;2444.319961339;A
P;70689;2021;EMPLEO_MEDIO;235.617566133;A
P;55121;2021;EMPLEO_MEDIO;193.38075684;A
P;70690;2021;EMPLEO_MEDIO;1182.296279846;A
P;55122;2021;EMPLEO_MEDIO;79.973558518;A
P;70691;2021;EMPLEO_MEDIO;1882.492674785;A
A;70665;2020;GRAD_OCUP_PLAZ;40.020945152344524;A
A;70665;2019;GRAD_OCUP_PLAZ;57.48214931322372;A
A;70665;2018;GRAD_OCUP_PLAZ;60.12490224263217;A
A;70665;2017;GRAD_OCUP_PLAZ;59.39916740706682;A
A;70665;2016;GRAD_OCUP_PLAZ;54.169375639948;A
A;70665;2015;GRAD_OCUP_PLAZ;51.332730071066955;A
A;70665;2014;GRAD_OCUP_PLAZ;46.86124449674669;A
A;70665;2013;GRAD_OCUP_PLAZ;45.052964809918045;A
A;70665;2012;GRAD_OCUP_PLAZ;39.455646505393496;A
A;70665;2011;GRAD_OCUP_PLAZ;43.426651615294745;A
A;70665;2010;GRAD_OCUP_PLAZ;42.85806476776188;A
A;70665;2009;GRAD_OCUP_PLAZ;41.89790374268012;A
A;70665;2008;GRAD_OCUP_PLAZ;41.71296213836752;A
A;70666;2020;GRAD_OCUP_PLAZ;25.93000000001306;A
A;70666;2018;GRAD_OCUP_PLAZ;29.940971812549037;A
A;70666;2017;GRAD_OCUP_PLAZ;32.946427047711126;A
A;70666;2015;GRAD_OCUP_PLAZ;27.254404913267056;A
A;70666;2014;GRAD_OCUP_PLAZ;25.49319028553246;A
A;70666;2013;GRAD_OCUP_PLAZ;22.388743512316875;A
A;70668;2020;GRAD_OCUP_PLAZ;23.471125975524462;A
A;70668;2019;GRAD_OCUP_PLAZ;49.90983486045946;A
A;70668;2014;GRAD_OCUP_PLAZ;42.85943448056683;A
A;55107;2020;GRAD_OCUP_PLAZ;24.886575780862096;A
A;55107;2019;GRAD_OCUP_PLAZ;41.84538928275243;A
A;55107;2018;GRAD_OCUP_PLAZ;42.094043769539255;A
A;55107;2017;GRAD_OCUP_PLAZ;42.856246654263586;A
A;55107;2016;GRAD_OCUP_PLAZ;43.18679585002288;A
A;55107;2015;GRAD_OCUP_PLAZ;42.32575043761571;A
A;55107;2014;GRAD_OCUP_PLAZ;38.37913295907034;A
A;55107;2013;GRAD_OCUP_PLAZ;36.81015315031221;A
A;55107;2012;GRAD_OCUP_PLAZ;37.78830587804627;A
A;55107;2011;GRAD_OCUP_PLAZ;39.40085707038357;A
A;55107;2010;GRAD_OCUP_PLAZ;36.47571351561106;A
A;55107;2008;GRAD_OCUP_PLAZ;44.11518504709673;A
A;55108;2020;GRAD_OCUP_PLAZ;39.37013466631854;A
A;55108;2019;GRAD_OCUP_PLAZ;44.43245175262853;A
A;55108;2018;GRAD_OCUP_PLAZ;42.041640108437605;A
A;55108;2017;GRAD_OCUP_PLAZ;43.604741351217186;A
A;55108;2016;GRAD_OCUP_PLAZ;44.756373059952416;A
A;55108;2015;GRAD_OCUP_PLAZ;38.24923214627849;A
A;55108;2014;GRAD_OCUP_PLAZ;37.27221919930069;A
A;55108;2013;GRAD_OCUP_PLAZ;34.29449351704532;A
A;55108;2011;GRAD_OCUP_PLAZ;30.034588280023872;A
A;55108;2010;GRAD_OCUP_PLAZ;29.843872065850874;A
A;55108;2009;GRAD_OCUP_PLAZ;32.26210324805923;A
A;55108;2008;GRAD_OCUP_PLAZ;34.97373936869031;A
A;70667;2020;GRAD_OCUP_PLAZ;31.769190931188778;A
A;70667;2019;GRAD_OCUP_PLAZ;55.96213404528008;A
A;70667;2018;GRAD_OCUP_PLAZ;58.49845010345726;A
A;70667;2017;GRAD_OCUP_PLAZ;59.14880322988039;A
A;70667;2016;GRAD_OCUP_PLAZ;59.344039974045586;A
A;70667;2015;GRAD_OCUP_PLAZ;52.10181065793066;A
A;70667;2014;GRAD_OCUP_PLAZ;51.60218936972059;A
A;70667;2013;GRAD_OCUP_PLAZ;50.451619392597244;A
A;70667;2012;GRAD_OCUP_PLAZ;48.22486599140297;A
A;70667;2011;GRAD_OCUP_PLAZ;48.0470506028677;A
A;70667;2010;GRAD_OCUP_PLAZ;49.75485179377393;A
A;70667;2009;GRAD_OCUP_PLAZ;47.99424377490324;A
A;70667;2008;GRAD_OCUP_PLAZ;53.684931226130395;A
A;269774;2020;GRAD_OCUP_PLAZ;23.009999999997927;A
A;269774;2019;GRAD_OCUP_PLAZ;46.879717680286284;A
A;70669;2020;GRAD_OCUP_PLAZ;42.440000000000566;A
A;70669;2019;GRAD_OCUP_PLAZ;52.53082335943305;A
A;70669;2018;GRAD_OCUP_PLAZ;54.32360981744624;A
A;70669;2017;GRAD_OCUP_PLAZ;52.854289970080465;A
A;70669;2013;GRAD_OCUP_PLAZ;35.90177852607719;A
A;70669;2012;GRAD_OCUP_PLAZ;29.581935429233415;A
A;70669;2011;GRAD_OCUP_PLAZ;28.926006233971705;A
A;70669;2010;GRAD_OCUP_PLAZ;31.8646038616538;A
A;70669;2009;GRAD_OCUP_PLAZ;35.43672169236113;A
A;70669;2008;GRAD_OCUP_PLAZ;46.4523665253647;A
A;70670;2020;GRAD_OCUP_PLAZ;17.702802582784365;A
A;70670;2019;GRAD_OCUP_PLAZ;29.962844077928942;A
A;70670;2018;GRAD_OCUP_PLAZ;28.20180879436294;A
A;70670;2017;GRAD_OCUP_PLAZ;33.06627455578429;A
A;70670;2016;GRAD_OCUP_PLAZ;24.205957576540335;A
A;70670;2015;GRAD_OCUP_PLAZ;26.090298322802536;A
A;70670;2014;GRAD_OCUP_PLAZ;25.11111153357827;A
A;70670;2013;GRAD_OCUP_PLAZ;22.6924633824911;A
A;70670;2012;GRAD_OCUP_PLAZ;17.84877821769078;A
A;70670;2011;GRAD_OCUP_PLAZ;22.765417165771513;A
A;70670;2009;GRAD_OCUP_PLAZ;19.421416785085587;A
A;70670;2008;GRAD_OCUP_PLAZ;26.5605007329678;A
A;55109;2020;GRAD_OCUP_PLAZ;49.23999999997537;A
A;55109;2019;GRAD_OCUP_PLAZ;52.7168444404234;A
A;55109;2018;GRAD_OCUP_PLAZ;53.30457998119982;A
A;55109;2017;GRAD_OCUP_PLAZ;49.60505821614596;A
A;55109;2016;GRAD_OCUP_PLAZ;48.231844471427266;A
A;55109;2015;GRAD_OCUP_PLAZ;39.37698419620009;A
A;55109;2014;GRAD_OCUP_PLAZ;37.162976757794716;A
A;55109;2013;GRAD_OCUP_PLAZ;34.169392597674054;A
A;70671;2020;GRAD_OCUP_PLAZ;43.28000000000909;A
A;70671;2019;GRAD_OCUP_PLAZ;65.30563455207243;A
A;70671;2018;GRAD_OCUP_PLAZ;60.74206098464927;A
A;70671;2017;GRAD_OCUP_PLAZ;61.61197093899628;A
A;70671;2016;GRAD_OCUP_PLAZ;60.49312026596238;A
A;70671;2015;GRAD_OCUP_PLAZ;61.02369229381589;A
A;70671;2014;GRAD_OCUP_PLAZ;52.72824520065595;A
A;70671;2013;GRAD_OCUP_PLAZ;52.366287179691184;A
A;70671;2012;GRAD_OCUP_PLAZ;51.0440823771219;A
A;70671;2011;GRAD_OCUP_PLAZ;53.59907670367335;A
A;70671;2010;GRAD_OCUP_PLAZ;57.16214252852837;A
A;70671;2008;GRAD_OCUP_PLAZ;55.821578767395714;A
A;70672;2020;GRAD_OCUP_PLAZ;40.12999999999965;A
A;70672;2019;GRAD_OCUP_PLAZ;65.86192250635985;A
A;70672;2018;GRAD_OCUP_PLAZ;65.02091183586168;A
A;70672;2017;GRAD_OCUP_PLAZ;67.77397502529944;A
A;70672;2016;GRAD_OCUP_PLAZ;64.11504297244498;A
A;70672;2015;GRAD_OCUP_PLAZ;61.68632501112628;A
A;70672;2014;GRAD_OCUP_PLAZ;57.56424611963656;A
A;70672;2013;GRAD_OCUP_PLAZ;55.03034392778393;A
A;70672;2011;GRAD_OCUP_PLAZ;51.48128046682601;A
A;70672;2010;GRAD_OCUP_PLAZ;52.151544318088405;A
A;70672;2009;GRAD_OCUP_PLAZ;59.710326730773325;A
A;70672;2008;GRAD_OCUP_PLAZ;56.16269384476745;A
A;70673;2020;GRAD_OCUP_PLAZ;35.959999999985705;A
A;70673;2019;GRAD_OCUP_PLAZ;54.0175707060816;A
A;70673;2018;GRAD_OCUP_PLAZ;52.16426865862007;A
A;70673;2017;GRAD_OCUP_PLAZ;50.7939220786178;A
A;70673;2013;GRAD_OCUP_PLAZ;42.92317054680789;A
A;55110;2020;GRAD_OCUP_PLAZ;46.129999999989614;A
A;55110;2019;GRAD_OCUP_PLAZ;60.819089105043055;A
A;55110;2018;GRAD_OCUP_PLAZ;62.42114798200884;A
A;55110;2017;GRAD_OCUP_PLAZ;65.05511693230709;A
A;55110;2016;GRAD_OCUP_PLAZ;62.58435447293229;A
A;55110;2015;GRAD_OCUP_PLAZ;55.85307492819402;A
A;55110;2014;GRAD_OCUP_PLAZ;51.14620722922233;A
A;55110;2013;GRAD_OCUP_PLAZ;51.18915460650427;A
A;70674;2020;GRAD_OCUP_PLAZ;32.00000000000489;A
A;70674;2019;GRAD_OCUP_PLAZ;52.04024380404408;A
A;70674;2018;GRAD_OCUP_PLAZ;51.580521890069264;A
A;70674;2017;GRAD_OCUP_PLAZ;53.09203046549253;A
A;70674;2016;GRAD_OCUP_PLAZ;50.83598343586608;A
A;70674;2015;GRAD_OCUP_PLAZ;49.2614435370442;A
A;70674;2014;GRAD_OCUP_PLAZ;45.974128899280586;A
A;70674;2013;GRAD_OCUP_PLAZ;45.69445271701554;A
A;70674;2012;GRAD_OCUP_PLAZ;43.0795750741888;A
A;70674;2011;GRAD_OCUP_PLAZ;41.257913495318576;A
A;70674;2010;GRAD_OCUP_PLAZ;40.09866817689596;A
A;70674;2009;GRAD_OCUP_PLAZ;37.93035894436571;A
A;70674;2008;GRAD_OCUP_PLAZ;40.49826352909097;A
A;70675;2020;GRAD_OCUP_PLAZ;34.96801013893061;A
A;70675;2019;GRAD_OCUP_PLAZ;48.563681924627645;A
A;70675;2018;GRAD_OCUP_PLAZ;46.757020716048345;A
A;70675;2017;GRAD_OCUP_PLAZ;48.234633261273984;A
A;70675;2016;GRAD_OCUP_PLAZ;46.68106964149166;A
A;70675;2015;GRAD_OCUP_PLAZ;42.62229725265583;A
A;70675;2014;GRAD_OCUP_PLAZ;43.33692782677663;A
A;70675;2013;GRAD_OCUP_PLAZ;40.90405530778037;A
A;70675;2012;GRAD_OCUP_PLAZ;46.59126547998083;A
A;70675;2011;GRAD_OCUP_PLAZ;49.14050964124655;A
A;70675;2010;GRAD_OCUP_PLAZ;44.27329503759011;A
A;70675;2009;GRAD_OCUP_PLAZ;44.129190084367806;A
A;70675;2008;GRAD_OCUP_PLAZ;44.741560412194396;A
A;278910;2020;GRAD_OCUP_PLAZ;35.53801067733694;A
A;278910;2019;GRAD_OCUP_PLAZ;50.02744680456399;A
A;278911;2020;GRAD_OCUP_PLAZ;51.16000000004847;A
A;278911;2019;GRAD_OCUP_PLAZ;62.62902983358657;A
A;278911;2018;GRAD_OCUP_PLAZ;57.384274189663266;A
A;55111;2020;GRAD_OCUP_PLAZ;40.81000000000765;A
A;55111;2019;GRAD_OCUP_PLAZ;47.80556888982445;A
A;55111;2018;GRAD_OCUP_PLAZ;47.33596128434924;A
A;55111;2017;GRAD_OCUP_PLAZ;46.61480121311476;A
A;55111;2016;GRAD_OCUP_PLAZ;46.817571427919;A
A;55111;2015;GRAD_OCUP_PLAZ;42.36917440821303;A
A;55111;2014;GRAD_OCUP_PLAZ;38.216893836153375;A
A;55111;2013;GRAD_OCUP_PLAZ;40.43516151084949;A
A;55111;2011;GRAD_OCUP_PLAZ;43.945301920684;A
A;55111;2010;GRAD_OCUP_PLAZ;43.71520141631672;A
A;55111;2009;GRAD_OCUP_PLAZ;45.83139980622528;A
A;55112;2019;GRAD_OCUP_PLAZ;39.56677388794488;A
A;838202;2020;GRAD_OCUP_PLAZ;32.41999999998632;A
A;55113;2020;GRAD_OCUP_PLAZ;35.86373985461551;A
A;55113;2019;GRAD_OCUP_PLAZ;61.871341134573136;A
A;55113;2018;GRAD_OCUP_PLAZ;61.43473469572523;A
A;55113;2017;GRAD_OCUP_PLAZ;60.81444145529273;A
A;55113;2016;GRAD_OCUP_PLAZ;60.350840582650825;A
A;55113;2015;GRAD_OCUP_PLAZ;59.29679035206336;A
A;55113;2014;GRAD_OCUP_PLAZ;56.43446848090136;A
A;55113;2013;GRAD_OCUP_PLAZ;52.161336653255646;A
A;55113;2012;GRAD_OCUP_PLAZ;51.23775142422304;A
A;55113;2011;GRAD_OCUP_PLAZ;51.99132876406786;A
A;55113;2010;GRAD_OCUP_PLAZ;49.67244058462798;A
A;55113;2009;GRAD_OCUP_PLAZ;51.141869124687574;A
A;55113;2008;GRAD_OCUP_PLAZ;55.4582094464508;A
A;55114;2020;GRAD_OCUP_PLAZ;39.17984717724968;A
A;55114;2019;GRAD_OCUP_PLAZ;58.48934092347041;A
A;55114;2018;GRAD_OCUP_PLAZ;56.84386405976962;A
A;55114;2017;GRAD_OCUP_PLAZ;55.69647478415812;A
A;55114;2016;GRAD_OCUP_PLAZ;54.951172285009314;A
A;55114;2015;GRAD_OCUP_PLAZ;51.66154105938217;A
A;55114;2014;GRAD_OCUP_PLAZ;50.635901890305576;A
A;55114;2013;GRAD_OCUP_PLAZ;49.207796907134025;A
A;55114;2011;GRAD_OCUP_PLAZ;45.41775376073529;A
A;55114;2010;GRAD_OCUP_PLAZ;46.462009503824625;A
A;55114;2009;GRAD_OCUP_PLAZ;43.10391374586967;A
A;55114;2008;GRAD_OCUP_PLAZ;57.78980346392675;A
A;55115;2020;GRAD_OCUP_PLAZ;37.7884818518998;A
A;55115;2019;GRAD_OCUP_PLAZ;64.1384197904074;A
A;55115;2018;GRAD_OCUP_PLAZ;61.027445240080525;A
A;55115;2017;GRAD_OCUP_PLAZ;63.198276481149804;A
A;55115;2016;GRAD_OCUP_PLAZ;62.784491089282156;A
A;55115;2015;GRAD_OCUP_PLAZ;60.77484220180217;A
A;55115;2014;GRAD_OCUP_PLAZ;58.410939463080226;A
A;55115;2013;GRAD_OCUP_PLAZ;55.94012864984083;A
A;55115;2012;GRAD_OCUP_PLAZ;53.58506379680006;A
A;55115;2011;GRAD_OCUP_PLAZ;54.56449121158278;A
A;55115;2010;GRAD_OCUP_PLAZ;51.74816766489655;A
A;55115;2009;GRAD_OCUP_PLAZ;51.687385227966544;A
A;55115;2008;GRAD_OCUP_PLAZ;55.954962563162844;A
A;70676;2020;GRAD_OCUP_PLAZ;46.41999999998077;A
A;70676;2019;GRAD_OCUP_PLAZ;53.73325727513674;A
A;70676;2018;GRAD_OCUP_PLAZ;61.34973167449635;A
A;70676;2017;GRAD_OCUP_PLAZ;60.17269129821263;A
A;70676;2014;GRAD_OCUP_PLAZ;51.110022805769404;A
A;70676;2013;GRAD_OCUP_PLAZ;47.84189742127731;A
A;70676;2012;GRAD_OCUP_PLAZ;44.83097993101544;A
A;70676;2011;GRAD_OCUP_PLAZ;54.95506668547417;A
A;70676;2010;GRAD_OCUP_PLAZ;53.05759257017782;A
A;70677;2020;GRAD_OCUP_PLAZ;39.07000000000702;A
A;70677;2019;GRAD_OCUP_PLAZ;52.74336159667392;A
A;70677;2018;GRAD_OCUP_PLAZ;54.143317618626526;A
A;70677;2017;GRAD_OCUP_PLAZ;50.33345594445308;A
A;70677;2016;GRAD_OCUP_PLAZ;51.88831915896601;A
A;70677;2015;GRAD_OCUP_PLAZ;51.045162379032654;A
A;70677;2013;GRAD_OCUP_PLAZ;48.01744620543755;A
A;70678;2019;GRAD_OCUP_PLAZ;60.831937143993336;A
A;282055;2020;GRAD_OCUP_PLAZ;43.91706816778087;A
A;282055;2019;GRAD_OCUP_PLAZ;56.46483777832418;A
A;70679;2020;GRAD_OCUP_PLAZ;38.90999999998938;A
A;70679;2019;GRAD_OCUP_PLAZ;53.50713246724145;A
A;70679;2012;GRAD_OCUP_PLAZ;34.88307612685631;A
A;70679;2009;GRAD_OCUP_PLAZ;31.040855883841665;A
A;70679;2008;GRAD_OCUP_PLAZ;34.806702163679404;A
A;55117;2019;GRAD_OCUP_PLAZ;67.56194070821115;A
A;70680;2020;GRAD_OCUP_PLAZ;24.139803313219353;A
A;302612;2019;GRAD_OCUP_PLAZ;62.36993741768743;A
A;269776;2019;GRAD_OCUP_PLAZ;49.52142100615778;A
A;278109;2020;GRAD_OCUP_PLAZ;35.1851272484903;A
A;278109;2019;GRAD_OCUP_PLAZ;46.47444770615415;A
A;70681;2020;GRAD_OCUP_PLAZ;35.249999999990024;A
A;70681;2019;GRAD_OCUP_PLAZ;37.70924230353227;A
A;70681;2018;GRAD_OCUP_PLAZ;38.22552984970273;A
A;70681;2017;GRAD_OCUP_PLAZ;36.286893620234494;A
A;70681;2016;GRAD_OCUP_PLAZ;33.71200331590352;A
A;70681;2015;GRAD_OCUP_PLAZ;26.782116842066067;A
A;70681;2014;GRAD_OCUP_PLAZ;28.25112957380827;A
A;70681;2013;GRAD_OCUP_PLAZ;28.364879358391253;A
A;70681;2012;GRAD_OCUP_PLAZ;29.790222642093987;A
A;70681;2011;GRAD_OCUP_PLAZ;28.12194175975979;A
A;70681;2010;GRAD_OCUP_PLAZ;26.710487688977494;A
A;269777;2020;GRAD_OCUP_PLAZ;35.49869567480131;A
A;269777;2019;GRAD_OCUP_PLAZ;32.3918533150146;A
A;70682;2020;GRAD_OCUP_PLAZ;31.70061540437083;A
A;70682;2019;GRAD_OCUP_PLAZ;47.92133302818313;A
A;70682;2012;GRAD_OCUP_PLAZ;39.275455893213795;A
A;70682;2010;GRAD_OCUP_PLAZ;38.92440039551451;A
A;70682;2009;GRAD_OCUP_PLAZ;41.16451427372688;A
A;70682;2008;GRAD_OCUP_PLAZ;47.15703202201612;A
A;70683;2020;GRAD_OCUP_PLAZ;27.56000000001971;A
A;70683;2019;GRAD_OCUP_PLAZ;40.794277747288305;A
A;70683;2018;GRAD_OCUP_PLAZ;40.526085727562105;A
A;70683;2017;GRAD_OCUP_PLAZ;39.87233945745149;A
A;70683;2016;GRAD_OCUP_PLAZ;38.25358517205487;A
A;70683;2015;GRAD_OCUP_PLAZ;35.90082027538778;A
A;70683;2014;GRAD_OCUP_PLAZ;37.047732278702945;A
A;70683;2013;GRAD_OCUP_PLAZ;32.94398368644148;A
A;70683;2012;GRAD_OCUP_PLAZ;29.925530974542045;A
A;70684;2020;GRAD_OCUP_PLAZ;26.95000000000895;A
A;70684;2019;GRAD_OCUP_PLAZ;51.77041377618599;A
A;70684;2018;GRAD_OCUP_PLAZ;47.079530397459585;A
A;70684;2014;GRAD_OCUP_PLAZ;40.654386477761186;A
A;70684;2013;GRAD_OCUP_PLAZ;36.59906245372491;A
A;70684;2012;GRAD_OCUP_PLAZ;36.1862562367712;A
A;70685;2020;GRAD_OCUP_PLAZ;41.499999999996625;A
A;70685;2019;GRAD_OCUP_PLAZ;75.74271709519613;A
A;70685;2018;GRAD_OCUP_PLAZ;66.61208422705705;A
A;70685;2017;GRAD_OCUP_PLAZ;72.57867493309493;A
A;70685;2016;GRAD_OCUP_PLAZ;70.81783588243063;A
A;70685;2015;GRAD_OCUP_PLAZ;66.10405337342178;A
A;70685;2014;GRAD_OCUP_PLAZ;66.24739714966273;A
A;70685;2013;GRAD_OCUP_PLAZ;66.63081332136935;A
A;70685;2011;GRAD_OCUP_PLAZ;69.65896467502661;A
A;70685;2010;GRAD_OCUP_PLAZ;59.62555613293126;A
A;70685;2009;GRAD_OCUP_PLAZ;56.882046257981365;A
A;70685;2008;GRAD_OCUP_PLAZ;65.82615313701592;A
A;70686;2020;GRAD_OCUP_PLAZ;29.870000000003394;A
A;70686;2019;GRAD_OCUP_PLAZ;60.70699872269787;A
A;70686;2018;GRAD_OCUP_PLAZ;64.76837658537345;A
A;70686;2017;GRAD_OCUP_PLAZ;69.64678476425986;A
A;70686;2016;GRAD_OCUP_PLAZ;65.53374842453816;A
A;70686;2015;GRAD_OCUP_PLAZ;64.64369151018522;A
A;70686;2014;GRAD_OCUP_PLAZ;53.99725169173605;A
A;70686;2013;GRAD_OCUP_PLAZ;47.15758848170721;A
A;70686;2009;GRAD_OCUP_PLAZ;42.45482630520532;A
A;70686;2008;GRAD_OCUP_PLAZ;45.90720024361774;A
A;70687;2020;GRAD_OCUP_PLAZ;30.64999999999813;A
A;70687;2019;GRAD_OCUP_PLAZ;62.68683340934317;A
A;70687;2018;GRAD_OCUP_PLAZ;62.54213407562535;A
A;70687;2017;GRAD_OCUP_PLAZ;64.79392098634186;A
A;70687;2016;GRAD_OCUP_PLAZ;64.9095890120256;A
A;70687;2015;GRAD_OCUP_PLAZ;60.481710149936774;A
A;70687;2014;GRAD_OCUP_PLAZ;57.109167124836624;A
A;70687;2013;GRAD_OCUP_PLAZ;53.99338729118041;A
A;70687;2012;GRAD_OCUP_PLAZ;52.88859965869345;A
A;70687;2011;GRAD_OCUP_PLAZ;54.31807462346092;A
A;70687;2010;GRAD_OCUP_PLAZ;56.03007634107201;A
A;70687;2009;GRAD_OCUP_PLAZ;54.13315753396664;A
A;70687;2008;GRAD_OCUP_PLAZ;62.01095913679318;A
A;70688;2020;GRAD_OCUP_PLAZ;31.43947585712959;A
A;70688;2019;GRAD_OCUP_PLAZ;65.08504214546082;A
A;70688;2018;GRAD_OCUP_PLAZ;64.32112524957091;A
A;70688;2017;GRAD_OCUP_PLAZ;65.65938966672424;A
A;70688;2016;GRAD_OCUP_PLAZ;64.8789964165799;A
A;70688;2015;GRAD_OCUP_PLAZ;62.46610446403134;A
A;70688;2014;GRAD_OCUP_PLAZ;59.79864780772687;A
A;70688;2013;GRAD_OCUP_PLAZ;55.88010285569855;A
A;70688;2012;GRAD_OCUP_PLAZ;52.271794156441175;A
A;70688;2011;GRAD_OCUP_PLAZ;50.6456048571696;A
A;70688;2010;GRAD_OCUP_PLAZ;47.73978455881287;A
A;70688;2009;GRAD_OCUP_PLAZ;44.79004879263477;A
A;70688;2008;GRAD_OCUP_PLAZ;48.91391528059853;A
A;55120;2020;GRAD_OCUP_PLAZ;31.045727047125048;A
A;55120;2019;GRAD_OCUP_PLAZ;52.940471515586424;A
A;55120;2018;GRAD_OCUP_PLAZ;51.583764138011645;A
A;55120;2017;GRAD_OCUP_PLAZ;53.13490162758272;A
A;55120;2016;GRAD_OCUP_PLAZ;53.580767829801374;A
A;55120;2015;GRAD_OCUP_PLAZ;54.15016402768568;A
A;55120;2014;GRAD_OCUP_PLAZ;51.520802055870774;A
A;55120;2013;GRAD_OCUP_PLAZ;50.8619091825476;A
A;55120;2012;GRAD_OCUP_PLAZ;48.83978203202474;A
A;55120;2011;GRAD_OCUP_PLAZ;49.27913843998483;A
A;55120;2010;GRAD_OCUP_PLAZ;44.35442703627605;A
A;55120;2009;GRAD_OCUP_PLAZ;42.285459962086605;A
A;55120;2008;GRAD_OCUP_PLAZ;48.74237786798468;A
A;70689;2020;GRAD_OCUP_PLAZ;40.06933582817287;A
A;70689;2019;GRAD_OCUP_PLAZ;63.0685340695386;A
A;70689;2018;GRAD_OCUP_PLAZ;63.28425330470361;A
A;70689;2017;GRAD_OCUP_PLAZ;63.12575803475955;A
A;70689;2016;GRAD_OCUP_PLAZ;63.361455267596334;A
A;70689;2015;GRAD_OCUP_PLAZ;60.45475625179626;A
A;70689;2014;GRAD_OCUP_PLAZ;54.90025725687012;A
A;70689;2013;GRAD_OCUP_PLAZ;56.19994348839752;A
A;70689;2012;GRAD_OCUP_PLAZ;51.39597171963536;A
A;70689;2011;GRAD_OCUP_PLAZ;52.641201517652284;A
A;70689;2010;GRAD_OCUP_PLAZ;51.235396231475605;A
A;70689;2009;GRAD_OCUP_PLAZ;50.54908869653354;A
A;70689;2008;GRAD_OCUP_PLAZ;54.93455168814778;A
A;55121;2020;GRAD_OCUP_PLAZ;31.069999999995254;A
A;55121;2019;GRAD_OCUP_PLAZ;50.159668315747425;A
A;55121;2018;GRAD_OCUP_PLAZ;50.413374891969404;A
A;55121;2017;GRAD_OCUP_PLAZ;57.64802810423;A
A;55121;2016;GRAD_OCUP_PLAZ;51.06093244111735;A
A;55121;2015;GRAD_OCUP_PLAZ;53.90434903868444;A
A;55121;2014;GRAD_OCUP_PLAZ;48.61500833180957;A
A;55121;2013;GRAD_OCUP_PLAZ;45.45710975686384;A
A;55121;2012;GRAD_OCUP_PLAZ;44.371947530996444;A
A;55121;2010;GRAD_OCUP_PLAZ;35.96906301993453;A
A;55121;2009;GRAD_OCUP_PLAZ;36.2085787479254;A
A;55121;2008;GRAD_OCUP_PLAZ;42.62090658589913;A
A;70690;2020;GRAD_OCUP_PLAZ;35.04430873462403;A
A;70690;2019;GRAD_OCUP_PLAZ;71.8940039257129;A
A;70690;2018;GRAD_OCUP_PLAZ;74.11912383696354;A
A;70690;2017;GRAD_OCUP_PLAZ;74.86263165941011;A
A;70690;2016;GRAD_OCUP_PLAZ;77.16038062526752;A
A;70690;2015;GRAD_OCUP_PLAZ;73.18794319085532;A
A;70690;2014;GRAD_OCUP_PLAZ;72.60188405019613;A
A;70690;2013;GRAD_OCUP_PLAZ;73.83882268712703;A
A;70690;2012;GRAD_OCUP_PLAZ;69.83794177403611;A
A;70690;2011;GRAD_OCUP_PLAZ;64.10060741353011;A
A;70690;2010;GRAD_OCUP_PLAZ;61.30703839870234;A
A;70690;2009;GRAD_OCUP_PLAZ;63.48599939298846;A
A;70690;2008;GRAD_OCUP_PLAZ;67.12178765365269;A
A;55122;2019;GRAD_OCUP_PLAZ;55.13232211202885;A
A;70691;2020;GRAD_OCUP_PLAZ;36.60663683138429;A
A;70691;2019;GRAD_OCUP_PLAZ;69.18742582020347;A
A;70691;2018;GRAD_OCUP_PLAZ;67.56533416264989;A
A;70691;2017;GRAD_OCUP_PLAZ;65.35155157476795;A
A;70691;2016;GRAD_OCUP_PLAZ;62.65263854124766;A
A;70691;2015;GRAD_OCUP_PLAZ;60.064352085781145;A
A;70691;2014;GRAD_OCUP_PLAZ;55.702626999648565;A
A;70691;2013;GRAD_OCUP_PLAZ;52.062432212155684;A
A;70691;2012;GRAD_OCUP_PLAZ;51.9438829961055;A
A;70691;2011;GRAD_OCUP_PLAZ;54.248829334411255;A
A;70691;2010;GRAD_OCUP_PLAZ;50.23054758063845;A
A;70691;2009;GRAD_OCUP_PLAZ;48.516112946394976;A
A;70691;2008;GRAD_OCUP_PLAZ;51.8371519144286;A
P;70665;2021;GRAD_OCUP_PLAZ;48.36596287679006;A
P;55107;2021;GRAD_OCUP_PLAZ;40.91238427192035;A
P;55108;2021;GRAD_OCUP_PLAZ;47.33060712907026;A
P;70667;2021;GRAD_OCUP_PLAZ;49.842557956221434;A
P;70669;2021;GRAD_OCUP_PLAZ;36.458353166405495;A
P;55109;2021;GRAD_OCUP_PLAZ;56.713295608392656;A
P;70671;2021;GRAD_OCUP_PLAZ;51.13105085561562;A
P;70672;2021;GRAD_OCUP_PLAZ;61.11041055556373;A
P;70673;2021;GRAD_OCUP_PLAZ;61.481763255052165;A
P;55110;2021;GRAD_OCUP_PLAZ;56.67903925556876;A
P;70674;2021;GRAD_OCUP_PLAZ;45.0164087954125;A
P;70675;2021;GRAD_OCUP_PLAZ;43.84928919508156;A
P;278910;2021;GRAD_OCUP_PLAZ;50.44948331896045;A
P;55111;2021;GRAD_OCUP_PLAZ;51.997478897910725;A
P;55113;2021;GRAD_OCUP_PLAZ;40.185083212688326;A
P;55114;2021;GRAD_OCUP_PLAZ;49.64725803067752;A
P;55115;2021;GRAD_OCUP_PLAZ;46.72499502701392;A
P;70676;2021;GRAD_OCUP_PLAZ;26.800234548454736;A
P;70679;2021;GRAD_OCUP_PLAZ;45.804999427702725;A
P;278109;2021;GRAD_OCUP_PLAZ;38.92032769762902;A
P;70681;2021;GRAD_OCUP_PLAZ;37.55735311461219;A
P;269777;2021;GRAD_OCUP_PLAZ;36.58418847430066;A
P;70682;2021;GRAD_OCUP_PLAZ;41.2566688871458;A
P;70683;2021;GRAD_OCUP_PLAZ;36.26948053146362;A
P;70684;2021;GRAD_OCUP_PLAZ;31.04718757341451;A
P;70685;2021;GRAD_OCUP_PLAZ;57.32106292527575;A
P;70686;2021;GRAD_OCUP_PLAZ;54.81791364175643;A
P;70687;2021;GRAD_OCUP_PLAZ;38.31338477125445;A
P;70688;2021;GRAD_OCUP_PLAZ;46.49795994803547;A
P;55120;2021;GRAD_OCUP_PLAZ;44.64306057700708;A
P;70689;2021;GRAD_OCUP_PLAZ;51.838587872856216;A
P;55121;2021;GRAD_OCUP_PLAZ;38.964172698042375;A
P;70690;2021;GRAD_OCUP_PLAZ;53.45809066470341;A
P;55122;2021;GRAD_OCUP_PLAZ;44.94758265809558;A
P;70691;2021;GRAD_OCUP_PLAZ;43.743258418319456;A
A;70665;2020;GRAC_OCUP_PLAZ_FIN_SEMA;43.46999999999593;A
A;70665;2019;GRAC_OCUP_PLAZ_FIN_SEMA;65.70500037679781;A
A;70665;2018;GRAC_OCUP_PLAZ_FIN_SEMA;66.5579371511164;A
A;70665;2017;GRAC_OCUP_PLAZ_FIN_SEMA;67.49932359694478;A
A;70665;2016;GRAC_OCUP_PLAZ_FIN_SEMA;60.05786033862261;A
A;70665;2015;GRAC_OCUP_PLAZ_FIN_SEMA;58.165248931694784;A
A;70665;2014;GRAC_OCUP_PLAZ_FIN_SEMA;52.67099756984072;A
A;70665;2013;GRAC_OCUP_PLAZ_FIN_SEMA;47.69368790810356;A
A;70665;2012;GRAC_OCUP_PLAZ_FIN_SEMA;43.86198625300238;A
A;70665;2011;GRAC_OCUP_PLAZ_FIN_SEMA;48.79047378826172;A
A;70665;2010;GRAC_OCUP_PLAZ_FIN_SEMA;47.6786755518308;A
A;70665;2009;GRAC_OCUP_PLAZ_FIN_SEMA;46.96523138187112;A
A;70665;2008;GRAC_OCUP_PLAZ_FIN_SEMA;30.893263916377514;A
A;70666;2020;GRAC_OCUP_PLAZ_FIN_SEMA;28.500000000015547;A
A;70666;2018;GRAC_OCUP_PLAZ_FIN_SEMA;31.22488508814461;A
A;70666;2017;GRAC_OCUP_PLAZ_FIN_SEMA;37.040717790545706;A
A;70666;2015;GRAC_OCUP_PLAZ_FIN_SEMA;32.20378276738218;A
A;70666;2014;GRAC_OCUP_PLAZ_FIN_SEMA;30.185548720790653;A
A;70666;2013;GRAC_OCUP_PLAZ_FIN_SEMA;24.87876790964537;A
A;70668;2020;GRAC_OCUP_PLAZ_FIN_SEMA;18.870000000005422;A
A;70668;2019;GRAC_OCUP_PLAZ_FIN_SEMA;52.22188363917513;A
A;70668;2014;GRAC_OCUP_PLAZ_FIN_SEMA;43.43750696796199;A
A;55107;2020;GRAC_OCUP_PLAZ_FIN_SEMA;35.59999999999725;A
A;55107;2019;GRAC_OCUP_PLAZ_FIN_SEMA;49.007502414988515;A
A;55107;2018;GRAC_OCUP_PLAZ_FIN_SEMA;49.55069917967946;A
A;55107;2017;GRAC_OCUP_PLAZ_FIN_SEMA;47.65411928744878;A
A;55107;2016;GRAC_OCUP_PLAZ_FIN_SEMA;46.39157547080587;A
A;55107;2015;GRAC_OCUP_PLAZ_FIN_SEMA;50.17913257885103;A
A;55107;2014;GRAC_OCUP_PLAZ_FIN_SEMA;46.2854472255581;A
A;55107;2013;GRAC_OCUP_PLAZ_FIN_SEMA;44.671052922851324;A
A;55107;2012;GRAC_OCUP_PLAZ_FIN_SEMA;45.681318925745856;A
A;55107;2011;GRAC_OCUP_PLAZ_FIN_SEMA;46.23721963696342;A
A;55107;2010;GRAC_OCUP_PLAZ_FIN_SEMA;45.319425151375064;A
A;55107;2008;GRAC_OCUP_PLAZ_FIN_SEMA;38.324380998761534;A
A;55108;2020;GRAC_OCUP_PLAZ_FIN_SEMA;47.77999999997845;A
A;55108;2019;GRAC_OCUP_PLAZ_FIN_SEMA;55.97843342265163;A
A;55108;2018;GRAC_OCUP_PLAZ_FIN_SEMA;53.32813875929595;A
A;55108;2017;GRAC_OCUP_PLAZ_FIN_SEMA;53.580036321948555;A
A;55108;2016;GRAC_OCUP_PLAZ_FIN_SEMA;53.55168725103563;A
A;55108;2015;GRAC_OCUP_PLAZ_FIN_SEMA;47.74668050190226;A
A;55108;2014;GRAC_OCUP_PLAZ_FIN_SEMA;46.21732321746071;A
A;55108;2013;GRAC_OCUP_PLAZ_FIN_SEMA;41.844414575347464;A
A;55108;2011;GRAC_OCUP_PLAZ_FIN_SEMA;34.87142929208779;A
A;55108;2010;GRAC_OCUP_PLAZ_FIN_SEMA;36.58145138296732;A
A;55108;2009;GRAC_OCUP_PLAZ_FIN_SEMA;38.78930375700879;A
A;55108;2008;GRAC_OCUP_PLAZ_FIN_SEMA;32.142844305908206;A
A;70667;2020;GRAC_OCUP_PLAZ_FIN_SEMA;36.93185242595873;A
A;70667;2019;GRAC_OCUP_PLAZ_FIN_SEMA;61.364508336763485;A
A;70667;2018;GRAC_OCUP_PLAZ_FIN_SEMA;62.74118325618158;A
A;70667;2017;GRAC_OCUP_PLAZ_FIN_SEMA;62.43177824728036;A
A;70667;2016;GRAC_OCUP_PLAZ_FIN_SEMA;63.68289410757499;A
A;70667;2015;GRAC_OCUP_PLAZ_FIN_SEMA;57.838682615255586;A
A;70667;2014;GRAC_OCUP_PLAZ_FIN_SEMA;55.798079632959684;A
A;70667;2013;GRAC_OCUP_PLAZ_FIN_SEMA;53.394741705817424;A
A;70667;2012;GRAC_OCUP_PLAZ_FIN_SEMA;51.26337584476943;A
A;70667;2011;GRAC_OCUP_PLAZ_FIN_SEMA;49.08774305843087;A
A;70667;2010;GRAC_OCUP_PLAZ_FIN_SEMA;54.26099598279668;A
A;70667;2009;GRAC_OCUP_PLAZ_FIN_SEMA;52.81677009571302;A
A;70667;2008;GRAC_OCUP_PLAZ_FIN_SEMA;33.4807566669533;A
A;269774;2020;GRAC_OCUP_PLAZ_FIN_SEMA;25.219999999997746;A
A;269774;2019;GRAC_OCUP_PLAZ_FIN_SEMA;50.71623146517827;A
A;70669;2020;GRAC_OCUP_PLAZ_FIN_SEMA;42.27000000000037;A
A;70669;2019;GRAC_OCUP_PLAZ_FIN_SEMA;58.24816954630257;A
A;70669;2018;GRAC_OCUP_PLAZ_FIN_SEMA;58.750317999299426;A
A;70669;2017;GRAC_OCUP_PLAZ_FIN_SEMA;57.678517583981076;A
A;70669;2013;GRAC_OCUP_PLAZ_FIN_SEMA;37.50239323871474;A
A;70669;2012;GRAC_OCUP_PLAZ_FIN_SEMA;32.92413535172436;A
A;70669;2011;GRAC_OCUP_PLAZ_FIN_SEMA;28.716929368624772;A
A;70669;2010;GRAC_OCUP_PLAZ_FIN_SEMA;32.471226228157306;A
A;70669;2009;GRAC_OCUP_PLAZ_FIN_SEMA;35.33052819626663;A
A;70669;2008;GRAC_OCUP_PLAZ_FIN_SEMA;27.650687473910814;A
A;70670;2020;GRAC_OCUP_PLAZ_FIN_SEMA;27.507030123404014;A
A;70670;2019;GRAC_OCUP_PLAZ_FIN_SEMA;40.97024387297303;A
A;70670;2018;GRAC_OCUP_PLAZ_FIN_SEMA;40.27972700933976;A
A;70670;2017;GRAC_OCUP_PLAZ_FIN_SEMA;42.489319150285894;A
A;70670;2016;GRAC_OCUP_PLAZ_FIN_SEMA;32.052118204166014;A
A;70670;2015;GRAC_OCUP_PLAZ_FIN_SEMA;31.41787298249151;A
A;70670;2014;GRAC_OCUP_PLAZ_FIN_SEMA;31.658343377201515;A
A;70670;2013;GRAC_OCUP_PLAZ_FIN_SEMA;31.895713769036785;A
A;70670;2012;GRAC_OCUP_PLAZ_FIN_SEMA;21.72846207185512;A
A;70670;2011;GRAC_OCUP_PLAZ_FIN_SEMA;23.604153481847238;A
A;70670;2009;GRAC_OCUP_PLAZ_FIN_SEMA;22.70051179692393;A
A;70670;2008;GRAC_OCUP_PLAZ_FIN_SEMA;17.937401474298774;A
A;55109;2020;GRAC_OCUP_PLAZ_FIN_SEMA;60.08999999997002;A
A;55109;2019;GRAC_OCUP_PLAZ_FIN_SEMA;67.58416668354369;A
A;55109;2018;GRAC_OCUP_PLAZ_FIN_SEMA;66.92270100067789;A
A;55109;2017;GRAC_OCUP_PLAZ_FIN_SEMA;63.466304669897646;A
A;55109;2016;GRAC_OCUP_PLAZ_FIN_SEMA;61.41782174738655;A
A;55109;2015;GRAC_OCUP_PLAZ_FIN_SEMA;51.226622155068654;A
A;55109;2014;GRAC_OCUP_PLAZ_FIN_SEMA;49.72055311635024;A
A;55109;2013;GRAC_OCUP_PLAZ_FIN_SEMA;44.99271985026147;A
A;70671;2020;GRAC_OCUP_PLAZ_FIN_SEMA;50.38000000001021;A
A;70671;2019;GRAC_OCUP_PLAZ_FIN_SEMA;72.28476811763773;A
A;70671;2018;GRAC_OCUP_PLAZ_FIN_SEMA;66.63470344580456;A
A;70671;2017;GRAC_OCUP_PLAZ_FIN_SEMA;68.41934227752922;A
A;70671;2016;GRAC_OCUP_PLAZ_FIN_SEMA;66.32942664974793;A
A;70671;2015;GRAC_OCUP_PLAZ_FIN_SEMA;68.59211195048528;A
A;70671;2014;GRAC_OCUP_PLAZ_FIN_SEMA;59.35955929997865;A
A;70671;2013;GRAC_OCUP_PLAZ_FIN_SEMA;59.52228365038526;A
A;70671;2012;GRAC_OCUP_PLAZ_FIN_SEMA;59.39286476263251;A
A;70671;2011;GRAC_OCUP_PLAZ_FIN_SEMA;60.77166309763777;A
A;70671;2010;GRAC_OCUP_PLAZ_FIN_SEMA;62.380790453219305;A
A;70671;2008;GRAC_OCUP_PLAZ_FIN_SEMA;39.031493649154456;A
A;70672;2020;GRAC_OCUP_PLAZ_FIN_SEMA;48.69999999999952;A
A;70672;2019;GRAC_OCUP_PLAZ_FIN_SEMA;72.34359044816266;A
A;70672;2018;GRAC_OCUP_PLAZ_FIN_SEMA;71.77535166688418;A
A;70672;2017;GRAC_OCUP_PLAZ_FIN_SEMA;76.05944447077248;A
A;70672;2016;GRAC_OCUP_PLAZ_FIN_SEMA;67.95585832465493;A
A;70672;2015;GRAC_OCUP_PLAZ_FIN_SEMA;67.86420052902831;A
A;70672;2014;GRAC_OCUP_PLAZ_FIN_SEMA;64.96117325328348;A
A;70672;2013;GRAC_OCUP_PLAZ_FIN_SEMA;61.280564525451595;A
A;70672;2011;GRAC_OCUP_PLAZ_FIN_SEMA;60.86354352097769;A
A;70672;2010;GRAC_OCUP_PLAZ_FIN_SEMA;61.53115729716737;A
A;70672;2009;GRAC_OCUP_PLAZ_FIN_SEMA;65.10137315421036;A
A;70672;2008;GRAC_OCUP_PLAZ_FIN_SEMA;40.81928359367072;A
A;70673;2020;GRAC_OCUP_PLAZ_FIN_SEMA;42.36999999998362;A
A;70673;2019;GRAC_OCUP_PLAZ_FIN_SEMA;63.91649037225292;A
A;70673;2018;GRAC_OCUP_PLAZ_FIN_SEMA;62.5742971413385;A
A;70673;2017;GRAC_OCUP_PLAZ_FIN_SEMA;60.46625078218578;A
A;70673;2013;GRAC_OCUP_PLAZ_FIN_SEMA;52.81255051948373;A
A;55110;2020;GRAC_OCUP_PLAZ_FIN_SEMA;51.07999999998836;A
A;55110;2019;GRAC_OCUP_PLAZ_FIN_SEMA;64.99317612481053;A
A;55110;2018;GRAC_OCUP_PLAZ_FIN_SEMA;68.65062217417997;A
A;55110;2017;GRAC_OCUP_PLAZ_FIN_SEMA;73.04158118261373;A
A;55110;2016;GRAC_OCUP_PLAZ_FIN_SEMA;68.32414810063321;A
A;55110;2015;GRAC_OCUP_PLAZ_FIN_SEMA;61.60597520833393;A
A;55110;2014;GRAC_OCUP_PLAZ_FIN_SEMA;56.830930285228874;A
A;55110;2013;GRAC_OCUP_PLAZ_FIN_SEMA;55.23545779125646;A
A;70674;2020;GRAC_OCUP_PLAZ_FIN_SEMA;39.10000000000587;A
A;70674;2019;GRAC_OCUP_PLAZ_FIN_SEMA;63.45572056677296;A
A;70674;2018;GRAC_OCUP_PLAZ_FIN_SEMA;62.20437634400395;A
A;70674;2017;GRAC_OCUP_PLAZ_FIN_SEMA;63.75939651459383;A
A;70674;2016;GRAC_OCUP_PLAZ_FIN_SEMA;59.55267371113362;A
A;70674;2015;GRAC_OCUP_PLAZ_FIN_SEMA;59.65893620646618;A
A;70674;2014;GRAC_OCUP_PLAZ_FIN_SEMA;55.12427785912922;A
A;70674;2013;GRAC_OCUP_PLAZ_FIN_SEMA;54.23064468093972;A
A;70674;2012;GRAC_OCUP_PLAZ_FIN_SEMA;51.207045430627936;A
A;70674;2011;GRAC_OCUP_PLAZ_FIN_SEMA;48.9770875116769;A
A;70674;2010;GRAC_OCUP_PLAZ_FIN_SEMA;50.89509677920432;A
A;70674;2009;GRAC_OCUP_PLAZ_FIN_SEMA;48.75414075308915;A
A;70674;2008;GRAC_OCUP_PLAZ_FIN_SEMA;27.13720736744071;A
A;70675;2020;GRAC_OCUP_PLAZ_FIN_SEMA;46.79999999999547;A
A;70675;2019;GRAC_OCUP_PLAZ_FIN_SEMA;60.19443227273618;A
A;70675;2018;GRAC_OCUP_PLAZ_FIN_SEMA;57.94299314494704;A
A;70675;2017;GRAC_OCUP_PLAZ_FIN_SEMA;58.938338542746116;A
A;70675;2016;GRAC_OCUP_PLAZ_FIN_SEMA;60.48921405904109;A
A;70675;2015;GRAC_OCUP_PLAZ_FIN_SEMA;55.43660283825214;A
A;70675;2014;GRAC_OCUP_PLAZ_FIN_SEMA;53.053263659203445;A
A;70675;2013;GRAC_OCUP_PLAZ_FIN_SEMA;52.13693594068586;A
A;70675;2012;GRAC_OCUP_PLAZ_FIN_SEMA;56.65476885535643;A
A;70675;2011;GRAC_OCUP_PLAZ_FIN_SEMA;58.26715351880006;A
A;70675;2010;GRAC_OCUP_PLAZ_FIN_SEMA;57.08568093594872;A
A;70675;2009;GRAC_OCUP_PLAZ_FIN_SEMA;53.646271249872676;A
A;70675;2008;GRAC_OCUP_PLAZ_FIN_SEMA;32.24059399413931;A
A;278910;2020;GRAC_OCUP_PLAZ_FIN_SEMA;44.169999999995;A
A;278910;2019;GRAC_OCUP_PLAZ_FIN_SEMA;59.491343757464826;A
A;278911;2020;GRAC_OCUP_PLAZ_FIN_SEMA;66.76507223091926;A
A;278911;2019;GRAC_OCUP_PLAZ_FIN_SEMA;81.09987447397988;A
A;278911;2018;GRAC_OCUP_PLAZ_FIN_SEMA;71.20784991705364;A
A;55111;2020;GRAC_OCUP_PLAZ_FIN_SEMA;50.460000000009444;A
A;55111;2019;GRAC_OCUP_PLAZ_FIN_SEMA;57.866373020610496;A
A;55111;2018;GRAC_OCUP_PLAZ_FIN_SEMA;56.7667203612347;A
A;55111;2017;GRAC_OCUP_PLAZ_FIN_SEMA;53.488621413760626;A
A;55111;2016;GRAC_OCUP_PLAZ_FIN_SEMA;55.1294419070816;A
A;55111;2015;GRAC_OCUP_PLAZ_FIN_SEMA;50.88403061445416;A
A;55111;2014;GRAC_OCUP_PLAZ_FIN_SEMA;47.9598047840586;A
A;55111;2013;GRAC_OCUP_PLAZ_FIN_SEMA;50.14081431064647;A
A;55111;2011;GRAC_OCUP_PLAZ_FIN_SEMA;53.41774202853206;A
A;55111;2010;GRAC_OCUP_PLAZ_FIN_SEMA;52.98233747643421;A
A;55111;2009;GRAC_OCUP_PLAZ_FIN_SEMA;56.37706795813339;A
A;55112;2019;GRAC_OCUP_PLAZ_FIN_SEMA;57.35274528143075;A
A;838202;2020;GRAC_OCUP_PLAZ_FIN_SEMA;34.52999999998469;A
A;55113;2020;GRAC_OCUP_PLAZ_FIN_SEMA;46.00405268228241;A
A;55113;2019;GRAC_OCUP_PLAZ_FIN_SEMA;74.21624420662202;A
A;55113;2018;GRAC_OCUP_PLAZ_FIN_SEMA;72.44465124894874;A
A;55113;2017;GRAC_OCUP_PLAZ_FIN_SEMA;72.8076172840562;A
A;55113;2016;GRAC_OCUP_PLAZ_FIN_SEMA;71.77589403502837;A
A;55113;2015;GRAC_OCUP_PLAZ_FIN_SEMA;72.7352486100283;A
A;55113;2014;GRAC_OCUP_PLAZ_FIN_SEMA;70.27819292819736;A
A;55113;2013;GRAC_OCUP_PLAZ_FIN_SEMA;65.97815743522898;A
A;55113;2012;GRAC_OCUP_PLAZ_FIN_SEMA;62.10106374781498;A
A;55113;2011;GRAC_OCUP_PLAZ_FIN_SEMA;63.80487692351099;A
A;55113;2010;GRAC_OCUP_PLAZ_FIN_SEMA;63.01397061791282;A
A;55113;2009;GRAC_OCUP_PLAZ_FIN_SEMA;65.00871359059563;A
A;55113;2008;GRAC_OCUP_PLAZ_FIN_SEMA;38.570296649145966;A
A;55114;2020;GRAC_OCUP_PLAZ_FIN_SEMA;47.358771392810894;A
A;55114;2019;GRAC_OCUP_PLAZ_FIN_SEMA;65.2567239050758;A
A;55114;2018;GRAC_OCUP_PLAZ_FIN_SEMA;66.76005438186537;A
A;55114;2017;GRAC_OCUP_PLAZ_FIN_SEMA;65.77010842415221;A
A;55114;2016;GRAC_OCUP_PLAZ_FIN_SEMA;64.52242228335639;A
A;55114;2015;GRAC_OCUP_PLAZ_FIN_SEMA;63.85712558622305;A
A;55114;2014;GRAC_OCUP_PLAZ_FIN_SEMA;61.31706323743814;A
A;55114;2013;GRAC_OCUP_PLAZ_FIN_SEMA;57.94463821118225;A
A;55114;2011;GRAC_OCUP_PLAZ_FIN_SEMA;55.99961475430484;A
A;55114;2010;GRAC_OCUP_PLAZ_FIN_SEMA;62.41450521732592;A
A;55114;2009;GRAC_OCUP_PLAZ_FIN_SEMA;55.85050902139706;A
A;55114;2008;GRAC_OCUP_PLAZ_FIN_SEMA;44.36397231357349;A
A;55115;2020;GRAC_OCUP_PLAZ_FIN_SEMA;49.77999999999823;A
A;55115;2019;GRAC_OCUP_PLAZ_FIN_SEMA;76.25123100415951;A
A;55115;2018;GRAC_OCUP_PLAZ_FIN_SEMA;74.64537112396796;A
A;55115;2017;GRAC_OCUP_PLAZ_FIN_SEMA;75.18009923985034;A
A;55115;2016;GRAC_OCUP_PLAZ_FIN_SEMA;74.93281775175747;A
A;55115;2015;GRAC_OCUP_PLAZ_FIN_SEMA;73.62034954168831;A
A;55115;2014;GRAC_OCUP_PLAZ_FIN_SEMA;72.487650704601;A
A;55115;2013;GRAC_OCUP_PLAZ_FIN_SEMA;69.78120577100205;A
A;55115;2012;GRAC_OCUP_PLAZ_FIN_SEMA;67.58725265646983;A
A;55115;2011;GRAC_OCUP_PLAZ_FIN_SEMA;69.03842858807963;A
A;55115;2010;GRAC_OCUP_PLAZ_FIN_SEMA;66.50300695071019;A
A;55115;2009;GRAC_OCUP_PLAZ_FIN_SEMA;66.3529965284406;A
A;55115;2008;GRAC_OCUP_PLAZ_FIN_SEMA;40.51170539661368;A
A;70676;2020;GRAC_OCUP_PLAZ_FIN_SEMA;55.51999999997713;A
A;70676;2019;GRAC_OCUP_PLAZ_FIN_SEMA;65.0527166590956;A
A;70676;2018;GRAC_OCUP_PLAZ_FIN_SEMA;64.9006061332854;A
A;70676;2017;GRAC_OCUP_PLAZ_FIN_SEMA;68.61062216738227;A
A;70676;2014;GRAC_OCUP_PLAZ_FIN_SEMA;62.835407151647544;A
A;70676;2013;GRAC_OCUP_PLAZ_FIN_SEMA;60.396496327095704;A
A;70676;2012;GRAC_OCUP_PLAZ_FIN_SEMA;53.32730279713258;A
A;70676;2011;GRAC_OCUP_PLAZ_FIN_SEMA;61.06966577416831;A
A;70676;2010;GRAC_OCUP_PLAZ_FIN_SEMA;63.93829651096691;A
A;70677;2020;GRAC_OCUP_PLAZ_FIN_SEMA;46.24749724875173;A
A;70677;2019;GRAC_OCUP_PLAZ_FIN_SEMA;55.48841438515243;A
A;70677;2018;GRAC_OCUP_PLAZ_FIN_SEMA;59.19425599484647;A
A;70677;2017;GRAC_OCUP_PLAZ_FIN_SEMA;51.54357901996321;A
A;70677;2016;GRAC_OCUP_PLAZ_FIN_SEMA;59.87430681307834;A
A;70677;2015;GRAC_OCUP_PLAZ_FIN_SEMA;59.48371790042232;A
A;70677;2013;GRAC_OCUP_PLAZ_FIN_SEMA;56.01059829526604;A
A;70678;2019;GRAC_OCUP_PLAZ_FIN_SEMA;66.11499072705925;A
A;282055;2020;GRAC_OCUP_PLAZ_FIN_SEMA;45.497732461066406;A
A;282055;2019;GRAC_OCUP_PLAZ_FIN_SEMA;61.89773778168926;A
A;70679;2020;GRAC_OCUP_PLAZ_FIN_SEMA;46.669999999988065;A
A;70679;2019;GRAC_OCUP_PLAZ_FIN_SEMA;64.94244576289752;A
A;70679;2012;GRAC_OCUP_PLAZ_FIN_SEMA;40.12847124114437;A
A;70679;2009;GRAC_OCUP_PLAZ_FIN_SEMA;36.63310366645036;A
A;70679;2008;GRAC_OCUP_PLAZ_FIN_SEMA;21.7080478978125;A
A;55117;2019;GRAC_OCUP_PLAZ_FIN_SEMA;75.00677713799564;A
A;70680;2020;GRAC_OCUP_PLAZ_FIN_SEMA;26.650144869568976;A
A;302612;2019;GRAC_OCUP_PLAZ_FIN_SEMA;69.9116246887969;A
A;269776;2019;GRAC_OCUP_PLAZ_FIN_SEMA;54.380759089620625;A
A;278109;2020;GRAC_OCUP_PLAZ_FIN_SEMA;47.17890318792018;A
A;278109;2019;GRAC_OCUP_PLAZ_FIN_SEMA;66.34362509297178;A
A;70681;2020;GRAC_OCUP_PLAZ_FIN_SEMA;51.77999999998603;A
A;70681;2019;GRAC_OCUP_PLAZ_FIN_SEMA;55.38171015663072;A
A;70681;2018;GRAC_OCUP_PLAZ_FIN_SEMA;56.40363871070894;A
A;70681;2017;GRAC_OCUP_PLAZ_FIN_SEMA;53.5528971284013;A
A;70681;2016;GRAC_OCUP_PLAZ_FIN_SEMA;48.039790938808316;A
A;70681;2015;GRAC_OCUP_PLAZ_FIN_SEMA;38.94465444492663;A
A;70681;2014;GRAC_OCUP_PLAZ_FIN_SEMA;41.196460107470706;A
A;70681;2013;GRAC_OCUP_PLAZ_FIN_SEMA;39.733616819745905;A
A;70681;2012;GRAC_OCUP_PLAZ_FIN_SEMA;42.512241388156895;A
A;70681;2011;GRAC_OCUP_PLAZ_FIN_SEMA;39.20994985338431;A
A;70681;2010;GRAC_OCUP_PLAZ_FIN_SEMA;40.077585524755904;A
A;269777;2020;GRAC_OCUP_PLAZ_FIN_SEMA;43.152334127048434;A
A;269777;2019;GRAC_OCUP_PLAZ_FIN_SEMA;44.982541388367174;A
A;70682;2020;GRAC_OCUP_PLAZ_FIN_SEMA;36.039999999994464;A
A;70682;2019;GRAC_OCUP_PLAZ_FIN_SEMA;68.06338757313682;A
A;70682;2012;GRAC_OCUP_PLAZ_FIN_SEMA;52.546665016066605;A
A;70682;2010;GRAC_OCUP_PLAZ_FIN_SEMA;48.856776532102025;A
A;70682;2009;GRAC_OCUP_PLAZ_FIN_SEMA;50.80198044293877;A
A;70682;2008;GRAC_OCUP_PLAZ_FIN_SEMA;33.174791607547554;A
A;70683;2020;GRAC_OCUP_PLAZ_FIN_SEMA;41.61243791747615;A
A;70683;2019;GRAC_OCUP_PLAZ_FIN_SEMA;59.70498790754066;A
A;70683;2018;GRAC_OCUP_PLAZ_FIN_SEMA;57.612368052742994;A
A;70683;2017;GRAC_OCUP_PLAZ_FIN_SEMA;57.813306475205415;A
A;70683;2016;GRAC_OCUP_PLAZ_FIN_SEMA;54.54278878633728;A
A;70683;2015;GRAC_OCUP_PLAZ_FIN_SEMA;54.064409918967904;A
A;70683;2014;GRAC_OCUP_PLAZ_FIN_SEMA;53.447423733597574;A
A;70683;2013;GRAC_OCUP_PLAZ_FIN_SEMA;50.46128124204785;A
A;70683;2012;GRAC_OCUP_PLAZ_FIN_SEMA;39.2122031472501;A
A;70684;2020;GRAC_OCUP_PLAZ_FIN_SEMA;35.06000000001083;A
A;70684;2019;GRAC_OCUP_PLAZ_FIN_SEMA;65.81897449341038;A
A;70684;2018;GRAC_OCUP_PLAZ_FIN_SEMA;60.17824892679171;A
A;70684;2014;GRAC_OCUP_PLAZ_FIN_SEMA;52.76807533317194;A
A;70684;2013;GRAC_OCUP_PLAZ_FIN_SEMA;51.14502986201669;A
A;70684;2012;GRAC_OCUP_PLAZ_FIN_SEMA;46.371024430416846;A
A;70685;2020;GRAC_OCUP_PLAZ_FIN_SEMA;43.59999999999641;A
A;70685;2019;GRAC_OCUP_PLAZ_FIN_SEMA;77.65605625243138;A
A;70685;2018;GRAC_OCUP_PLAZ_FIN_SEMA;70.91180327637456;A
A;70685;2017;GRAC_OCUP_PLAZ_FIN_SEMA;73.51316809496102;A
A;70685;2016;GRAC_OCUP_PLAZ_FIN_SEMA;72.33094373399153;A
A;70685;2015;GRAC_OCUP_PLAZ_FIN_SEMA;66.83986501309462;A
A;70685;2014;GRAC_OCUP_PLAZ_FIN_SEMA;65.41365739873501;A
A;70685;2013;GRAC_OCUP_PLAZ_FIN_SEMA;67.37980243590053;A
A;70685;2011;GRAC_OCUP_PLAZ_FIN_SEMA;70.80586824369578;A
A;70685;2010;GRAC_OCUP_PLAZ_FIN_SEMA;64.48337151924397;A
A;70685;2009;GRAC_OCUP_PLAZ_FIN_SEMA;61.38664173010561;A
A;70685;2008;GRAC_OCUP_PLAZ_FIN_SEMA;44.14908757732744;A
A;70686;2020;GRAC_OCUP_PLAZ_FIN_SEMA;33.39000000000382;A
A;70686;2019;GRAC_OCUP_PLAZ_FIN_SEMA;66.06247484400554;A
A;70686;2018;GRAC_OCUP_PLAZ_FIN_SEMA;70.46546788028733;A
A;70686;2017;GRAC_OCUP_PLAZ_FIN_SEMA;74.35666421231913;A
A;70686;2016;GRAC_OCUP_PLAZ_FIN_SEMA;68.90283437146859;A
A;70686;2015;GRAC_OCUP_PLAZ_FIN_SEMA;65.98437752403109;A
A;70686;2014;GRAC_OCUP_PLAZ_FIN_SEMA;57.922413562707554;A
A;70686;2013;GRAC_OCUP_PLAZ_FIN_SEMA;50.18523415603248;A
A;70686;2009;GRAC_OCUP_PLAZ_FIN_SEMA;52.758090471817866;A
A;70686;2008;GRAC_OCUP_PLAZ_FIN_SEMA;35.90893938654174;A
A;70687;2020;GRAC_OCUP_PLAZ_FIN_SEMA;36.429999999997655;A
A;70687;2019;GRAC_OCUP_PLAZ_FIN_SEMA;67.57162447605863;A
A;70687;2018;GRAC_OCUP_PLAZ_FIN_SEMA;66.90174292546996;A
A;70687;2017;GRAC_OCUP_PLAZ_FIN_SEMA;67.27446264033954;A
A;70687;2016;GRAC_OCUP_PLAZ_FIN_SEMA;67.85765794130748;A
A;70687;2015;GRAC_OCUP_PLAZ_FIN_SEMA;60.973247874980515;A
A;70687;2014;GRAC_OCUP_PLAZ_FIN_SEMA;62.419217286282944;A
A;70687;2013;GRAC_OCUP_PLAZ_FIN_SEMA;59.741095252253075;A
A;70687;2012;GRAC_OCUP_PLAZ_FIN_SEMA;59.56858377758384;A
A;70687;2011;GRAC_OCUP_PLAZ_FIN_SEMA;62.74520177962291;A
A;70687;2010;GRAC_OCUP_PLAZ_FIN_SEMA;62.346739446005614;A
A;70687;2009;GRAC_OCUP_PLAZ_FIN_SEMA;58.72047918074263;A
A;70687;2008;GRAC_OCUP_PLAZ_FIN_SEMA;39.33016419354166;A
A;70688;2020;GRAC_OCUP_PLAZ_FIN_SEMA;34.70960346610157;A
A;70688;2019;GRAC_OCUP_PLAZ_FIN_SEMA;70.46267767001122;A
A;70688;2018;GRAC_OCUP_PLAZ_FIN_SEMA;71.25685899011667;A
A;70688;2017;GRAC_OCUP_PLAZ_FIN_SEMA;71.51204506723695;A
A;70688;2016;GRAC_OCUP_PLAZ_FIN_SEMA;71.17732430186865;A
A;70688;2015;GRAC_OCUP_PLAZ_FIN_SEMA;70.40794468443367;A
A;70688;2014;GRAC_OCUP_PLAZ_FIN_SEMA;68.34442447194581;A
A;70688;2013;GRAC_OCUP_PLAZ_FIN_SEMA;64.24225756507415;A
A;70688;2012;GRAC_OCUP_PLAZ_FIN_SEMA;60.114718846052284;A
A;70688;2011;GRAC_OCUP_PLAZ_FIN_SEMA;59.68307373416741;A
A;70688;2010;GRAC_OCUP_PLAZ_FIN_SEMA;54.82736505138769;A
A;70688;2009;GRAC_OCUP_PLAZ_FIN_SEMA;52.26086595438843;A
A;70688;2008;GRAC_OCUP_PLAZ_FIN_SEMA;34.72814925868216;A
A;55120;2020;GRAC_OCUP_PLAZ_FIN_SEMA;34.09069575119236;A
A;55120;2019;GRAC_OCUP_PLAZ_FIN_SEMA;59.128014435382276;A
A;55120;2018;GRAC_OCUP_PLAZ_FIN_SEMA;57.230141343861966;A
A;55120;2017;GRAC_OCUP_PLAZ_FIN_SEMA;59.55270583266996;A
A;55120;2016;GRAC_OCUP_PLAZ_FIN_SEMA;59.95289795461251;A
A;55120;2015;GRAC_OCUP_PLAZ_FIN_SEMA;59.77360896086707;A
A;55120;2014;GRAC_OCUP_PLAZ_FIN_SEMA;56.649256382081525;A
A;55120;2013;GRAC_OCUP_PLAZ_FIN_SEMA;55.55138472985418;A
A;55120;2012;GRAC_OCUP_PLAZ_FIN_SEMA;53.0238046599237;A
A;55120;2011;GRAC_OCUP_PLAZ_FIN_SEMA;55.54284023756673;A
A;55120;2010;GRAC_OCUP_PLAZ_FIN_SEMA;50.695016775839356;A
A;55120;2009;GRAC_OCUP_PLAZ_FIN_SEMA;48.62566218508173;A
A;55120;2008;GRAC_OCUP_PLAZ_FIN_SEMA;37.66117024756109;A
A;70689;2020;GRAC_OCUP_PLAZ_FIN_SEMA;47.11277940051909;A
A;70689;2019;GRAC_OCUP_PLAZ_FIN_SEMA;67.52086866595441;A
A;70689;2018;GRAC_OCUP_PLAZ_FIN_SEMA;66.07969880084451;A
A;70689;2017;GRAC_OCUP_PLAZ_FIN_SEMA;66.62990929824139;A
A;70689;2016;GRAC_OCUP_PLAZ_FIN_SEMA;65.87259167455707;A
A;70689;2015;GRAC_OCUP_PLAZ_FIN_SEMA;63.50564836621945;A
A;70689;2014;GRAC_OCUP_PLAZ_FIN_SEMA;63.41638345555092;A
A;70689;2013;GRAC_OCUP_PLAZ_FIN_SEMA;61.677115730097384;A
A;70689;2012;GRAC_OCUP_PLAZ_FIN_SEMA;58.170048521914445;A
A;70689;2011;GRAC_OCUP_PLAZ_FIN_SEMA;59.85204052416254;A
A;70689;2010;GRAC_OCUP_PLAZ_FIN_SEMA;56.61698129659584;A
A;70689;2009;GRAC_OCUP_PLAZ_FIN_SEMA;56.85231854297773;A
A;70689;2008;GRAC_OCUP_PLAZ_FIN_SEMA;38.494177357898664;A
A;55121;2020;GRAC_OCUP_PLAZ_FIN_SEMA;42.17999999999389;A
A;55121;2019;GRAC_OCUP_PLAZ_FIN_SEMA;61.3375071690664;A
A;55121;2018;GRAC_OCUP_PLAZ_FIN_SEMA;63.86940099938906;A
A;55121;2017;GRAC_OCUP_PLAZ_FIN_SEMA;68.55024825831677;A
A;55121;2016;GRAC_OCUP_PLAZ_FIN_SEMA;64.04789327942242;A
A;55121;2015;GRAC_OCUP_PLAZ_FIN_SEMA;65.33069667189274;A
A;55121;2014;GRAC_OCUP_PLAZ_FIN_SEMA;60.999344935678614;A
A;55121;2013;GRAC_OCUP_PLAZ_FIN_SEMA;56.907262447530364;A
A;55121;2012;GRAC_OCUP_PLAZ_FIN_SEMA;49.86486874272546;A
A;55121;2010;GRAC_OCUP_PLAZ_FIN_SEMA;47.548925313853054;A
A;55121;2009;GRAC_OCUP_PLAZ_FIN_SEMA;47.359813865794294;A
A;55121;2008;GRAC_OCUP_PLAZ_FIN_SEMA;31.951515627255958;A
A;70690;2020;GRAC_OCUP_PLAZ_FIN_SEMA;40.22483019988455;A
A;70690;2019;GRAC_OCUP_PLAZ_FIN_SEMA;76.36007961745493;A
A;70690;2018;GRAC_OCUP_PLAZ_FIN_SEMA;76.96779737180964;A
A;70690;2017;GRAC_OCUP_PLAZ_FIN_SEMA;78.97751335417249;A
A;70690;2016;GRAC_OCUP_PLAZ_FIN_SEMA;80.19695140603851;A
A;70690;2015;GRAC_OCUP_PLAZ_FIN_SEMA;77.5524099874138;A
A;70690;2014;GRAC_OCUP_PLAZ_FIN_SEMA;76.59205467391541;A
A;70690;2013;GRAC_OCUP_PLAZ_FIN_SEMA;76.84644487381682;A
A;70690;2012;GRAC_OCUP_PLAZ_FIN_SEMA;74.06910051797705;A
A;70690;2011;GRAC_OCUP_PLAZ_FIN_SEMA;68.74672611128308;A
A;70690;2010;GRAC_OCUP_PLAZ_FIN_SEMA;65.92173863466094;A
A;70690;2009;GRAC_OCUP_PLAZ_FIN_SEMA;68.80435515463078;A
A;70690;2008;GRAC_OCUP_PLAZ_FIN_SEMA;44.30131430387422;A
A;55122;2019;GRAC_OCUP_PLAZ_FIN_SEMA;61.25641086482341;A
A;70691;2020;GRAC_OCUP_PLAZ_FIN_SEMA;43.611548676285146;A
A;70691;2019;GRAC_OCUP_PLAZ_FIN_SEMA;76.93979910436148;A
A;70691;2018;GRAC_OCUP_PLAZ_FIN_SEMA;76.36906050058067;A
A;70691;2017;GRAC_OCUP_PLAZ_FIN_SEMA;73.5890506749496;A
A;70691;2016;GRAC_OCUP_PLAZ_FIN_SEMA;72.11762925548096;A
A;70691;2015;GRAC_OCUP_PLAZ_FIN_SEMA;70.65762089996231;A
A;70691;2014;GRAC_OCUP_PLAZ_FIN_SEMA;64.63898121739157;A
A;70691;2013;GRAC_OCUP_PLAZ_FIN_SEMA;59.59358465827705;A
A;70691;2012;GRAC_OCUP_PLAZ_FIN_SEMA;59.612472990711794;A
A;70691;2011;GRAC_OCUP_PLAZ_FIN_SEMA;61.92397729876574;A
A;70691;2010;GRAC_OCUP_PLAZ_FIN_SEMA;57.70321315998492;A
A;70691;2009;GRAC_OCUP_PLAZ_FIN_SEMA;57.27137398670051;A
A;70691;2008;GRAC_OCUP_PLAZ_FIN_SEMA;33.43951540380071;A
P;70665;2021;GRAC_OCUP_PLAZ_FIN_SEMA;53.01665650017167;A
P;55107;2021;GRAC_OCUP_PLAZ_FIN_SEMA;46.84753908909465;A
P;55108;2021;GRAC_OCUP_PLAZ_FIN_SEMA;56.93629857364016;A
P;70667;2021;GRAC_OCUP_PLAZ_FIN_SEMA;56.59557967940728;A
P;70669;2021;GRAC_OCUP_PLAZ_FIN_SEMA;36.7931117749555;A
P;55109;2021;GRAC_OCUP_PLAZ_FIN_SEMA;65.21570825607647;A
P;70671;2021;GRAC_OCUP_PLAZ_FIN_SEMA;55.09332370475255;A
P;70672;2021;GRAC_OCUP_PLAZ_FIN_SEMA;67.60545830603739;A
P;70673;2021;GRAC_OCUP_PLAZ_FIN_SEMA;65.06882324417866;A
P;55110;2021;GRAC_OCUP_PLAZ_FIN_SEMA;63.03779966326483;A
P;70674;2021;GRAC_OCUP_PLAZ_FIN_SEMA;58.21558617778435;A
P;70675;2021;GRAC_OCUP_PLAZ_FIN_SEMA;50.89460188180006;A
P;278910;2021;GRAC_OCUP_PLAZ_FIN_SEMA;55.501585081218565;A
P;55111;2021;GRAC_OCUP_PLAZ_FIN_SEMA;63.54667920188779;A
P;55113;2021;GRAC_OCUP_PLAZ_FIN_SEMA;50.32654617090832;A
P;55114;2021;GRAC_OCUP_PLAZ_FIN_SEMA;58.625678420714934;A
P;55115;2021;GRAC_OCUP_PLAZ_FIN_SEMA;60.05422267691335;A
P;70676;2021;GRAC_OCUP_PLAZ_FIN_SEMA;37.887665535564174;A
P;70679;2021;GRAC_OCUP_PLAZ_FIN_SEMA;57.05095002388763;A
P;278109;2021;GRAC_OCUP_PLAZ_FIN_SEMA;50.11880176001852;A
P;70681;2021;GRAC_OCUP_PLAZ_FIN_SEMA;55.472697069753686;A
P;269777;2021;GRAC_OCUP_PLAZ_FIN_SEMA;45.23421060638296;A
P;70682;2021;GRAC_OCUP_PLAZ_FIN_SEMA;50.3326863781696;A
P;70683;2021;GRAC_OCUP_PLAZ_FIN_SEMA;52.235126033834305;A
P;70684;2021;GRAC_OCUP_PLAZ_FIN_SEMA;38.3707444183177;A
P;70685;2021;GRAC_OCUP_PLAZ_FIN_SEMA;63.02936259183306;A
P;70686;2021;GRAC_OCUP_PLAZ_FIN_SEMA;57.24011614336252;A
P;70687;2021;GRAC_OCUP_PLAZ_FIN_SEMA;45.10691403845393;A
P;70688;2021;GRAC_OCUP_PLAZ_FIN_SEMA;52.48286593277685;A
P;55120;2021;GRAC_OCUP_PLAZ_FIN_SEMA;49.68680516135704;A
P;70689;2021;GRAC_OCUP_PLAZ_FIN_SEMA;59.84616680850563;A
P;55121;2021;GRAC_OCUP_PLAZ_FIN_SEMA;53.290759274097084;A
P;70690;2021;GRAC_OCUP_PLAZ_FIN_SEMA;59.63453927324174;A
P;55122;2021;GRAC_OCUP_PLAZ_FIN_SEMA;52.52707482190877;A
P;70691;2021;GRAC_OCUP_PLAZ_FIN_SEMA;54.31813535345248;A
A;70665;2020;GRAD_OCUP_HABI;51.437704449449505;A
A;70665;2019;GRAD_OCUP_HABI;69.30889905158568;A
A;70665;2018;GRAD_OCUP_HABI;71.78310627347356;A
A;70665;2017;GRAD_OCUP_HABI;68.88069203003761;A
A;70665;2016;GRAD_OCUP_HABI;63.55062665505374;A
A;70665;2015;GRAD_OCUP_HABI;62.2945202979253;A
A;70665;2014;GRAD_OCUP_HABI;55.35949928207222;A
A;70665;2013;GRAD_OCUP_HABI;52.60267135711905;A
A;70665;2012;GRAD_OCUP_HABI;46.538249878961565;A
A;70665;2011;GRAD_OCUP_HABI;51.244230838934016;A
A;70665;2010;GRAD_OCUP_HABI;51.0434711508717;A
A;70665;2009;GRAD_OCUP_HABI;50.65045583942271;A
A;70665;2008;GRAD_OCUP_HABI;52.882243575130595;A
A;70666;2020;GRAD_OCUP_HABI;27.48000000001775;A
A;70666;2018;GRAD_OCUP_HABI;35.965059245016555;A
A;70666;2017;GRAD_OCUP_HABI;38.463181082187425;A
A;70666;2015;GRAD_OCUP_HABI;32.68341536799815;A
A;70666;2014;GRAD_OCUP_HABI;31.116893930638685;A
A;70666;2013;GRAD_OCUP_HABI;27.186208163043048;A
A;70668;2020;GRAD_OCUP_HABI;29.006590381160255;A
A;70668;2019;GRAD_OCUP_HABI;51.60062509971904;A
A;70668;2014;GRAD_OCUP_HABI;42.566367288136576;A
A;55107;2020;GRAD_OCUP_HABI;38.12527731365132;A
A;55107;2019;GRAD_OCUP_HABI;60.8093268549928;A
A;55107;2018;GRAD_OCUP_HABI;61.5945753880531;A
A;55107;2017;GRAD_OCUP_HABI;62.825773182399004;A
A;55107;2016;GRAD_OCUP_HABI;63.804920111510185;A
A;55107;2015;GRAD_OCUP_HABI;60.79293617817912;A
A;55107;2014;GRAD_OCUP_HABI;56.10536925004352;A
A;55107;2013;GRAD_OCUP_HABI;54.733987459929885;A
A;55107;2012;GRAD_OCUP_HABI;56.64734376483426;A
A;55107;2011;GRAD_OCUP_HABI;57.93921478322629;A
A;55107;2010;GRAD_OCUP_HABI;56.01710522616483;A
A;55107;2008;GRAD_OCUP_HABI;59.52845969832428;A
A;55108;2020;GRAD_OCUP_HABI;42.25999999999343;A
A;55108;2019;GRAD_OCUP_HABI;45.78114324948746;A
A;55108;2018;GRAD_OCUP_HABI;43.36010189087802;A
A;55108;2017;GRAD_OCUP_HABI;45.713160742097465;A
A;55108;2016;GRAD_OCUP_HABI;46.10410012564353;A
A;55108;2015;GRAD_OCUP_HABI;41.886456797901246;A
A;55108;2014;GRAD_OCUP_HABI;40.12466420021348;A
A;55108;2013;GRAD_OCUP_HABI;37.82087830718239;A
A;55108;2011;GRAD_OCUP_HABI;32.11408889070871;A
A;55108;2010;GRAD_OCUP_HABI;32.75144603997238;A
A;55108;2009;GRAD_OCUP_HABI;34.73491696924178;A
A;55108;2008;GRAD_OCUP_HABI;38.70491245003067;A
A;70667;2020;GRAD_OCUP_HABI;38.91784467164887;A
A;70667;2019;GRAD_OCUP_HABI;68.68760360138813;A
A;70667;2018;GRAD_OCUP_HABI;73.18434631632798;A
A;70667;2017;GRAD_OCUP_HABI;73.40634712364104;A
A;70667;2016;GRAD_OCUP_HABI;74.64129694591242;A
A;70667;2015;GRAD_OCUP_HABI;63.1698270229941;A
A;70667;2014;GRAD_OCUP_HABI;63.89056217275898;A
A;70667;2013;GRAD_OCUP_HABI;61.06085377083231;A
A;70667;2012;GRAD_OCUP_HABI;57.4073763156217;A
A;70667;2011;GRAD_OCUP_HABI;53.24867743790986;A
A;70667;2010;GRAD_OCUP_HABI;58.56175865135271;A
A;70667;2009;GRAD_OCUP_HABI;56.28981784534355;A
A;70667;2008;GRAD_OCUP_HABI;59.37793218551172;A
A;269774;2020;GRAD_OCUP_HABI;31.3700000000009;A
A;269774;2019;GRAD_OCUP_HABI;63.46863283138381;A
A;70669;2020;GRAD_OCUP_HABI;54.36000000001652;A
A;70669;2019;GRAD_OCUP_HABI;65.57880129208668;A
A;70669;2018;GRAD_OCUP_HABI;63.6143008113091;A
A;70669;2017;GRAD_OCUP_HABI;61.1351986730573;A
A;70669;2013;GRAD_OCUP_HABI;41.13882122149805;A
A;70669;2012;GRAD_OCUP_HABI;35.62120069212509;A
A;70669;2011;GRAD_OCUP_HABI;34.631379027658106;A
A;70669;2010;GRAD_OCUP_HABI;36.84717647659231;A
A;70669;2009;GRAD_OCUP_HABI;40.86968129113785;A
A;70669;2008;GRAD_OCUP_HABI;52.62697904040946;A
A;70670;2020;GRAD_OCUP_HABI;18.391246552099144;A
A;70670;2019;GRAD_OCUP_HABI;30.825557095113922;A
A;70670;2018;GRAD_OCUP_HABI;31.102480666811722;A
A;70670;2017;GRAD_OCUP_HABI;35.698342658775125;A
A;70670;2016;GRAD_OCUP_HABI;27.9216233404247;A
A;70670;2015;GRAD_OCUP_HABI;29.27575912865499;A
A;70670;2014;GRAD_OCUP_HABI;26.71686531214107;A
A;70670;2013;GRAD_OCUP_HABI;24.500029130397564;A
A;70670;2012;GRAD_OCUP_HABI;20.241039112618342;A
A;70670;2011;GRAD_OCUP_HABI;27.209281894574083;A
A;70670;2009;GRAD_OCUP_HABI;21.523115031723705;A
A;70670;2008;GRAD_OCUP_HABI;28.939083734965944;A
A;55109;2020;GRAD_OCUP_HABI;52.57000000002048;A
A;55109;2019;GRAD_OCUP_HABI;55.5667786121143;A
A;55109;2018;GRAD_OCUP_HABI;55.690810819978374;A
A;55109;2017;GRAD_OCUP_HABI;53.66052747834821;A
A;55109;2016;GRAD_OCUP_HABI;50.12630773589794;A
A;55109;2015;GRAD_OCUP_HABI;42.36267007292025;A
A;55109;2014;GRAD_OCUP_HABI;41.325543060721074;A
A;55109;2013;GRAD_OCUP_HABI;37.70318350575461;A
A;70671;2020;GRAD_OCUP_HABI;49.390000000002594;A
A;70671;2019;GRAD_OCUP_HABI;74.80159005983238;A
A;70671;2018;GRAD_OCUP_HABI;72.01927593300846;A
A;70671;2017;GRAD_OCUP_HABI;70.59313383180199;A
A;70671;2016;GRAD_OCUP_HABI;69.28358867186797;A
A;70671;2015;GRAD_OCUP_HABI;67.64608953778401;A
A;70671;2014;GRAD_OCUP_HABI;57.141355091884954;A
A;70671;2013;GRAD_OCUP_HABI;57.298174014599205;A
A;70671;2012;GRAD_OCUP_HABI;59.842704756927404;A
A;70671;2011;GRAD_OCUP_HABI;59.978008883493864;A
A;70671;2010;GRAD_OCUP_HABI;61.12685720107527;A
A;70671;2008;GRAD_OCUP_HABI;61.5931046555922;A
A;70672;2020;GRAD_OCUP_HABI;42.659999999994916;A
A;70672;2019;GRAD_OCUP_HABI;75.40386207021618;A
A;70672;2018;GRAD_OCUP_HABI;75.34685929341443;A
A;70672;2017;GRAD_OCUP_HABI;78.00720086720592;A
A;70672;2016;GRAD_OCUP_HABI;75.23321484594247;A
A;70672;2015;GRAD_OCUP_HABI;72.05260160451347;A
A;70672;2014;GRAD_OCUP_HABI;66.84089400998634;A
A;70672;2013;GRAD_OCUP_HABI;64.584296781616;A
A;70672;2011;GRAD_OCUP_HABI;63.03105352278899;A
A;70672;2010;GRAD_OCUP_HABI;63.59713751840608;A
A;70672;2009;GRAD_OCUP_HABI;66.13144049694657;A
A;70672;2008;GRAD_OCUP_HABI;65.68093781586181;A
A;70673;2020;GRAD_OCUP_HABI;33.510000000003686;A
A;70673;2019;GRAD_OCUP_HABI;54.52628540161942;A
A;70673;2018;GRAD_OCUP_HABI;50.74009098954281;A
A;70673;2017;GRAD_OCUP_HABI;51.04465408443106;A
A;70673;2013;GRAD_OCUP_HABI;44.10219590238373;A
A;55110;2020;GRAD_OCUP_HABI;49.38999999998228;A
A;55110;2019;GRAD_OCUP_HABI;69.93048372141466;A
A;55110;2018;GRAD_OCUP_HABI;69.51408632788402;A
A;55110;2017;GRAD_OCUP_HABI;72.77939175505969;A
A;55110;2016;GRAD_OCUP_HABI;69.70106504432916;A
A;55110;2015;GRAD_OCUP_HABI;64.28161612143745;A
A;55110;2014;GRAD_OCUP_HABI;58.19781136189983;A
A;55110;2013;GRAD_OCUP_HABI;57.83629521893197;A
A;70674;2020;GRAD_OCUP_HABI;37.69999999998859;A
A;70674;2019;GRAD_OCUP_HABI;59.629877862648314;A
A;70674;2018;GRAD_OCUP_HABI;58.770076107586476;A
A;70674;2017;GRAD_OCUP_HABI;59.36725684903538;A
A;70674;2016;GRAD_OCUP_HABI;55.556026647519516;A
A;70674;2015;GRAD_OCUP_HABI;54.59888568610296;A
A;70674;2014;GRAD_OCUP_HABI;49.97013211292088;A
A;70674;2013;GRAD_OCUP_HABI;48.332605429444676;A
A;70674;2012;GRAD_OCUP_HABI;47.465073684138225;A
A;70674;2011;GRAD_OCUP_HABI;45.31033594354893;A
A;70674;2010;GRAD_OCUP_HABI;45.02023704303055;A
A;70674;2009;GRAD_OCUP_HABI;42.490391142372914;A
A;70674;2008;GRAD_OCUP_HABI;44.84566957950136;A
A;70675;2020;GRAD_OCUP_HABI;43.50449049510761;A
A;70675;2019;GRAD_OCUP_HABI;58.30880276448293;A
A;70675;2018;GRAD_OCUP_HABI;55.720317916594894;A
A;70675;2017;GRAD_OCUP_HABI;56.81442494808909;A
A;70675;2016;GRAD_OCUP_HABI;53.1032682240054;A
A;70675;2015;GRAD_OCUP_HABI;48.69286976783642;A
A;70675;2014;GRAD_OCUP_HABI;46.63879520727398;A
A;70675;2013;GRAD_OCUP_HABI;44.96266366272969;A
A;70675;2012;GRAD_OCUP_HABI;52.86592465717327;A
A;70675;2011;GRAD_OCUP_HABI;52.02331451179724;A
A;70675;2010;GRAD_OCUP_HABI;49.32902722960322;A
A;70675;2009;GRAD_OCUP_HABI;50.65441928779343;A
A;70675;2008;GRAD_OCUP_HABI;51.522164235999725;A
A;278910;2020;GRAD_OCUP_HABI;42.25893960129795;A
A;278910;2019;GRAD_OCUP_HABI;60.586417566690194;A
A;278911;2020;GRAD_OCUP_HABI;55.03632455805303;A
A;278911;2019;GRAD_OCUP_HABI;67.40159988935324;A
A;278911;2018;GRAD_OCUP_HABI;61.6977845932486;A
A;55111;2020;GRAD_OCUP_HABI;46.189999999973864;A
A;55111;2019;GRAD_OCUP_HABI;57.02237943656477;A
A;55111;2018;GRAD_OCUP_HABI;53.71539671406364;A
A;55111;2017;GRAD_OCUP_HABI;51.75001674633127;A
A;55111;2016;GRAD_OCUP_HABI;49.27606839047633;A
A;55111;2015;GRAD_OCUP_HABI;45.05350336738996;A
A;55111;2014;GRAD_OCUP_HABI;41.33363158389993;A
A;55111;2013;GRAD_OCUP_HABI;42.06404236079822;A
A;55111;2011;GRAD_OCUP_HABI;44.9812347653158;A
A;55111;2010;GRAD_OCUP_HABI;46.2815897783581;A
A;55111;2009;GRAD_OCUP_HABI;49.16655663275651;A
A;55112;2019;GRAD_OCUP_HABI;43.98531065810222;A
A;838202;2020;GRAD_OCUP_HABI;41.15000000005693;A
A;55113;2020;GRAD_OCUP_HABI;40.173548249970736;A
A;55113;2019;GRAD_OCUP_HABI;67.9045230458699;A
A;55113;2018;GRAD_OCUP_HABI;67.57011860186604;A
A;55113;2017;GRAD_OCUP_HABI;66.40112286580758;A
A;55113;2016;GRAD_OCUP_HABI;66.06424552938373;A
A;55113;2015;GRAD_OCUP_HABI;63.84104065283651;A
A;55113;2014;GRAD_OCUP_HABI;60.0726121763111;A
A;55113;2013;GRAD_OCUP_HABI;55.70380018914553;A
A;55113;2012;GRAD_OCUP_HABI;54.28633804408967;A
A;55113;2011;GRAD_OCUP_HABI;56.448535339538246;A
A;55113;2010;GRAD_OCUP_HABI;52.76625771809677;A
A;55113;2009;GRAD_OCUP_HABI;54.53394198123117;A
A;55113;2008;GRAD_OCUP_HABI;60.124818800932744;A
A;55114;2020;GRAD_OCUP_HABI;49.080264308366154;A
A;55114;2019;GRAD_OCUP_HABI;71.26549326134236;A
A;55114;2018;GRAD_OCUP_HABI;68.85572844397353;A
A;55114;2017;GRAD_OCUP_HABI;66.65121994130877;A
A;55114;2016;GRAD_OCUP_HABI;65.27499935866113;A
A;55114;2015;GRAD_OCUP_HABI;62.28751587819245;A
A;55114;2014;GRAD_OCUP_HABI;58.638761753505044;A
A;55114;2013;GRAD_OCUP_HABI;54.894861945848135;A
A;55114;2011;GRAD_OCUP_HABI;49.98293307112328;A
A;55114;2010;GRAD_OCUP_HABI;54.22990879422635;A
A;55114;2009;GRAD_OCUP_HABI;47.91673102485789;A
A;55114;2008;GRAD_OCUP_HABI;57.72557488845662;A
A;55115;2020;GRAD_OCUP_HABI;41.906880892195545;A
A;55115;2019;GRAD_OCUP_HABI;71.11388455842629;A
A;55115;2018;GRAD_OCUP_HABI;67.638211895074;A
A;55115;2017;GRAD_OCUP_HABI;69.67934795555296;A
A;55115;2016;GRAD_OCUP_HABI;68.6389589973112;A
A;55115;2015;GRAD_OCUP_HABI;65.43656452825668;A
A;55115;2014;GRAD_OCUP_HABI;62.145714886735895;A
A;55115;2013;GRAD_OCUP_HABI;58.58159044856615;A
A;55115;2012;GRAD_OCUP_HABI;55.961848668427514;A
A;55115;2011;GRAD_OCUP_HABI;56.9906506720843;A
A;55115;2010;GRAD_OCUP_HABI;54.21024379578333;A
A;55115;2009;GRAD_OCUP_HABI;53.2115729090862;A
A;55115;2008;GRAD_OCUP_HABI;58.2189656545869;A
A;70676;2020;GRAD_OCUP_HABI;54.75999999997007;A
A;70676;2019;GRAD_OCUP_HABI;66.55160698593595;A
A;70676;2018;GRAD_OCUP_HABI;69.14197148756189;A
A;70676;2017;GRAD_OCUP_HABI;64.60472864120955;A
A;70676;2014;GRAD_OCUP_HABI;53.18004079410496;A
A;70676;2013;GRAD_OCUP_HABI;53.05260158054899;A
A;70676;2012;GRAD_OCUP_HABI;48.32442380983705;A
A;70676;2011;GRAD_OCUP_HABI;52.05829014174881;A
A;70676;2010;GRAD_OCUP_HABI;52.501522057307106;A
A;70677;2020;GRAD_OCUP_HABI;42.07999999998365;A
A;70677;2019;GRAD_OCUP_HABI;57.245065615830946;A
A;70677;2018;GRAD_OCUP_HABI;58.42665529384106;A
A;70677;2017;GRAD_OCUP_HABI;52.08369843991366;A
A;70677;2016;GRAD_OCUP_HABI;53.53406218325907;A
A;70677;2015;GRAD_OCUP_HABI;51.04441298004639;A
A;70677;2013;GRAD_OCUP_HABI;49.86683003413794;A
A;70678;2019;GRAD_OCUP_HABI;72.6171040674144;A
A;282055;2020;GRAD_OCUP_HABI;49.171271653244915;A
A;282055;2019;GRAD_OCUP_HABI;70.42056985218392;A
A;70679;2020;GRAD_OCUP_HABI;50.58000000003215;A
A;70679;2019;GRAD_OCUP_HABI;66.2082281265385;A
A;70679;2012;GRAD_OCUP_HABI;45.257226663510984;A
A;70679;2009;GRAD_OCUP_HABI;44.19207367909454;A
A;70679;2008;GRAD_OCUP_HABI;47.28389691549941;A
A;55117;2019;GRAD_OCUP_HABI;70.39613687623117;A
A;70680;2020;GRAD_OCUP_HABI;32.79462195949891;A
A;302612;2019;GRAD_OCUP_HABI;68.3263424882979;A
A;269776;2019;GRAD_OCUP_HABI;60.768781533860995;A
A;278109;2020;GRAD_OCUP_HABI;36.38766451575159;A
A;278109;2019;GRAD_OCUP_HABI;48.31499453496286;A
A;70681;2020;GRAD_OCUP_HABI;35.36000000006689;A
A;70681;2019;GRAD_OCUP_HABI;37.87692041720318;A
A;70681;2018;GRAD_OCUP_HABI;38.44446116883539;A
A;70681;2017;GRAD_OCUP_HABI;35.258534513717684;A
A;70681;2016;GRAD_OCUP_HABI;33.590572064441545;A
A;70681;2015;GRAD_OCUP_HABI;27.38786324784636;A
A;70681;2014;GRAD_OCUP_HABI;29.023739582469865;A
A;70681;2013;GRAD_OCUP_HABI;27.361480489439515;A
A;70681;2012;GRAD_OCUP_HABI;29.8368401727288;A
A;70681;2011;GRAD_OCUP_HABI;28.171428503576013;A
A;70681;2010;GRAD_OCUP_HABI;29.287731220862664;A
A;269777;2020;GRAD_OCUP_HABI;36.39979986364329;A
A;269777;2019;GRAD_OCUP_HABI;31.726149660870753;A
A;70682;2020;GRAD_OCUP_HABI;40.3239370986805;A
A;70682;2019;GRAD_OCUP_HABI;60.57500236675347;A
A;70682;2012;GRAD_OCUP_HABI;47.05742248655594;A
A;70682;2010;GRAD_OCUP_HABI;47.55969739767442;A
A;70682;2009;GRAD_OCUP_HABI;48.43249110716077;A
A;70682;2008;GRAD_OCUP_HABI;54.804372884126984;A
A;70683;2020;GRAD_OCUP_HABI;30.910519653583485;A
A;70683;2019;GRAD_OCUP_HABI;44.04295311613477;A
A;70683;2018;GRAD_OCUP_HABI;44.549017365380124;A
A;70683;2017;GRAD_OCUP_HABI;43.4061577621297;A
A;70683;2016;GRAD_OCUP_HABI;40.38180031187587;A
A;70683;2015;GRAD_OCUP_HABI;37.90898561185559;A
A;70683;2014;GRAD_OCUP_HABI;38.65964103453942;A
A;70683;2013;GRAD_OCUP_HABI;34.20815830925476;A
A;70683;2012;GRAD_OCUP_HABI;31.091044095361372;A
A;70684;2020;GRAD_OCUP_HABI;35.32000000000432;A
A;70684;2019;GRAD_OCUP_HABI;59.826509991323135;A
A;70684;2018;GRAD_OCUP_HABI;54.161162641535775;A
A;70684;2014;GRAD_OCUP_HABI;46.09909579709204;A
A;70684;2013;GRAD_OCUP_HABI;43.08483461880847;A
A;70684;2012;GRAD_OCUP_HABI;43.267832441388855;A
A;70685;2020;GRAD_OCUP_HABI;44.85999999999676;A
A;70685;2019;GRAD_OCUP_HABI;84.74129738855301;A
A;70685;2018;GRAD_OCUP_HABI;82.60016041385086;A
A;70685;2017;GRAD_OCUP_HABI;85.00927946455307;A
A;70685;2016;GRAD_OCUP_HABI;83.72024923286583;A
A;70685;2015;GRAD_OCUP_HABI;77.37066261743743;A
A;70685;2014;GRAD_OCUP_HABI;75.94132698003378;A
A;70685;2013;GRAD_OCUP_HABI;75.00605646445811;A
A;70685;2011;GRAD_OCUP_HABI;76.5742155713254;A
A;70685;2010;GRAD_OCUP_HABI;65.41195377807753;A
A;70685;2009;GRAD_OCUP_HABI;64.92874508239997;A
A;70685;2008;GRAD_OCUP_HABI;71.9795653701604;A
A;70686;2020;GRAD_OCUP_HABI;30.110000000010274;A
A;70686;2019;GRAD_OCUP_HABI;64.32025938439794;A
A;70686;2018;GRAD_OCUP_HABI;68.02246784156698;A
A;70686;2017;GRAD_OCUP_HABI;72.57080369723127;A
A;70686;2016;GRAD_OCUP_HABI;69.20637055189268;A
A;70686;2015;GRAD_OCUP_HABI;66.87319442371667;A
A;70686;2014;GRAD_OCUP_HABI;55.522235027120445;A
A;70686;2013;GRAD_OCUP_HABI;45.20817075061195;A
A;70686;2009;GRAD_OCUP_HABI;44.26870412816457;A
A;70686;2008;GRAD_OCUP_HABI;48.38430498257306;A
A;70687;2020;GRAD_OCUP_HABI;35.370000000003834;A
A;70687;2019;GRAD_OCUP_HABI;72.64154821069106;A
A;70687;2018;GRAD_OCUP_HABI;72.82023020871551;A
A;70687;2017;GRAD_OCUP_HABI;77.67622593768256;A
A;70687;2016;GRAD_OCUP_HABI;77.48151598499952;A
A;70687;2015;GRAD_OCUP_HABI;69.34920048699367;A
A;70687;2014;GRAD_OCUP_HABI;61.86247265163523;A
A;70687;2013;GRAD_OCUP_HABI;58.1519447649808;A
A;70687;2012;GRAD_OCUP_HABI;56.67868869998666;A
A;70687;2011;GRAD_OCUP_HABI;58.289703842599714;A
A;70687;2010;GRAD_OCUP_HABI;60.281084556125485;A
A;70687;2009;GRAD_OCUP_HABI;58.02669759844421;A
A;70687;2008;GRAD_OCUP_HABI;62.81816840901523;A
A;70688;2020;GRAD_OCUP_HABI;38.53087588225103;A
A;70688;2019;GRAD_OCUP_HABI;78.4454373705703;A
A;70688;2018;GRAD_OCUP_HABI;77.73821351267372;A
A;70688;2017;GRAD_OCUP_HABI;77.79441754567415;A
A;70688;2016;GRAD_OCUP_HABI;77.13186924612317;A
A;70688;2015;GRAD_OCUP_HABI;73.74472055734505;A
A;70688;2014;GRAD_OCUP_HABI;69.67443165740876;A
A;70688;2013;GRAD_OCUP_HABI;65.0232341609768;A
A;70688;2012;GRAD_OCUP_HABI;61.72976891044448;A
A;70688;2011;GRAD_OCUP_HABI;60.05691651956449;A
A;70688;2010;GRAD_OCUP_HABI;56.92891683808274;A
A;70688;2009;GRAD_OCUP_HABI;54.13295808023328;A
A;70688;2008;GRAD_OCUP_HABI;61.287375423063146;A
A;55120;2020;GRAD_OCUP_HABI;40.691464056116466;A
A;55120;2019;GRAD_OCUP_HABI;68.53611490347686;A
A;55120;2018;GRAD_OCUP_HABI;65.93531919469767;A
A;55120;2017;GRAD_OCUP_HABI;67.7527297014719;A
A;55120;2016;GRAD_OCUP_HABI;67.5855854087363;A
A;55120;2015;GRAD_OCUP_HABI;65.1459307257578;A
A;55120;2014;GRAD_OCUP_HABI;60.92847817855667;A
A;55120;2013;GRAD_OCUP_HABI;59.155074240791365;A
A;55120;2012;GRAD_OCUP_HABI;56.41682950124244;A
A;55120;2011;GRAD_OCUP_HABI;57.16548587480259;A
A;55120;2010;GRAD_OCUP_HABI;52.638857887303196;A
A;55120;2009;GRAD_OCUP_HABI;48.92905090507817;A
A;55120;2008;GRAD_OCUP_HABI;54.564457419231296;A
A;70689;2020;GRAD_OCUP_HABI;46.58911241906217;A
A;70689;2019;GRAD_OCUP_HABI;74.7483083349486;A
A;70689;2018;GRAD_OCUP_HABI;72.58435403183657;A
A;70689;2017;GRAD_OCUP_HABI;73.36159382996904;A
A;70689;2016;GRAD_OCUP_HABI;74.54882760945563;A
A;70689;2015;GRAD_OCUP_HABI;71.1415464049457;A
A;70689;2014;GRAD_OCUP_HABI;63.9813292634129;A
A;70689;2013;GRAD_OCUP_HABI;64.87910763695102;A
A;70689;2012;GRAD_OCUP_HABI;59.4151269219687;A
A;70689;2011;GRAD_OCUP_HABI;60.76037737933944;A
A;70689;2010;GRAD_OCUP_HABI;60.03807204987453;A
A;70689;2009;GRAD_OCUP_HABI;59.51628213830599;A
A;70689;2008;GRAD_OCUP_HABI;64.8938302019136;A
A;55121;2020;GRAD_OCUP_HABI;32.850000000018;A
A;55121;2019;GRAD_OCUP_HABI;55.702210615271156;A
A;55121;2018;GRAD_OCUP_HABI;54.29771224262852;A
A;55121;2017;GRAD_OCUP_HABI;61.29292774894657;A
A;55121;2016;GRAD_OCUP_HABI;54.547784198612895;A
A;55121;2015;GRAD_OCUP_HABI;58.08775514448428;A
A;55121;2014;GRAD_OCUP_HABI;51.988168884890996;A
A;55121;2013;GRAD_OCUP_HABI;48.70847559646219;A
A;55121;2012;GRAD_OCUP_HABI;44.47451389488779;A
A;55121;2010;GRAD_OCUP_HABI;38.86967668693443;A
A;55121;2009;GRAD_OCUP_HABI;38.66601930372798;A
A;55121;2008;GRAD_OCUP_HABI;46.455428721634924;A
A;70690;2020;GRAD_OCUP_HABI;38.81819369563989;A
A;70690;2019;GRAD_OCUP_HABI;79.1367842334889;A
A;70690;2018;GRAD_OCUP_HABI;79.51005858083396;A
A;70690;2017;GRAD_OCUP_HABI;80.71332208919547;A
A;70690;2016;GRAD_OCUP_HABI;82.91477959114249;A
A;70690;2015;GRAD_OCUP_HABI;76.70274342125323;A
A;70690;2014;GRAD_OCUP_HABI;75.31599882920271;A
A;70690;2013;GRAD_OCUP_HABI;76.90971623925411;A
A;70690;2012;GRAD_OCUP_HABI;71.67705253340742;A
A;70690;2011;GRAD_OCUP_HABI;66.9504352443903;A
A;70690;2010;GRAD_OCUP_HABI;63.54775232205815;A
A;70690;2009;GRAD_OCUP_HABI;64.69091770428166;A
A;70690;2008;GRAD_OCUP_HABI;70.08246495765758;A
A;55122;2019;GRAD_OCUP_HABI;60.80154109076392;A
A;70691;2020;GRAD_OCUP_HABI;43.220793149601825;A
A;70691;2019;GRAD_OCUP_HABI;78.62387532289863;A
A;70691;2018;GRAD_OCUP_HABI;76.29894777349804;A
A;70691;2017;GRAD_OCUP_HABI;73.60110395825751;A
A;70691;2016;GRAD_OCUP_HABI;71.9166088779518;A
A;70691;2015;GRAD_OCUP_HABI;67.04734035498274;A
A;70691;2014;GRAD_OCUP_HABI;62.19465078161663;A
A;70691;2013;GRAD_OCUP_HABI;58.15736919291057;A
A;70691;2012;GRAD_OCUP_HABI;56.82354748861917;A
A;70691;2011;GRAD_OCUP_HABI;60.66607953912047;A
A;70691;2010;GRAD_OCUP_HABI;55.53906164732219;A
A;70691;2009;GRAD_OCUP_HABI;54.56791473660041;A
A;70691;2008;GRAD_OCUP_HABI;60.03457240070585;A
P;70665;2021;GRAD_OCUP_HABI;58.89558330904322;A
P;55107;2021;GRAD_OCUP_HABI;56.657080676732726;A
P;55108;2021;GRAD_OCUP_HABI;51.17445569917829;A
P;70667;2021;GRAD_OCUP_HABI;57.39241919127666;A
P;70669;2021;GRAD_OCUP_HABI;48.50738242806006;A
P;55109;2021;GRAD_OCUP_HABI;62.47462761734864;A
P;70671;2021;GRAD_OCUP_HABI;59.574812608505496;A
P;70672;2021;GRAD_OCUP_HABI;65.18971585625222;A
P;70673;2021;GRAD_OCUP_HABI;59.00251093132486;A
P;55110;2021;GRAD_OCUP_HABI;60.33442514744738;A
P;70674;2021;GRAD_OCUP_HABI;51.343063996439355;A
P;70675;2021;GRAD_OCUP_HABI;56.110433192584864;A
P;278910;2021;GRAD_OCUP_HABI;62.90188604046045;A
P;55111;2021;GRAD_OCUP_HABI;56.225935337849464;A
P;55113;2021;GRAD_OCUP_HABI;45.20910996924877;A
P;55114;2021;GRAD_OCUP_HABI;58.98831154152496;A
P;55115;2021;GRAD_OCUP_HABI;52.94609179471338;A
P;70676;2021;GRAD_OCUP_HABI;35.052752993565946;A
P;70679;2021;GRAD_OCUP_HABI;60.931369853222414;A
P;278109;2021;GRAD_OCUP_HABI;41.23184369355562;A
P;70681;2021;GRAD_OCUP_HABI;37.91575153171137;A
P;269777;2021;GRAD_OCUP_HABI;36.58849763529263;A
P;70682;2021;GRAD_OCUP_HABI;52.275152531270095;A
P;70683;2021;GRAD_OCUP_HABI;40.00116473799357;A
P;70684;2021;GRAD_OCUP_HABI;37.027959005422964;A
P;70685;2021;GRAD_OCUP_HABI;60.37556264024306;A
P;70686;2021;GRAD_OCUP_HABI;57.04066809700842;A
P;70687;2021;GRAD_OCUP_HABI;45.84402302458171;A
P;70688;2021;GRAD_OCUP_HABI;56.030404890440366;A
P;55120;2021;GRAD_OCUP_HABI;57.75578636809106;A
P;70689;2021;GRAD_OCUP_HABI;58.28535310427663;A
P;55121;2021;GRAD_OCUP_HABI;43.1716101780202;A
P;70690;2021;GRAD_OCUP_HABI;55.609284600275174;A
P;55122;2021;GRAD_OCUP_HABI;48.66108230627421;A
P;70691;2021;GRAD_OCUP_HABI;49.85992636298472;A
