TEMPORAL;SEXO;MCVL_TIPOPRESTACION;TERRITORIO;INDICATOR;OBS_VALUE;FREQ
2006;M;55174;ES611;POP;20225.0;A
2006;M;55174;ES612;POP;46250.0;A
2006;M;55174;ES613;POP;23175.0;A
2006;M;55174;ES614;POP;24000.0;A
2006;M;55174;ES615;POP;20850.0;A
2006;M;55174;ES616;POP;20100.0;A
2006;M;55174;ES617;POP;48425.0;A
2006;M;55174;ES618;POP;57775.0;A
2006;M;55174;ES61;POP;260800.0;A
2006;M;55175;ES611;POP;7925.0;A
2006;M;55175;ES612;POP;23525.0;A
2006;M;55175;ES613;POP;21425.0;A
2006;M;55175;ES614;POP;17650.0;A
2006;M;55175;ES615;POP;11125.0;A
2006;M;55175;ES616;POP;18700.0;A
2006;M;55175;ES617;POP;17375.0;A
2006;M;55175;ES618;POP;41800.0;A
2006;M;55175;ES61;POP;159525.0;A
2006;M;55176;ES611;POP;1150.0;A
2006;M;55176;ES612;POP;4700.0;A
2006;M;55176;ES613;POP;2400.0;A
2006;M;55176;ES614;POP;2225.0;A
2006;M;55176;ES615;POP;1400.0;A
2006;M;55176;ES616;POP;1800.0;A
2006;M;55176;ES617;POP;3275.0;A
2006;M;55176;ES618;POP;5025.0;A
2006;M;55176;ES61;POP;21975.0;A
2006;M;55173;ES611;POP;226050.0;A
2006;M;55173;ES612;POP;399550.0;A
2006;M;55173;ES613;POP;277350.0;A
2006;M;55173;ES614;POP;307625.0;A
2006;M;55173;ES615;POP;180750.0;A
2006;M;55173;ES616;POP;237175.0;A
2006;M;55173;ES617;POP;501900.0;A
2006;M;55173;ES618;POP;639825.0;A
2006;M;55173;ES61;POP;2770225.0;A
2006;F;55174;ES611;POP;16875.0;A
2006;F;55174;ES612;POP;23425.0;A
2006;F;55174;ES613;POP;13450.0;A
2006;F;55174;ES614;POP;15125.0;A
2006;F;55174;ES615;POP;10175.0;A
2006;F;55174;ES616;POP;10400.0;A
2006;F;55174;ES617;POP;34050.0;A
2006;F;55174;ES618;POP;34250.0;A
2006;F;55174;ES61;POP;157750.0;A
2006;F;55175;ES611;POP;14050.0;A
2006;F;55175;ES612;POP;27800.0;A
2006;F;55175;ES613;POP;36100.0;A
2006;F;55175;ES614;POP;30625.0;A
2006;F;55175;ES615;POP;20425.0;A
2006;F;55175;ES616;POP;28625.0;A
2006;F;55175;ES617;POP;25300.0;A
2006;F;55175;ES618;POP;66125.0;A
2006;F;55175;ES61;POP;249050.0;A
2006;F;55176;ES611;POP;1775.0;A
2006;F;55176;ES612;POP;3250.0;A
2006;F;55176;ES613;POP;2200.0;A
2006;F;55176;ES614;POP;1825.0;A
2006;F;55176;ES615;POP;1825.0;A
2006;F;55176;ES616;POP;1425.0;A
2006;F;55176;ES617;POP;3400.0;A
2006;F;55176;ES618;POP;5075.0;A
2006;F;55176;ES61;POP;20775.0;A
2006;F;55173;ES611;POP;164675.0;A
2006;F;55173;ES612;POP;274050.0;A
2006;F;55173;ES613;POP;221950.0;A
2006;F;55173;ES614;POP;248875.0;A
2006;F;55173;ES615;POP;159925.0;A
2006;F;55173;ES616;POP;174275.0;A
2006;F;55173;ES617;POP;390875.0;A
2006;F;55173;ES618;POP;508275.0;A
2006;F;55173;ES61;POP;2142900.0;A
2006;_T;55174;ES611;POP;37100.0;A
2006;_T;55174;ES612;POP;69675.0;A
2006;_T;55174;ES613;POP;36625.0;A
2006;_T;55174;ES614;POP;39125.0;A
2006;_T;55174;ES615;POP;31025.0;A
2006;_T;55174;ES616;POP;30500.0;A
2006;_T;55174;ES617;POP;82475.0;A
2006;_T;55174;ES618;POP;92025.0;A
2006;_T;55174;ES61;POP;418550.0;A
2006;_T;55175;ES611;POP;21975.0;A
2006;_T;55175;ES612;POP;51325.0;A
2006;_T;55175;ES613;POP;57525.0;A
2006;_T;55175;ES614;POP;48275.0;A
2006;_T;55175;ES615;POP;31550.0;A
2006;_T;55175;ES616;POP;47325.0;A
2006;_T;55175;ES617;POP;42675.0;A
2006;_T;55175;ES618;POP;107925.0;A
2006;_T;55175;ES61;POP;408575.0;A
2006;_T;55176;ES611;POP;2925.0;A
2006;_T;55176;ES612;POP;7950.0;A
2006;_T;55176;ES613;POP;4600.0;A
2006;_T;55176;ES614;POP;4050.0;A
2006;_T;55176;ES615;POP;3225.0;A
2006;_T;55176;ES616;POP;3225.0;A
2006;_T;55176;ES617;POP;6675.0;A
2006;_T;55176;ES618;POP;10100.0;A
2006;_T;55176;ES61;POP;42750.0;A
2006;_T;55173;ES611;POP;390725.0;A
2006;_T;55173;ES612;POP;673600.0;A
2006;_T;55173;ES613;POP;499300.0;A
2006;_T;55173;ES614;POP;556500.0;A
2006;_T;55173;ES615;POP;340675.0;A
2006;_T;55173;ES616;POP;411450.0;A
2006;_T;55173;ES617;POP;892775.0;A
2006;_T;55173;ES618;POP;1148100.0;A
2006;_T;55173;ES61;POP;4913125.0;A
2007;M;55174;ES611;POP;25825.0;A
2007;M;55174;ES612;POP;52575.0;A
2007;M;55174;ES613;POP;26025.0;A
2007;M;55174;ES614;POP;28375.0;A
2007;M;55174;ES615;POP;24250.0;A
2007;M;55174;ES616;POP;21025.0;A
2007;M;55174;ES617;POP;55575.0;A
2007;M;55174;ES618;POP;63175.0;A
2007;M;55174;ES61;POP;296825.0;A
2007;M;55175;ES611;POP;7800.0;A
2007;M;55175;ES612;POP;22125.0;A
2007;M;55175;ES613;POP;20400.0;A
2007;M;55175;ES614;POP;17850.0;A
2007;M;55175;ES615;POP;10325.0;A
2007;M;55175;ES616;POP;19025.0;A
2007;M;55175;ES617;POP;17775.0;A
2007;M;55175;ES618;POP;39625.0;A
2007;M;55175;ES61;POP;154925.0;A
2007;M;55176;ES611;POP;1325.0;A
2007;M;55176;ES612;POP;4975.0;A
2007;M;55176;ES613;POP;2600.0;A
2007;M;55176;ES614;POP;1950.0;A
2007;M;55176;ES615;POP;1375.0;A
2007;M;55176;ES616;POP;1650.0;A
2007;M;55176;ES617;POP;3500.0;A
2007;M;55176;ES618;POP;5200.0;A
2007;M;55176;ES61;POP;22575.0;A
2007;M;55173;ES611;POP;230650.0;A
2007;M;55173;ES612;POP;408300.0;A
2007;M;55173;ES613;POP;282150.0;A
2007;M;55173;ES614;POP;313925.0;A
2007;M;55173;ES615;POP;185150.0;A
2007;M;55173;ES616;POP;240475.0;A
2007;M;55173;ES617;POP;511850.0;A
2007;M;55173;ES618;POP;650575.0;A
2007;M;55173;ES61;POP;2823075.0;A
2007;F;55174;ES611;POP;19125.0;A
2007;F;55174;ES612;POP;26075.0;A
2007;F;55174;ES613;POP;14550.0;A
2007;F;55174;ES614;POP;18475.0;A
2007;F;55174;ES615;POP;11750.0;A
2007;F;55174;ES616;POP;10375.0;A
2007;F;55174;ES617;POP;37825.0;A
2007;F;55174;ES618;POP;39200.0;A
2007;F;55174;ES61;POP;177375.0;A
2007;F;55175;ES611;POP;14525.0;A
2007;F;55175;ES612;POP;34600.0;A
2007;F;55175;ES613;POP;38800.0;A
2007;F;55175;ES614;POP;30750.0;A
2007;F;55175;ES615;POP;21550.0;A
2007;F;55175;ES616;POP;31025.0;A
2007;F;55175;ES617;POP;29075.0;A
2007;F;55175;ES618;POP;72875.0;A
2007;F;55175;ES61;POP;273200.0;A
2007;F;55176;ES611;POP;1550.0;A
2007;F;55176;ES612;POP;4075.0;A
2007;F;55176;ES613;POP;1900.0;A
2007;F;55176;ES614;POP;2250.0;A
2007;F;55176;ES615;POP;2000.0;A
2007;F;55176;ES616;POP;1275.0;A
2007;F;55176;ES617;POP;4000.0;A
2007;F;55176;ES618;POP;5175.0;A
2007;F;55176;ES61;POP;22225.0;A
2007;F;55173;ES611;POP;173475.0;A
2007;F;55173;ES612;POP;292650.0;A
2007;F;55173;ES613;POP;230400.0;A
2007;F;55173;ES614;POP;259125.0;A
2007;F;55173;ES615;POP;163800.0;A
2007;F;55173;ES616;POP;182100.0;A
2007;F;55173;ES617;POP;407325.0;A
2007;F;55173;ES618;POP;535675.0;A
2007;F;55173;ES61;POP;2244550.0;A
2007;_T;55174;ES611;POP;44950.0;A
2007;_T;55174;ES612;POP;78650.0;A
2007;_T;55174;ES613;POP;40575.0;A
2007;_T;55174;ES614;POP;46850.0;A
2007;_T;55174;ES615;POP;36000.0;A
2007;_T;55174;ES616;POP;31400.0;A
2007;_T;55174;ES617;POP;93400.0;A
2007;_T;55174;ES618;POP;102375.0;A
2007;_T;55174;ES61;POP;474200.0;A
2007;_T;55175;ES611;POP;22325.0;A
2007;_T;55175;ES612;POP;56725.0;A
2007;_T;55175;ES613;POP;59200.0;A
2007;_T;55175;ES614;POP;48600.0;A
2007;_T;55175;ES615;POP;31875.0;A
2007;_T;55175;ES616;POP;50050.0;A
2007;_T;55175;ES617;POP;46850.0;A
2007;_T;55175;ES618;POP;112500.0;A
2007;_T;55175;ES61;POP;428125.0;A
2007;_T;55176;ES611;POP;2875.0;A
2007;_T;55176;ES612;POP;9050.0;A
2007;_T;55176;ES613;POP;4500.0;A
2007;_T;55176;ES614;POP;4200.0;A
2007;_T;55176;ES615;POP;3375.0;A
2007;_T;55176;ES616;POP;2925.0;A
2007;_T;55176;ES617;POP;7500.0;A
2007;_T;55176;ES618;POP;10375.0;A
2007;_T;55176;ES61;POP;44800.0;A
2007;_T;55173;ES611;POP;404125.0;A
2007;_T;55173;ES612;POP;700950.0;A
2007;_T;55173;ES613;POP;512550.0;A
2007;_T;55173;ES614;POP;573050.0;A
2007;_T;55173;ES615;POP;348950.0;A
2007;_T;55173;ES616;POP;422575.0;A
2007;_T;55173;ES617;POP;919175.0;A
2007;_T;55173;ES618;POP;1186250.0;A
2007;_T;55173;ES61;POP;5067625.0;A
2008;M;55174;ES611;POP;38850.0;A
2008;M;55174;ES612;POP;68550.0;A
2008;M;55174;ES613;POP;36400.0;A
2008;M;55174;ES614;POP;41525.0;A
2008;M;55174;ES615;POP;30475.0;A
2008;M;55174;ES616;POP;29675.0;A
2008;M;55174;ES617;POP;79600.0;A
2008;M;55174;ES618;POP;94275.0;A
2008;M;55174;ES61;POP;419350.0;A
2008;M;55175;ES611;POP;9250.0;A
2008;M;55175;ES612;POP;25775.0;A
2008;M;55175;ES613;POP;21175.0;A
2008;M;55175;ES614;POP;18950.0;A
2008;M;55175;ES615;POP;10100.0;A
2008;M;55175;ES616;POP;18675.0;A
2008;M;55175;ES617;POP;20675.0;A
2008;M;55175;ES618;POP;40575.0;A
2008;M;55175;ES61;POP;165175.0;A
2008;M;55176;ES611;POP;2900.0;A
2008;M;55176;ES612;POP;8600.0;A
2008;M;55176;ES613;POP;4300.0;A
2008;M;55176;ES614;POP;3950.0;A
2008;M;55176;ES615;POP;3200.0;A
2008;M;55176;ES616;POP;2900.0;A
2008;M;55176;ES617;POP;6475.0;A
2008;M;55176;ES618;POP;9675.0;A
2008;M;55176;ES61;POP;42000.0;A
2008;M;55173;ES611;POP;229700.0;A
2008;M;55173;ES612;POP;404575.0;A
2008;M;55173;ES613;POP;282300.0;A
2008;M;55173;ES614;POP;311175.0;A
2008;M;55173;ES615;POP;184825.0;A
2008;M;55173;ES616;POP;240025.0;A
2008;M;55173;ES617;POP;506975.0;A
2008;M;55173;ES618;POP;651450.0;A
2008;M;55173;ES61;POP;2811025.0;A
2008;F;55174;ES611;POP;22175.0;A
2008;F;55174;ES612;POP;28975.0;A
2008;F;55174;ES613;POP;15875.0;A
2008;F;55174;ES614;POP;22100.0;A
2008;F;55174;ES615;POP;15450.0;A
2008;F;55174;ES616;POP;11225.0;A
2008;F;55174;ES617;POP;43925.0;A
2008;F;55174;ES618;POP;46650.0;A
2008;F;55174;ES61;POP;206375.0;A
2008;F;55175;ES611;POP;15825.0;A
2008;F;55175;ES612;POP;42950.0;A
2008;F;55175;ES613;POP;41275.0;A
2008;F;55175;ES614;POP;33150.0;A
2008;F;55175;ES615;POP;21925.0;A
2008;F;55175;ES616;POP;32475.0;A
2008;F;55175;ES617;POP;32900.0;A
2008;F;55175;ES618;POP;77775.0;A
2008;F;55175;ES61;POP;298275.0;A
2008;F;55176;ES611;POP;2750.0;A
2008;F;55176;ES612;POP;4525.0;A
2008;F;55176;ES613;POP;2825.0;A
2008;F;55176;ES614;POP;2825.0;A
2008;F;55176;ES615;POP;2275.0;A
2008;F;55176;ES616;POP;2000.0;A
2008;F;55176;ES617;POP;6000.0;A
2008;F;55176;ES618;POP;7425.0;A
2008;F;55176;ES61;POP;30625.0;A
2008;F;55173;ES611;POP;180225.0;A
2008;F;55173;ES612;POP;305625.0;A
2008;F;55173;ES613;POP;235725.0;A
2008;F;55173;ES614;POP;262125.0;A
2008;F;55173;ES615;POP;173400.0;A
2008;F;55173;ES616;POP;186400.0;A
2008;F;55173;ES617;POP;415400.0;A
2008;F;55173;ES618;POP;550625.0;A
2008;F;55173;ES61;POP;2309525.0;A
2008;_T;55174;ES611;POP;61025.0;A
2008;_T;55174;ES612;POP;97525.0;A
2008;_T;55174;ES613;POP;52275.0;A
2008;_T;55174;ES614;POP;63625.0;A
2008;_T;55174;ES615;POP;45925.0;A
2008;_T;55174;ES616;POP;40900.0;A
2008;_T;55174;ES617;POP;123525.0;A
2008;_T;55174;ES618;POP;140925.0;A
2008;_T;55174;ES61;POP;625725.0;A
2008;_T;55175;ES611;POP;25075.0;A
2008;_T;55175;ES612;POP;68725.0;A
2008;_T;55175;ES613;POP;62450.0;A
2008;_T;55175;ES614;POP;52100.0;A
2008;_T;55175;ES615;POP;32025.0;A
2008;_T;55175;ES616;POP;51150.0;A
2008;_T;55175;ES617;POP;53575.0;A
2008;_T;55175;ES618;POP;118350.0;A
2008;_T;55175;ES61;POP;463450.0;A
2008;_T;55176;ES611;POP;5650.0;A
2008;_T;55176;ES612;POP;13125.0;A
2008;_T;55176;ES613;POP;7125.0;A
2008;_T;55176;ES614;POP;6775.0;A
2008;_T;55176;ES615;POP;5475.0;A
2008;_T;55176;ES616;POP;4900.0;A
2008;_T;55176;ES617;POP;12475.0;A
2008;_T;55176;ES618;POP;17100.0;A
2008;_T;55176;ES61;POP;72625.0;A
2008;_T;55173;ES611;POP;409925.0;A
2008;_T;55173;ES612;POP;710200.0;A
2008;_T;55173;ES613;POP;518025.0;A
2008;_T;55173;ES614;POP;573300.0;A
2008;_T;55173;ES615;POP;358225.0;A
2008;_T;55173;ES616;POP;426425.0;A
2008;_T;55173;ES617;POP;922375.0;A
2008;_T;55173;ES618;POP;1202075.0;A
2008;_T;55173;ES61;POP;5120550.0;A
2009;M;55174;ES611;POP;37900.0;A
2009;M;55174;ES612;POP;62050.0;A
2009;M;55174;ES613;POP;35350.0;A
2009;M;55174;ES614;POP;40650.0;A
2009;M;55174;ES615;POP;30775.0;A
2009;M;55174;ES616;POP;32325.0;A
2009;M;55174;ES617;POP;77450.0;A
2009;M;55174;ES618;POP;94525.0;A
2009;M;55174;ES61;POP;411025.0;A
2009;M;55175;ES611;POP;12650.0;A
2009;M;55175;ES612;POP;33575.0;A
2009;M;55175;ES613;POP;25450.0;A
2009;M;55175;ES614;POP;23650.0;A
2009;M;55175;ES615;POP;13250.0;A
2009;M;55175;ES616;POP;21100.0;A
2009;M;55175;ES617;POP;29400.0;A
2009;M;55175;ES618;POP;49225.0;A
2009;M;55175;ES61;POP;208300.0;A
2009;M;55176;ES611;POP;10700.0;A
2009;M;55176;ES612;POP;19525.0;A
2009;M;55176;ES613;POP;10775.0;A
2009;M;55176;ES614;POP;11575.0;A
2009;M;55176;ES615;POP;7775.0;A
2009;M;55176;ES616;POP;6125.0;A
2009;M;55176;ES617;POP;19675.0;A
2009;M;55176;ES618;POP;24725.0;A
2009;M;55176;ES61;POP;110875.0;A
2009;M;55173;ES611;POP;227875.0;A
2009;M;55173;ES612;POP;396500.0;A
2009;M;55173;ES613;POP;276500.0;A
2009;M;55173;ES614;POP;305525.0;A
2009;M;55173;ES615;POP;184200.0;A
2009;M;55173;ES616;POP;237825.0;A
2009;M;55173;ES617;POP;499475.0;A
2009;M;55173;ES618;POP;644375.0;A
2009;M;55173;ES61;POP;2772275.0;A
2009;F;55174;ES611;POP;22125.0;A
2009;F;55174;ES612;POP;30800.0;A
2009;F;55174;ES613;POP;15900.0;A
2009;F;55174;ES614;POP;21200.0;A
2009;F;55174;ES615;POP;16975.0;A
2009;F;55174;ES616;POP;13175.0;A
2009;F;55174;ES617;POP;43800.0;A
2009;F;55174;ES618;POP;46050.0;A
2009;F;55174;ES61;POP;210025.0;A
2009;F;55175;ES611;POP;18925.0;A
2009;F;55175;ES612;POP;49600.0;A
2009;F;55175;ES613;POP;42525.0;A
2009;F;55175;ES614;POP;36550.0;A
2009;F;55175;ES615;POP;23200.0;A
2009;F;55175;ES616;POP;33850.0;A
2009;F;55175;ES617;POP;40500.0;A
2009;F;55175;ES618;POP;84475.0;A
2009;F;55175;ES61;POP;329625.0;A
2009;F;55176;ES611;POP;6075.0;A
2009;F;55176;ES612;POP;8650.0;A
2009;F;55176;ES613;POP;5475.0;A
2009;F;55176;ES614;POP;6200.0;A
2009;F;55176;ES615;POP;4550.0;A
2009;F;55176;ES616;POP;2800.0;A
2009;F;55176;ES617;POP;11750.0;A
2009;F;55176;ES618;POP;13250.0;A
2009;F;55176;ES61;POP;58750.0;A
2009;F;55173;ES611;POP;183225.0;A
2009;F;55173;ES612;POP;310725.0;A
2009;F;55173;ES613;POP;236175.0;A
2009;F;55173;ES614;POP;263775.0;A
2009;F;55173;ES615;POP;174350.0;A
2009;F;55173;ES616;POP;189675.0;A
2009;F;55173;ES617;POP;419675.0;A
2009;F;55173;ES618;POP;553750.0;A
2009;F;55173;ES61;POP;2331350.0;A
2009;_T;55174;ES611;POP;60025.0;A
2009;_T;55174;ES612;POP;92850.0;A
2009;_T;55174;ES613;POP;51250.0;A
2009;_T;55174;ES614;POP;61850.0;A
2009;_T;55174;ES615;POP;47750.0;A
2009;_T;55174;ES616;POP;45500.0;A
2009;_T;55174;ES617;POP;121250.0;A
2009;_T;55174;ES618;POP;140575.0;A
2009;_T;55174;ES61;POP;621050.0;A
2009;_T;55175;ES611;POP;31575.0;A
2009;_T;55175;ES612;POP;83175.0;A
2009;_T;55175;ES613;POP;67975.0;A
2009;_T;55175;ES614;POP;60200.0;A
2009;_T;55175;ES615;POP;36450.0;A
2009;_T;55175;ES616;POP;54950.0;A
2009;_T;55175;ES617;POP;69900.0;A
2009;_T;55175;ES618;POP;133700.0;A
2009;_T;55175;ES61;POP;537925.0;A
2009;_T;55176;ES611;POP;16775.0;A
2009;_T;55176;ES612;POP;28175.0;A
2009;_T;55176;ES613;POP;16250.0;A
2009;_T;55176;ES614;POP;17775.0;A
2009;_T;55176;ES615;POP;12325.0;A
2009;_T;55176;ES616;POP;8925.0;A
2009;_T;55176;ES617;POP;31425.0;A
2009;_T;55176;ES618;POP;37975.0;A
2009;_T;55176;ES61;POP;169625.0;A
2009;_T;55173;ES611;POP;411100.0;A
2009;_T;55173;ES612;POP;707225.0;A
2009;_T;55173;ES613;POP;512675.0;A
2009;_T;55173;ES614;POP;569300.0;A
2009;_T;55173;ES615;POP;358550.0;A
2009;_T;55173;ES616;POP;427500.0;A
2009;_T;55173;ES617;POP;919150.0;A
2009;_T;55173;ES618;POP;1198125.0;A
2009;_T;55173;ES61;POP;5103625.0;A
2010;M;55174;ES611;POP;31950.0;A
2010;M;55174;ES612;POP;48950.0;A
2010;M;55174;ES613;POP;28900.0;A
2010;M;55174;ES614;POP;33875.0;A
2010;M;55174;ES615;POP;27000.0;A
2010;M;55174;ES616;POP;27975.0;A
2010;M;55174;ES617;POP;64375.0;A
2010;M;55174;ES618;POP;75500.0;A
2010;M;55174;ES61;POP;338525.0;A
2010;M;55175;ES611;POP;24575.0;A
2010;M;55175;ES612;POP;49975.0;A
2010;M;55175;ES613;POP;34400.0;A
2010;M;55175;ES614;POP;34975.0;A
2010;M;55175;ES615;POP;19700.0;A
2010;M;55175;ES616;POP;27100.0;A
2010;M;55175;ES617;POP;50625.0;A
2010;M;55175;ES618;POP;72700.0;A
2010;M;55175;ES61;POP;314050.0;A
2010;M;55176;ES611;POP;11725.0;A
2010;M;55176;ES612;POP;19425.0;A
2010;M;55176;ES613;POP;10900.0;A
2010;M;55176;ES614;POP;11900.0;A
2010;M;55176;ES615;POP;9450.0;A
2010;M;55176;ES616;POP;6825.0;A
2010;M;55176;ES617;POP;20875.0;A
2010;M;55176;ES618;POP;27400.0;A
2010;M;55176;ES61;POP;118500.0;A
2010;M;55173;ES611;POP;227925.0;A
2010;M;55173;ES612;POP;395675.0;A
2010;M;55173;ES613;POP;276250.0;A
2010;M;55173;ES614;POP;304775.0;A
2010;M;55173;ES615;POP;183725.0;A
2010;M;55173;ES616;POP;239050.0;A
2010;M;55173;ES617;POP;497100.0;A
2010;M;55173;ES618;POP;642650.0;A
2010;M;55173;ES61;POP;2767150.0;A
2010;F;55174;ES611;POP;20200.0;A
2010;F;55174;ES612;POP;27575.0;A
2010;F;55174;ES613;POP;14350.0;A
2010;F;55174;ES614;POP;18975.0;A
2010;F;55174;ES615;POP;17475.0;A
2010;F;55174;ES616;POP;12225.0;A
2010;F;55174;ES617;POP;38900.0;A
2010;F;55174;ES618;POP;41025.0;A
2010;F;55174;ES61;POP;190725.0;A
2010;F;55175;ES611;POP;25000.0;A
2010;F;55175;ES612;POP;60400.0;A
2010;F;55175;ES613;POP;47850.0;A
2010;F;55175;ES614;POP;42800.0;A
2010;F;55175;ES615;POP;28025.0;A
2010;F;55175;ES616;POP;37100.0;A
2010;F;55175;ES617;POP;54075.0;A
2010;F;55175;ES618;POP;99025.0;A
2010;F;55175;ES61;POP;394275.0;A
2010;F;55176;ES611;POP;7375.0;A
2010;F;55176;ES612;POP;8900.0;A
2010;F;55176;ES613;POP;5025.0;A
2010;F;55176;ES614;POP;7225.0;A
2010;F;55176;ES615;POP;7175.0;A
2010;F;55176;ES616;POP;3325.0;A
2010;F;55176;ES617;POP;13950.0;A
2010;F;55176;ES618;POP;13800.0;A
2010;F;55176;ES61;POP;66775.0;A
2010;F;55173;ES611;POP;184525.0;A
2010;F;55173;ES612;POP;315575.0;A
2010;F;55173;ES613;POP;238675.0;A
2010;F;55173;ES614;POP;265400.0;A
2010;F;55173;ES615;POP;173300.0;A
2010;F;55173;ES616;POP;192050.0;A
2010;F;55173;ES617;POP;431500.0;A
2010;F;55173;ES618;POP;559025.0;A
2010;F;55173;ES61;POP;2360050.0;A
2010;_T;55174;ES611;POP;52150.0;A
2010;_T;55174;ES612;POP;76525.0;A
2010;_T;55174;ES613;POP;43250.0;A
2010;_T;55174;ES614;POP;52850.0;A
2010;_T;55174;ES615;POP;44475.0;A
2010;_T;55174;ES616;POP;40200.0;A
2010;_T;55174;ES617;POP;103275.0;A
2010;_T;55174;ES618;POP;116525.0;A
2010;_T;55174;ES61;POP;529250.0;A
2010;_T;55175;ES611;POP;49575.0;A
2010;_T;55175;ES612;POP;110375.0;A
2010;_T;55175;ES613;POP;82250.0;A
2010;_T;55175;ES614;POP;77775.0;A
2010;_T;55175;ES615;POP;47725.0;A
2010;_T;55175;ES616;POP;64200.0;A
2010;_T;55175;ES617;POP;104700.0;A
2010;_T;55175;ES618;POP;171725.0;A
2010;_T;55175;ES61;POP;708325.0;A
2010;_T;55176;ES611;POP;19100.0;A
2010;_T;55176;ES612;POP;28325.0;A
2010;_T;55176;ES613;POP;15925.0;A
2010;_T;55176;ES614;POP;19125.0;A
2010;_T;55176;ES615;POP;16625.0;A
2010;_T;55176;ES616;POP;10150.0;A
2010;_T;55176;ES617;POP;34825.0;A
2010;_T;55176;ES618;POP;41200.0;A
2010;_T;55176;ES61;POP;185275.0;A
2010;_T;55173;ES611;POP;412450.0;A
2010;_T;55173;ES612;POP;711250.0;A
2010;_T;55173;ES613;POP;514925.0;A
2010;_T;55173;ES614;POP;570175.0;A
2010;_T;55173;ES615;POP;357025.0;A
2010;_T;55173;ES616;POP;431100.0;A
2010;_T;55173;ES617;POP;928600.0;A
2010;_T;55173;ES618;POP;1201675.0;A
2010;_T;55173;ES61;POP;5127200.0;A
2011;M;55174;ES611;POP;25375.0;A
2011;M;55174;ES612;POP;47075.0;A
2011;M;55174;ES613;POP;27600.0;A
2011;M;55174;ES614;POP;31150.0;A
2011;M;55174;ES615;POP;21400.0;A
2011;M;55174;ES616;POP;24150.0;A
2011;M;55174;ES617;POP;57550.0;A
2011;M;55174;ES618;POP;70250.0;A
2011;M;55174;ES61;POP;304550.0;A
2011;M;55175;ES611;POP;31575.0;A
2011;M;55175;ES612;POP;53700.0;A
2011;M;55175;ES613;POP;39375.0;A
2011;M;55175;ES614;POP;38825.0;A
2011;M;55175;ES615;POP;27475.0;A
2011;M;55175;ES616;POP;32200.0;A
2011;M;55175;ES617;POP;54925.0;A
2011;M;55175;ES618;POP;83350.0;A
2011;M;55175;ES61;POP;361425.0;A
2011;M;55176;ES611;POP;7075.0;A
2011;M;55176;ES612;POP;13175.0;A
2011;M;55176;ES613;POP;6125.0;A
2011;M;55176;ES614;POP;7750.0;A
2011;M;55176;ES615;POP;6200.0;A
2011;M;55176;ES616;POP;6275.0;A
2011;M;55176;ES617;POP;14625.0;A
2011;M;55176;ES618;POP;15675.0;A
2011;M;55176;ES61;POP;76900.0;A
2011;M;55173;ES611;POP;224925.0;A
2011;M;55173;ES612;POP;390025.0;A
2011;M;55173;ES613;POP;272975.0;A
2011;M;55173;ES614;POP;302225.0;A
2011;M;55173;ES615;POP;182150.0;A
2011;M;55173;ES616;POP;238625.0;A
2011;M;55173;ES617;POP;490225.0;A
2011;M;55173;ES618;POP;636450.0;A
2011;M;55173;ES61;POP;2737600.0;A
2011;F;55174;ES611;POP;19500.0;A
2011;F;55174;ES612;POP;29675.0;A
2011;F;55174;ES613;POP;15450.0;A
2011;F;55174;ES614;POP;20175.0;A
2011;F;55174;ES615;POP;12200.0;A
2011;F;55174;ES616;POP;12225.0;A
2011;F;55174;ES617;POP;41175.0;A
2011;F;55174;ES618;POP;43550.0;A
2011;F;55174;ES61;POP;193950.0;A
2011;F;55175;ES611;POP;28975.0;A
2011;F;55175;ES612;POP;60425.0;A
2011;F;55175;ES613;POP;48725.0;A
2011;F;55175;ES614;POP;44950.0;A
2011;F;55175;ES615;POP;38475.0;A
2011;F;55175;ES616;POP;38050.0;A
2011;F;55175;ES617;POP;58425.0;A
2011;F;55175;ES618;POP;101900.0;A
2011;F;55175;ES61;POP;419925.0;A
2011;F;55176;ES611;POP;4325.0;A
2011;F;55176;ES612;POP;6850.0;A
2011;F;55176;ES613;POP;3525.0;A
2011;F;55176;ES614;POP;4275.0;A
2011;F;55176;ES615;POP;2800.0;A
2011;F;55176;ES616;POP;2600.0;A
2011;F;55176;ES617;POP;9350.0;A
2011;F;55176;ES618;POP;7975.0;A
2011;F;55176;ES61;POP;41700.0;A
2011;F;55173;ES611;POP;183625.0;A
2011;F;55173;ES612;POP;314650.0;A
2011;F;55173;ES613;POP;240250.0;A
2011;F;55173;ES614;POP;267100.0;A
2011;F;55173;ES615;POP;174625.0;A
2011;F;55173;ES616;POP;191625.0;A
2011;F;55173;ES617;POP;433400.0;A
2011;F;55173;ES618;POP;561175.0;A
2011;F;55173;ES61;POP;2366450.0;A
2011;_T;55174;ES611;POP;44875.0;A
2011;_T;55174;ES612;POP;76750.0;A
2011;_T;55174;ES613;POP;43050.0;A
2011;_T;55174;ES614;POP;51325.0;A
2011;_T;55174;ES615;POP;33600.0;A
2011;_T;55174;ES616;POP;36375.0;A
2011;_T;55174;ES617;POP;98725.0;A
2011;_T;55174;ES618;POP;113800.0;A
2011;_T;55174;ES61;POP;498500.0;A
2011;_T;55175;ES611;POP;60550.0;A
2011;_T;55175;ES612;POP;114125.0;A
2011;_T;55175;ES613;POP;88100.0;A
2011;_T;55175;ES614;POP;83775.0;A
2011;_T;55175;ES615;POP;65950.0;A
2011;_T;55175;ES616;POP;70250.0;A
2011;_T;55175;ES617;POP;113350.0;A
2011;_T;55175;ES618;POP;185250.0;A
2011;_T;55175;ES61;POP;781350.0;A
2011;_T;55176;ES611;POP;11400.0;A
2011;_T;55176;ES612;POP;20025.0;A
2011;_T;55176;ES613;POP;9650.0;A
2011;_T;55176;ES614;POP;12025.0;A
2011;_T;55176;ES615;POP;9000.0;A
2011;_T;55176;ES616;POP;8875.0;A
2011;_T;55176;ES617;POP;23975.0;A
2011;_T;55176;ES618;POP;23650.0;A
2011;_T;55176;ES61;POP;118600.0;A
2011;_T;55173;ES611;POP;408550.0;A
2011;_T;55173;ES612;POP;704675.0;A
2011;_T;55173;ES613;POP;513225.0;A
2011;_T;55173;ES614;POP;569325.0;A
2011;_T;55173;ES615;POP;356775.0;A
2011;_T;55173;ES616;POP;430250.0;A
2011;_T;55173;ES617;POP;923625.0;A
2011;_T;55173;ES618;POP;1197625.0;A
2011;_T;55173;ES61;POP;5104050.0;A
2012;M;55174;ES611;POP;36250.0;A
2012;M;55174;ES612;POP;53175.0;A
2012;M;55174;ES613;POP;45850.0;A
2012;M;55174;ES614;POP;41975.0;A
2012;M;55174;ES615;POP;31575.0;A
2012;M;55174;ES616;POP;43100.0;A
2012;M;55174;ES617;POP;65900.0;A
2012;M;55174;ES618;POP;97425.0;A
2012;M;55174;ES61;POP;415250.0;A
2012;M;55175;ES611;POP;20850.0;A
2012;M;55175;ES612;POP;44100.0;A
2012;M;55175;ES613;POP;22225.0;A
2012;M;55175;ES614;POP;27775.0;A
2012;M;55175;ES615;POP;16100.0;A
2012;M;55175;ES616;POP;15675.0;A
2012;M;55175;ES617;POP;48850.0;A
2012;M;55175;ES618;POP;56625.0;A
2012;M;55175;ES61;POP;252200.0;A
2012;M;55176;ES611;POP;5550.0;A
2012;M;55176;ES612;POP;13250.0;A
2012;M;55176;ES613;POP;6875.0;A
2012;M;55176;ES614;POP;7475.0;A
2012;M;55176;ES615;POP;5725.0;A
2012;M;55176;ES616;POP;6250.0;A
2012;M;55176;ES617;POP;12600.0;A
2012;M;55176;ES618;POP;16750.0;A
2012;M;55176;ES61;POP;74475.0;A
2012;M;55173;ES611;POP;221300.0;A
2012;M;55173;ES612;POP;382875.0;A
2012;M;55173;ES613;POP;268600.0;A
2012;M;55173;ES614;POP;296375.0;A
2012;M;55173;ES615;POP;179375.0;A
2012;M;55173;ES616;POP;231900.0;A
2012;M;55173;ES617;POP;483925.0;A
2012;M;55173;ES618;POP;622350.0;A
2012;M;55173;ES61;POP;2686700.0;A
2012;F;55174;ES611;POP;29250.0;A
2012;F;55174;ES612;POP;44050.0;A
2012;F;55174;ES613;POP;45525.0;A
2012;F;55174;ES614;POP;42875.0;A
2012;F;55174;ES615;POP;33250.0;A
2012;F;55174;ES616;POP;36000.0;A
2012;F;55174;ES617;POP;56650.0;A
2012;F;55174;ES618;POP;93050.0;A
2012;F;55174;ES61;POP;380650.0;A
2012;F;55175;ES611;POP;18800.0;A
2012;F;55175;ES612;POP;42250.0;A
2012;F;55175;ES613;POP;18275.0;A
2012;F;55175;ES614;POP;21275.0;A
2012;F;55175;ES615;POP;13675.0;A
2012;F;55175;ES616;POP;13650.0;A
2012;F;55175;ES617;POP;44725.0;A
2012;F;55175;ES618;POP;49375.0;A
2012;F;55175;ES61;POP;222025.0;A
2012;F;55176;ES611;POP;4500.0;A
2012;F;55176;ES612;POP;6400.0;A
2012;F;55176;ES613;POP;4025.0;A
2012;F;55176;ES614;POP;5075.0;A
2012;F;55176;ES615;POP;3300.0;A
2012;F;55176;ES616;POP;2700.0;A
2012;F;55176;ES617;POP;9000.0;A
2012;F;55176;ES618;POP;8750.0;A
2012;F;55176;ES61;POP;43750.0;A
2012;F;55173;ES611;POP;182825.0;A
2012;F;55173;ES612;POP;310900.0;A
2012;F;55173;ES613;POP;237325.0;A
2012;F;55173;ES614;POP;264700.0;A
2012;F;55173;ES615;POP;168825.0;A
2012;F;55173;ES616;POP;189550.0;A
2012;F;55173;ES617;POP;433650.0;A
2012;F;55173;ES618;POP;555000.0;A
2012;F;55173;ES61;POP;2342775.0;A
2012;_T;55174;ES611;POP;65500.0;A
2012;_T;55174;ES612;POP;97225.0;A
2012;_T;55174;ES613;POP;91375.0;A
2012;_T;55174;ES614;POP;84850.0;A
2012;_T;55174;ES615;POP;64825.0;A
2012;_T;55174;ES616;POP;79100.0;A
2012;_T;55174;ES617;POP;122550.0;A
2012;_T;55174;ES618;POP;190475.0;A
2012;_T;55174;ES61;POP;795900.0;A
2012;_T;55175;ES611;POP;39650.0;A
2012;_T;55175;ES612;POP;86350.0;A
2012;_T;55175;ES613;POP;40500.0;A
2012;_T;55175;ES614;POP;49050.0;A
2012;_T;55175;ES615;POP;29775.0;A
2012;_T;55175;ES616;POP;29325.0;A
2012;_T;55175;ES617;POP;93575.0;A
2012;_T;55175;ES618;POP;106000.0;A
2012;_T;55175;ES61;POP;474225.0;A
2012;_T;55176;ES611;POP;10050.0;A
2012;_T;55176;ES612;POP;19650.0;A
2012;_T;55176;ES613;POP;10900.0;A
2012;_T;55176;ES614;POP;12550.0;A
2012;_T;55176;ES615;POP;9025.0;A
2012;_T;55176;ES616;POP;8950.0;A
2012;_T;55176;ES617;POP;21600.0;A
2012;_T;55176;ES618;POP;25500.0;A
2012;_T;55176;ES61;POP;118225.0;A
2012;_T;55173;ES611;POP;404125.0;A
2012;_T;55173;ES612;POP;693775.0;A
2012;_T;55173;ES613;POP;505925.0;A
2012;_T;55173;ES614;POP;561075.0;A
2012;_T;55173;ES615;POP;348200.0;A
2012;_T;55173;ES616;POP;421450.0;A
2012;_T;55173;ES617;POP;917575.0;A
2012;_T;55173;ES618;POP;1177350.0;A
2012;_T;55173;ES61;POP;5029475.0;A
2013;M;55174;ES611;POP;35550.0;A
2013;M;55174;ES612;POP;46650.0;A
2013;M;55174;ES613;POP;42925.0;A
2013;M;55174;ES614;POP;38650.0;A
2013;M;55174;ES615;POP;30175.0;A
2013;M;55174;ES616;POP;38775.0;A
2013;M;55174;ES617;POP;57750.0;A
2013;M;55174;ES618;POP;88625.0;A
2013;M;55174;ES61;POP;379100.0;A
2013;M;55175;ES611;POP;20625.0;A
2013;M;55175;ES612;POP;46000.0;A
2013;M;55175;ES613;POP;24225.0;A
2013;M;55175;ES614;POP;28775.0;A
2013;M;55175;ES615;POP;16175.0;A
2013;M;55175;ES616;POP;17350.0;A
2013;M;55175;ES617;POP;51550.0;A
2013;M;55175;ES618;POP;60275.0;A
2013;M;55175;ES61;POP;264975.0;A
2013;M;55176;ES611;POP;4050.0;A
2013;M;55176;ES612;POP;12675.0;A
2013;M;55176;ES613;POP;6150.0;A
2013;M;55176;ES614;POP;6825.0;A
2013;M;55176;ES615;POP;4975.0;A
2013;M;55176;ES616;POP;5275.0;A
2013;M;55176;ES617;POP;11250.0;A
2013;M;55176;ES618;POP;14150.0;A
2013;M;55176;ES61;POP;65350.0;A
2013;M;55173;ES611;POP;223025.0;A
2013;M;55173;ES612;POP;378300.0;A
2013;M;55173;ES613;POP;265600.0;A
2013;M;55173;ES614;POP;295875.0;A
2013;M;55173;ES615;POP;179525.0;A
2013;M;55173;ES616;POP;230775.0;A
2013;M;55173;ES617;POP;479225.0;A
2013;M;55173;ES618;POP;617650.0;A
2013;M;55173;ES61;POP;2669975.0;A
2013;F;55174;ES611;POP;28425.0;A
2013;F;55174;ES612;POP;41775.0;A
2013;F;55174;ES613;POP;44500.0;A
2013;F;55174;ES614;POP;41025.0;A
2013;F;55174;ES615;POP;33125.0;A
2013;F;55174;ES616;POP;35375.0;A
2013;F;55174;ES617;POP;55225.0;A
2013;F;55174;ES618;POP;88875.0;A
2013;F;55174;ES61;POP;368325.0;A
2013;F;55175;ES611;POP;19625.0;A
2013;F;55175;ES612;POP;36400.0;A
2013;F;55175;ES613;POP;17425.0;A
2013;F;55175;ES614;POP;21925.0;A
2013;F;55175;ES615;POP;12250.0;A
2013;F;55175;ES616;POP;13175.0;A
2013;F;55175;ES617;POP;42875.0;A
2013;F;55175;ES618;POP;46100.0;A
2013;F;55175;ES61;POP;209775.0;A
2013;F;55176;ES611;POP;3775.0;A
2013;F;55176;ES612;POP;6250.0;A
2013;F;55176;ES613;POP;3675.0;A
2013;F;55176;ES614;POP;4225.0;A
2013;F;55176;ES615;POP;3350.0;A
2013;F;55176;ES616;POP;2300.0;A
2013;F;55176;ES617;POP;8100.0;A
2013;F;55176;ES618;POP;8900.0;A
2013;F;55176;ES61;POP;40575.0;A
2013;F;55173;ES611;POP;180925.0;A
2013;F;55173;ES612;POP;298000.0;A
2013;F;55173;ES613;POP;233300.0;A
2013;F;55173;ES614;POP;260275.0;A
2013;F;55173;ES615;POP;165975.0;A
2013;F;55173;ES616;POP;186600.0;A
2013;F;55173;ES617;POP;426425.0;A
2013;F;55173;ES618;POP;544675.0;A
2013;F;55173;ES61;POP;2296175.0;A
2013;_T;55174;ES611;POP;63975.0;A
2013;_T;55174;ES612;POP;88425.0;A
2013;_T;55174;ES613;POP;87425.0;A
2013;_T;55174;ES614;POP;79675.0;A
2013;_T;55174;ES615;POP;63300.0;A
2013;_T;55174;ES616;POP;74150.0;A
2013;_T;55174;ES617;POP;112975.0;A
2013;_T;55174;ES618;POP;177500.0;A
2013;_T;55174;ES61;POP;747425.0;A
2013;_T;55175;ES611;POP;40250.0;A
2013;_T;55175;ES612;POP;82400.0;A
2013;_T;55175;ES613;POP;41650.0;A
2013;_T;55175;ES614;POP;50700.0;A
2013;_T;55175;ES615;POP;28425.0;A
2013;_T;55175;ES616;POP;30525.0;A
2013;_T;55175;ES617;POP;94425.0;A
2013;_T;55175;ES618;POP;106375.0;A
2013;_T;55175;ES61;POP;474750.0;A
2013;_T;55176;ES611;POP;7825.0;A
2013;_T;55176;ES612;POP;18925.0;A
2013;_T;55176;ES613;POP;9825.0;A
2013;_T;55176;ES614;POP;11050.0;A
2013;_T;55176;ES615;POP;8325.0;A
2013;_T;55176;ES616;POP;7575.0;A
2013;_T;55176;ES617;POP;19350.0;A
2013;_T;55176;ES618;POP;23050.0;A
2013;_T;55176;ES61;POP;105925.0;A
2013;_T;55173;ES611;POP;403950.0;A
2013;_T;55173;ES612;POP;676300.0;A
2013;_T;55173;ES613;POP;498900.0;A
2013;_T;55173;ES614;POP;556150.0;A
2013;_T;55173;ES615;POP;345500.0;A
2013;_T;55173;ES616;POP;417375.0;A
2013;_T;55173;ES617;POP;905650.0;A
2013;_T;55173;ES618;POP;1162325.0;A
2013;_T;55173;ES61;POP;4966150.0;A
2014;M;55174;ES611;POP;33350.0;A
2014;M;55174;ES612;POP;40725.0;A
2014;M;55174;ES613;POP;40075.0;A
2014;M;55174;ES614;POP;35425.0;A
2014;M;55174;ES615;POP;29625.0;A
2014;M;55174;ES616;POP;36250.0;A
2014;M;55174;ES617;POP;50400.0;A
2014;M;55174;ES618;POP;77950.0;A
2014;M;55174;ES61;POP;343800.0;A
2014;M;55175;ES611;POP;20025.0;A
2014;M;55175;ES612;POP;47725.0;A
2014;M;55175;ES613;POP;24800.0;A
2014;M;55175;ES614;POP;28925.0;A
2014;M;55175;ES615;POP;16050.0;A
2014;M;55175;ES616;POP;17125.0;A
2014;M;55175;ES617;POP;50875.0;A
2014;M;55175;ES618;POP;61525.0;A
2014;M;55175;ES61;POP;267050.0;A
2014;M;55176;ES611;POP;3875.0;A
2014;M;55176;ES612;POP;10000.0;A
2014;M;55176;ES613;POP;4500.0;A
2014;M;55176;ES614;POP;5225.0;A
2014;M;55176;ES615;POP;4050.0;A
2014;M;55176;ES616;POP;4050.0;A
2014;M;55176;ES617;POP;9650.0;A
2014;M;55176;ES618;POP;12325.0;A
2014;M;55176;ES61;POP;53675.0;A
2014;M;55173;ES611;POP;225100.0;A
2014;M;55173;ES612;POP;380450.0;A
2014;M;55173;ES613;POP;267050.0;A
2014;M;55173;ES614;POP;297350.0;A
2014;M;55173;ES615;POP;180750.0;A
2014;M;55173;ES616;POP;230650.0;A
2014;M;55173;ES617;POP;486175.0;A
2014;M;55173;ES618;POP;621200.0;A
2014;M;55173;ES61;POP;2688725.0;A
2014;F;55174;ES611;POP;26850.0;A
2014;F;55174;ES612;POP;38525.0;A
2014;F;55174;ES613;POP;42575.0;A
2014;F;55174;ES614;POP;38875.0;A
2014;F;55174;ES615;POP;34900.0;A
2014;F;55174;ES616;POP;34125.0;A
2014;F;55174;ES617;POP;51875.0;A
2014;F;55174;ES618;POP;82150.0;A
2014;F;55174;ES61;POP;349875.0;A
2014;F;55175;ES611;POP;19025.0;A
2014;F;55175;ES612;POP;32975.0;A
2014;F;55175;ES613;POP;16675.0;A
2014;F;55175;ES614;POP;20775.0;A
2014;F;55175;ES615;POP;12625.0;A
2014;F;55175;ES616;POP;12675.0;A
2014;F;55175;ES617;POP;40050.0;A
2014;F;55175;ES618;POP;45175.0;A
2014;F;55175;ES61;POP;199975.0;A
2014;F;55176;ES611;POP;3900.0;A
2014;F;55176;ES612;POP;6100.0;A
2014;F;55176;ES613;POP;3050.0;A
2014;F;55176;ES614;POP;4000.0;A
2014;F;55176;ES615;POP;2925.0;A
2014;F;55176;ES616;POP;2475.0;A
2014;F;55176;ES617;POP;7850.0;A
2014;F;55176;ES618;POP;8300.0;A
2014;F;55176;ES61;POP;38600.0;A
2014;F;55173;ES611;POP;183775.0;A
2014;F;55173;ES612;POP;298475.0;A
2014;F;55173;ES613;POP;235000.0;A
2014;F;55173;ES614;POP;262925.0;A
2014;F;55173;ES615;POP;169350.0;A
2014;F;55173;ES616;POP;187475.0;A
2014;F;55173;ES617;POP;432600.0;A
2014;F;55173;ES618;POP;544475.0;A
2014;F;55173;ES61;POP;2314075.0;A
2014;_T;55174;ES611;POP;60200.0;A
2014;_T;55174;ES612;POP;79250.0;A
2014;_T;55174;ES613;POP;82650.0;A
2014;_T;55174;ES614;POP;74300.0;A
2014;_T;55174;ES615;POP;64525.0;A
2014;_T;55174;ES616;POP;70375.0;A
2014;_T;55174;ES617;POP;102275.0;A
2014;_T;55174;ES618;POP;160100.0;A
2014;_T;55174;ES61;POP;693675.0;A
2014;_T;55175;ES611;POP;39050.0;A
2014;_T;55175;ES612;POP;80700.0;A
2014;_T;55175;ES613;POP;41475.0;A
2014;_T;55175;ES614;POP;49700.0;A
2014;_T;55175;ES615;POP;28675.0;A
2014;_T;55175;ES616;POP;29800.0;A
2014;_T;55175;ES617;POP;90925.0;A
2014;_T;55175;ES618;POP;106700.0;A
2014;_T;55175;ES61;POP;467025.0;A
2014;_T;55176;ES611;POP;7775.0;A
2014;_T;55176;ES612;POP;16100.0;A
2014;_T;55176;ES613;POP;7550.0;A
2014;_T;55176;ES614;POP;9225.0;A
2014;_T;55176;ES615;POP;6975.0;A
2014;_T;55176;ES616;POP;6525.0;A
2014;_T;55176;ES617;POP;17500.0;A
2014;_T;55176;ES618;POP;20625.0;A
2014;_T;55176;ES61;POP;92275.0;A
2014;_T;55173;ES611;POP;408875.0;A
2014;_T;55173;ES612;POP;678925.0;A
2014;_T;55173;ES613;POP;502050.0;A
2014;_T;55173;ES614;POP;560275.0;A
2014;_T;55173;ES615;POP;350100.0;A
2014;_T;55173;ES616;POP;418125.0;A
2014;_T;55173;ES617;POP;918775.0;A
2014;_T;55173;ES618;POP;1165675.0;A
2014;_T;55173;ES61;POP;5002800.0;A
2015;M;55174;ES611;POP;33200.0;A
2015;M;55174;ES612;POP;38450.0;A
2015;M;55174;ES613;POP;37625.0;A
2015;M;55174;ES614;POP;34000.0;A
2015;M;55174;ES615;POP;28950.0;A
2015;M;55174;ES616;POP;34175.0;A
2015;M;55174;ES617;POP;45400.0;A
2015;M;55174;ES618;POP;70000.0;A
2015;M;55174;ES61;POP;321800.0;A
2015;M;55175;ES611;POP;20075.0;A
2015;M;55175;ES612;POP;48300.0;A
2015;M;55175;ES613;POP;23050.0;A
2015;M;55175;ES614;POP;29500.0;A
2015;M;55175;ES615;POP;15900.0;A
2015;M;55175;ES616;POP;16525.0;A
2015;M;55175;ES617;POP;49850.0;A
2015;M;55175;ES618;POP;60925.0;A
2015;M;55175;ES61;POP;264125.0;A
2015;M;55176;ES611;POP;2775.0;A
2015;M;55176;ES612;POP;7800.0;A
2015;M;55176;ES613;POP;4550.0;A
2015;M;55176;ES614;POP;4425.0;A
2015;M;55176;ES615;POP;3200.0;A
2015;M;55176;ES616;POP;4325.0;A
2015;M;55176;ES617;POP;7050.0;A
2015;M;55176;ES618;POP;11050.0;A
2015;M;55176;ES61;POP;45175.0;A
2015;M;55173;ES611;POP;231525.0;A
2015;M;55173;ES612;POP;386125.0;A
2015;M;55173;ES613;POP;266875.0;A
2015;M;55173;ES614;POP;301375.0;A
2015;M;55173;ES615;POP;183550.0;A
2015;M;55173;ES616;POP;231825.0;A
2015;M;55173;ES617;POP;497250.0;A
2015;M;55173;ES618;POP;626300.0;A
2015;M;55173;ES61;POP;2724825.0;A
2015;F;55174;ES611;POP;26525.0;A
2015;F;55174;ES612;POP;37175.0;A
2015;F;55174;ES613;POP;41325.0;A
2015;F;55174;ES614;POP;37550.0;A
2015;F;55174;ES615;POP;34450.0;A
2015;F;55174;ES616;POP;32400.0;A
2015;F;55174;ES617;POP;49475.0;A
2015;F;55174;ES618;POP;77900.0;A
2015;F;55174;ES61;POP;336800.0;A
2015;F;55175;ES611;POP;18975.0;A
2015;F;55175;ES612;POP;37100.0;A
2015;F;55175;ES613;POP;18800.0;A
2015;F;55175;ES614;POP;22375.0;A
2015;F;55175;ES615;POP;13900.0;A
2015;F;55175;ES616;POP;13325.0;A
2015;F;55175;ES617;POP;42750.0;A
2015;F;55175;ES618;POP;50800.0;A
2015;F;55175;ES61;POP;218025.0;A
2015;F;55176;ES611;POP;3575.0;A
2015;F;55176;ES612;POP;5300.0;A
2015;F;55176;ES613;POP;3075.0;A
2015;F;55176;ES614;POP;3800.0;A
2015;F;55176;ES615;POP;2150.0;A
2015;F;55176;ES616;POP;2275.0;A
2015;F;55176;ES617;POP;6600.0;A
2015;F;55176;ES618;POP;6900.0;A
2015;F;55176;ES61;POP;33675.0;A
2015;F;55173;ES611;POP;189175.0;A
2015;F;55173;ES612;POP;308275.0;A
2015;F;55173;ES613;POP;238450.0;A
2015;F;55173;ES614;POP;267400.0;A
2015;F;55173;ES615;POP;169825.0;A
2015;F;55173;ES616;POP;189975.0;A
2015;F;55173;ES617;POP;444675.0;A
2015;F;55173;ES618;POP;556875.0;A
2015;F;55173;ES61;POP;2364650.0;A
2015;_T;55174;ES611;POP;59725.0;A
2015;_T;55174;ES612;POP;75625.0;A
2015;_T;55174;ES613;POP;78950.0;A
2015;_T;55174;ES614;POP;71550.0;A
2015;_T;55174;ES615;POP;63400.0;A
2015;_T;55174;ES616;POP;66575.0;A
2015;_T;55174;ES617;POP;94875.0;A
2015;_T;55174;ES618;POP;147900.0;A
2015;_T;55174;ES61;POP;658600.0;A
2015;_T;55175;ES611;POP;39050.0;A
2015;_T;55175;ES612;POP;85400.0;A
2015;_T;55175;ES613;POP;41850.0;A
2015;_T;55175;ES614;POP;51875.0;A
2015;_T;55175;ES615;POP;29800.0;A
2015;_T;55175;ES616;POP;29850.0;A
2015;_T;55175;ES617;POP;92600.0;A
2015;_T;55175;ES618;POP;111725.0;A
2015;_T;55175;ES61;POP;482150.0;A
2015;_T;55176;ES611;POP;6350.0;A
2015;_T;55176;ES612;POP;13100.0;A
2015;_T;55176;ES613;POP;7625.0;A
2015;_T;55176;ES614;POP;8225.0;A
2015;_T;55176;ES615;POP;5350.0;A
2015;_T;55176;ES616;POP;6600.0;A
2015;_T;55176;ES617;POP;13650.0;A
2015;_T;55176;ES618;POP;17950.0;A
2015;_T;55176;ES61;POP;78850.0;A
2015;_T;55173;ES611;POP;420700.0;A
2015;_T;55173;ES612;POP;694400.0;A
2015;_T;55173;ES613;POP;505325.0;A
2015;_T;55173;ES614;POP;568775.0;A
2015;_T;55173;ES615;POP;353375.0;A
2015;_T;55173;ES616;POP;421800.0;A
2015;_T;55173;ES617;POP;941925.0;A
2015;_T;55173;ES618;POP;1183175.0;A
2015;_T;55173;ES61;POP;5089475.0;A
2016;M;55174;ES611;POP;34050.0;A
2016;M;55174;ES612;POP;38775.0;A
2016;M;55174;ES613;POP;35900.0;A
2016;M;55174;ES614;POP;32575.0;A
2016;M;55174;ES615;POP;30250.0;A
2016;M;55174;ES616;POP;33925.0;A
2016;M;55174;ES617;POP;47700.0;A
2016;M;55174;ES618;POP;69075.0;A
2016;M;55174;ES61;POP;322250.0;A
2016;M;55175;ES611;POP;17450.0;A
2016;M;55175;ES612;POP;43575.0;A
2016;M;55175;ES613;POP;21425.0;A
2016;M;55175;ES614;POP;26325.0;A
2016;M;55175;ES615;POP;14525.0;A
2016;M;55175;ES616;POP;16025.0;A
2016;M;55175;ES617;POP;44275.0;A
2016;M;55175;ES618;POP;57400.0;A
2016;M;55175;ES61;POP;241000.0;A
2016;M;55176;ES611;POP;2375.0;A
2016;M;55176;ES612;POP;8525.0;A
2016;M;55176;ES613;POP;3975.0;A
2016;M;55176;ES614;POP;4025.0;A
2016;M;55176;ES615;POP;3125.0;A
2016;M;55176;ES616;POP;3200.0;A
2016;M;55176;ES617;POP;6525.0;A
2016;M;55176;ES618;POP;9950.0;A
2016;M;55176;ES61;POP;41700.0;A
2016;M;55173;ES611;POP;235700.0;A
2016;M;55173;ES612;POP;390500.0;A
2016;M;55173;ES613;POP;268475.0;A
2016;M;55173;ES614;POP;300900.0;A
2016;M;55173;ES615;POP;184800.0;A
2016;M;55173;ES616;POP;232100.0;A
2016;M;55173;ES617;POP;504075.0;A
2016;M;55173;ES618;POP;630025.0;A
2016;M;55173;ES61;POP;2746575.0;A
2016;F;55174;ES611;POP;27725.0;A
2016;F;55174;ES612;POP;36750.0;A
2016;F;55174;ES613;POP;39800.0;A
2016;F;55174;ES614;POP;37250.0;A
2016;F;55174;ES615;POP;34300.0;A
2016;F;55174;ES616;POP;32350.0;A
2016;F;55174;ES617;POP;49300.0;A
2016;F;55174;ES618;POP;77625.0;A
2016;F;55174;ES61;POP;335100.0;A
2016;F;55175;ES611;POP;18650.0;A
2016;F;55175;ES612;POP;36050.0;A
2016;F;55175;ES613;POP;18375.0;A
2016;F;55175;ES614;POP;21150.0;A
2016;F;55175;ES615;POP;12900.0;A
2016;F;55175;ES616;POP;13025.0;A
2016;F;55175;ES617;POP;40200.0;A
2016;F;55175;ES618;POP;49025.0;A
2016;F;55175;ES61;POP;209375.0;A
2016;F;55176;ES611;POP;3100.0;A
2016;F;55176;ES612;POP;5175.0;A
2016;F;55176;ES613;POP;3000.0;A
2016;F;55176;ES614;POP;3100.0;A
2016;F;55176;ES615;POP;2350.0;A
2016;F;55176;ES616;POP;2025.0;A
2016;F;55176;ES617;POP;5775.0;A
2016;F;55176;ES618;POP;6275.0;A
2016;F;55176;ES61;POP;30800.0;A
2016;F;55173;ES611;POP;193550.0;A
2016;F;55173;ES612;POP;311325.0;A
2016;F;55173;ES613;POP;238375.0;A
2016;F;55173;ES614;POP;270000.0;A
2016;F;55173;ES615;POP;173250.0;A
2016;F;55173;ES616;POP;189925.0;A
2016;F;55173;ES617;POP;450425.0;A
2016;F;55173;ES618;POP;562050.0;A
2016;F;55173;ES61;POP;2388900.0;A
2016;_T;55174;ES611;POP;61775.0;A
2016;_T;55174;ES612;POP;75525.0;A
2016;_T;55174;ES613;POP;75700.0;A
2016;_T;55174;ES614;POP;69825.0;A
2016;_T;55174;ES615;POP;64550.0;A
2016;_T;55174;ES616;POP;66275.0;A
2016;_T;55174;ES617;POP;97000.0;A
2016;_T;55174;ES618;POP;146700.0;A
2016;_T;55174;ES61;POP;657350.0;A
2016;_T;55175;ES611;POP;36100.0;A
2016;_T;55175;ES612;POP;79625.0;A
2016;_T;55175;ES613;POP;39800.0;A
2016;_T;55175;ES614;POP;47475.0;A
2016;_T;55175;ES615;POP;27425.0;A
2016;_T;55175;ES616;POP;29050.0;A
2016;_T;55175;ES617;POP;84475.0;A
2016;_T;55175;ES618;POP;106425.0;A
2016;_T;55175;ES61;POP;450375.0;A
2016;_T;55176;ES611;POP;5475.0;A
2016;_T;55176;ES612;POP;13700.0;A
2016;_T;55176;ES613;POP;6975.0;A
2016;_T;55176;ES614;POP;7125.0;A
2016;_T;55176;ES615;POP;5475.0;A
2016;_T;55176;ES616;POP;5225.0;A
2016;_T;55176;ES617;POP;12300.0;A
2016;_T;55176;ES618;POP;16225.0;A
2016;_T;55176;ES61;POP;72500.0;A
2016;_T;55173;ES611;POP;429250.0;A
2016;_T;55173;ES612;POP;701825.0;A
2016;_T;55173;ES613;POP;506850.0;A
2016;_T;55173;ES614;POP;570900.0;A
2016;_T;55173;ES615;POP;358050.0;A
2016;_T;55173;ES616;POP;422025.0;A
2016;_T;55173;ES617;POP;954500.0;A
2016;_T;55173;ES618;POP;1192075.0;A
2016;_T;55173;ES61;POP;5135475.0;A
2017;M;55174;ES611;POP;35525.0;A
2017;M;55174;ES612;POP;39625.0;A
2017;M;55174;ES613;POP;35600.0;A
2017;M;55174;ES614;POP;34625.0;A
2017;M;55174;ES615;POP;31150.0;A
2017;M;55174;ES616;POP;33800.0;A
2017;M;55174;ES617;POP;47675.0;A
2017;M;55174;ES618;POP;69625.0;A
2017;M;55174;ES61;POP;327625.0;A
2017;M;55175;ES611;POP;15300.0;A
2017;M;55175;ES612;POP;40625.0;A
2017;M;55175;ES613;POP;19725.0;A
2017;M;55175;ES614;POP;23900.0;A
2017;M;55175;ES615;POP;13225.0;A
2017;M;55175;ES616;POP;14550.0;A
2017;M;55175;ES617;POP;39900.0;A
2017;M;55175;ES618;POP;54750.0;A
2017;M;55175;ES61;POP;221975.0;A
2017;M;55176;ES611;POP;2250.0;A
2017;M;55176;ES612;POP;7300.0;A
2017;M;55176;ES613;POP;3425.0;A
2017;M;55176;ES614;POP;2925.0;A
2017;M;55176;ES615;POP;2200.0;A
2017;M;55176;ES616;POP;2675.0;A
2017;M;55176;ES617;POP;5800.0;A
2017;M;55176;ES618;POP;7450.0;A
2017;M;55176;ES61;POP;34025.0;A
2017;M;55173;ES611;POP;241050.0;A
2017;M;55173;ES612;POP;395100.0;A
2017;M;55173;ES613;POP;269625.0;A
2017;M;55173;ES614;POP;306350.0;A
2017;M;55173;ES615;POP;188025.0;A
2017;M;55173;ES616;POP;232200.0;A
2017;M;55173;ES617;POP;516350.0;A
2017;M;55173;ES618;POP;637800.0;A
2017;M;55173;ES61;POP;2786500.0;A
2017;F;55174;ES611;POP;29325.0;A
2017;F;55174;ES612;POP;37675.0;A
2017;F;55174;ES613;POP;40800.0;A
2017;F;55174;ES614;POP;37525.0;A
2017;F;55174;ES615;POP;35975.0;A
2017;F;55174;ES616;POP;32850.0;A
2017;F;55174;ES617;POP;50600.0;A
2017;F;55174;ES618;POP;76650.0;A
2017;F;55174;ES61;POP;341400.0;A
2017;F;55175;ES611;POP;17375.0;A
2017;F;55175;ES612;POP;36650.0;A
2017;F;55175;ES613;POP;18550.0;A
2017;F;55175;ES614;POP;22150.0;A
2017;F;55175;ES615;POP;12725.0;A
2017;F;55175;ES616;POP;12750.0;A
2017;F;55175;ES617;POP;38175.0;A
2017;F;55175;ES618;POP;48375.0;A
2017;F;55175;ES61;POP;206750.0;A
2017;F;55176;ES611;POP;3025.0;A
2017;F;55176;ES612;POP;4700.0;A
2017;F;55176;ES613;POP;3150.0;A
2017;F;55176;ES614;POP;3025.0;A
2017;F;55176;ES615;POP;2500.0;A
2017;F;55176;ES616;POP;2050.0;A
2017;F;55176;ES617;POP;6700.0;A
2017;F;55176;ES618;POP;7375.0;A
2017;F;55176;ES61;POP;32525.0;A
2017;F;55173;ES611;POP;198350.0;A
2017;F;55173;ES612;POP;319575.0;A
2017;F;55173;ES613;POP;243100.0;A
2017;F;55173;ES614;POP;274825.0;A
2017;F;55173;ES615;POP;177425.0;A
2017;F;55173;ES616;POP;192475.0;A
2017;F;55173;ES617;POP;462575.0;A
2017;F;55173;ES618;POP;575125.0;A
2017;F;55173;ES61;POP;2443450.0;A
2017;_T;55174;ES611;POP;64850.0;A
2017;_T;55174;ES612;POP;77300.0;A
2017;_T;55174;ES613;POP;76400.0;A
2017;_T;55174;ES614;POP;72150.0;A
2017;_T;55174;ES615;POP;67125.0;A
2017;_T;55174;ES616;POP;66650.0;A
2017;_T;55174;ES617;POP;98275.0;A
2017;_T;55174;ES618;POP;146275.0;A
2017;_T;55174;ES61;POP;669025.0;A
2017;_T;55175;ES611;POP;32675.0;A
2017;_T;55175;ES612;POP;77275.0;A
2017;_T;55175;ES613;POP;38275.0;A
2017;_T;55175;ES614;POP;46050.0;A
2017;_T;55175;ES615;POP;25950.0;A
2017;_T;55175;ES616;POP;27300.0;A
2017;_T;55175;ES617;POP;78075.0;A
2017;_T;55175;ES618;POP;103125.0;A
2017;_T;55175;ES61;POP;428725.0;A
2017;_T;55176;ES611;POP;5275.0;A
2017;_T;55176;ES612;POP;12000.0;A
2017;_T;55176;ES613;POP;6575.0;A
2017;_T;55176;ES614;POP;5950.0;A
2017;_T;55176;ES615;POP;4700.0;A
2017;_T;55176;ES616;POP;4725.0;A
2017;_T;55176;ES617;POP;12500.0;A
2017;_T;55176;ES618;POP;14825.0;A
2017;_T;55176;ES61;POP;66550.0;A
2017;_T;55173;ES611;POP;439400.0;A
2017;_T;55173;ES612;POP;714675.0;A
2017;_T;55173;ES613;POP;512725.0;A
2017;_T;55173;ES614;POP;581175.0;A
2017;_T;55173;ES615;POP;365450.0;A
2017;_T;55173;ES616;POP;424675.0;A
2017;_T;55173;ES617;POP;978925.0;A
2017;_T;55173;ES618;POP;1212925.0;A
2017;_T;55173;ES61;POP;5229950.0;A
2018;M;55174;ES611;POP;35725.0;A
2018;M;55174;ES612;POP;43200.0;A
2018;M;55174;ES613;POP;36175.0;A
2018;M;55174;ES614;POP;37100.0;A
2018;M;55174;ES615;POP;31925.0;A
2018;M;55174;ES616;POP;35075.0;A
2018;M;55174;ES617;POP;51775.0;A
2018;M;55174;ES618;POP;72525.0;A
2018;M;55174;ES61;POP;343500.0;A
2018;M;55175;ES611;POP;14100.0;A
2018;M;55175;ES612;POP;37200.0;A
2018;M;55175;ES613;POP;17325.0;A
2018;M;55175;ES614;POP;21900.0;A
2018;M;55175;ES615;POP;12000.0;A
2018;M;55175;ES616;POP;12675.0;A
2018;M;55175;ES617;POP;34700.0;A
2018;M;55175;ES618;POP;48325.0;A
2018;M;55175;ES61;POP;198225.0;A
2018;M;55176;ES611;POP;1925.0;A
2018;M;55176;ES612;POP;7475.0;A
2018;M;55176;ES613;POP;3100.0;A
2018;M;55176;ES614;POP;3625.0;A
2018;M;55176;ES615;POP;2575.0;A
2018;M;55176;ES616;POP;2375.0;A
2018;M;55176;ES617;POP;5650.0;A
2018;M;55176;ES618;POP;7325.0;A
2018;M;55176;ES61;POP;34050.0;A
2018;M;55173;ES611;POP;244775.0;A
2018;M;55173;ES612;POP;400025.0;A
2018;M;55173;ES613;POP;271775.0;A
2018;M;55173;ES614;POP;311550.0;A
2018;M;55173;ES615;POP;189575.0;A
2018;M;55173;ES616;POP;231850.0;A
2018;M;55173;ES617;POP;527800.0;A
2018;M;55173;ES618;POP;647200.0;A
2018;M;55173;ES61;POP;2824550.0;A
2018;F;55174;ES611;POP;29875.0;A
2018;F;55174;ES612;POP;39925.0;A
2018;F;55174;ES613;POP;40500.0;A
2018;F;55174;ES614;POP;39250.0;A
2018;F;55174;ES615;POP;36650.0;A
2018;F;55174;ES616;POP;32475.0;A
2018;F;55174;ES617;POP;54175.0;A
2018;F;55174;ES618;POP;78375.0;A
2018;F;55174;ES61;POP;351225.0;A
2018;F;55175;ES611;POP;16600.0;A
2018;F;55175;ES612;POP;35400.0;A
2018;F;55175;ES613;POP;18400.0;A
2018;F;55175;ES614;POP;22450.0;A
2018;F;55175;ES615;POP;12100.0;A
2018;F;55175;ES616;POP;13175.0;A
2018;F;55175;ES617;POP;36875.0;A
2018;F;55175;ES618;POP;49150.0;A
2018;F;55175;ES61;POP;204150.0;A
2018;F;55176;ES611;POP;3600.0;A
2018;F;55176;ES612;POP;6000.0;A
2018;F;55176;ES613;POP;3200.0;A
2018;F;55176;ES614;POP;3600.0;A
2018;F;55176;ES615;POP;2525.0;A
2018;F;55176;ES616;POP;1875.0;A
2018;F;55176;ES617;POP;7500.0;A
2018;F;55176;ES618;POP;6975.0;A
2018;F;55176;ES61;POP;35275.0;A
2018;F;55173;ES611;POP;202600.0;A
2018;F;55173;ES612;POP;327000.0;A
2018;F;55173;ES613;POP;246475.0;A
2018;F;55173;ES614;POP;280425.0;A
2018;F;55173;ES615;POP;186900.0;A
2018;F;55173;ES616;POP;195750.0;A
2018;F;55173;ES617;POP;474800.0;A
2018;F;55173;ES618;POP;588500.0;A
2018;F;55173;ES61;POP;2502450.0;A
2018;_T;55174;ES611;POP;65600.0;A
2018;_T;55174;ES612;POP;83125.0;A
2018;_T;55174;ES613;POP;76675.0;A
2018;_T;55174;ES614;POP;76350.0;A
2018;_T;55174;ES615;POP;68575.0;A
2018;_T;55174;ES616;POP;67550.0;A
2018;_T;55174;ES617;POP;105950.0;A
2018;_T;55174;ES618;POP;150900.0;A
2018;_T;55174;ES61;POP;694725.0;A
2018;_T;55175;ES611;POP;30700.0;A
2018;_T;55175;ES612;POP;72600.0;A
2018;_T;55175;ES613;POP;35725.0;A
2018;_T;55175;ES614;POP;44350.0;A
2018;_T;55175;ES615;POP;24100.0;A
2018;_T;55175;ES616;POP;25850.0;A
2018;_T;55175;ES617;POP;71575.0;A
2018;_T;55175;ES618;POP;97475.0;A
2018;_T;55175;ES61;POP;402375.0;A
2018;_T;55176;ES611;POP;5525.0;A
2018;_T;55176;ES612;POP;13475.0;A
2018;_T;55176;ES613;POP;6300.0;A
2018;_T;55176;ES614;POP;7225.0;A
2018;_T;55176;ES615;POP;5100.0;A
2018;_T;55176;ES616;POP;4250.0;A
2018;_T;55176;ES617;POP;13150.0;A
2018;_T;55176;ES618;POP;14300.0;A
2018;_T;55176;ES61;POP;69325.0;A
2018;_T;55173;ES611;POP;447375.0;A
2018;_T;55173;ES612;POP;727025.0;A
2018;_T;55173;ES613;POP;518250.0;A
2018;_T;55173;ES614;POP;591975.0;A
2018;_T;55173;ES615;POP;376475.0;A
2018;_T;55173;ES616;POP;427600.0;A
2018;_T;55173;ES617;POP;1002600.0;A
2018;_T;55173;ES618;POP;1235700.0;A
2018;_T;55173;ES61;POP;5327000.0;A
2019;M;55174;ES611;POP;39575.0;A
2019;M;55174;ES612;POP;47100.0;A
2019;M;55174;ES613;POP;37350.0;A
2019;M;55174;ES614;POP;37225.0;A
2019;M;55174;ES615;POP;33025.0;A
2019;M;55174;ES616;POP;35550.0;A
2019;M;55174;ES617;POP;55250.0;A
2019;M;55174;ES618;POP;75775.0;A
2019;M;55174;ES61;POP;360850.0;A
2019;M;55175;ES611;POP;12375.0;A
2019;M;55175;ES612;POP;32175.0;A
2019;M;55175;ES613;POP;15725.0;A
2019;M;55175;ES614;POP;19750.0;A
2019;M;55175;ES615;POP;11700.0;A
2019;M;55175;ES616;POP;10500.0;A
2019;M;55175;ES617;POP;30150.0;A
2019;M;55175;ES618;POP;42875.0;A
2019;M;55175;ES61;POP;175250.0;A
2019;M;55176;ES611;POP;2100.0;A
2019;M;55176;ES612;POP;7225.0;A
2019;M;55176;ES613;POP;3300.0;A
2019;M;55176;ES614;POP;3525.0;A
2019;M;55176;ES615;POP;2600.0;A
2019;M;55176;ES616;POP;2800.0;A
2019;M;55176;ES617;POP;5125.0;A
2019;M;55176;ES618;POP;7825.0;A
2019;M;55176;ES61;POP;34500.0;A
2019;M;55173;ES611;POP;249825.0;A
2019;M;55173;ES612;POP;404775.0;A
2019;M;55173;ES613;POP;272450.0;A
2019;M;55173;ES614;POP;312725.0;A
2019;M;55173;ES615;POP;193425.0;A
2019;M;55173;ES616;POP;231475.0;A
2019;M;55173;ES617;POP;537200.0;A
2019;M;55173;ES618;POP;654025.0;A
2019;M;55173;ES61;POP;2855900.0;A
2019;F;55174;ES611;POP;31725.0;A
2019;F;55174;ES612;POP;42725.0;A
2019;F;55174;ES613;POP;40625.0;A
2019;F;55174;ES614;POP;39850.0;A
2019;F;55174;ES615;POP;38275.0;A
2019;F;55174;ES616;POP;33000.0;A
2019;F;55174;ES617;POP;56300.0;A
2019;F;55174;ES618;POP;81575.0;A
2019;F;55174;ES61;POP;364075.0;A
2019;F;55175;ES611;POP;16425.0;A
2019;F;55175;ES612;POP;35100.0;A
2019;F;55175;ES613;POP;18375.0;A
2019;F;55175;ES614;POP;20375.0;A
2019;F;55175;ES615;POP;11100.0;A
2019;F;55175;ES616;POP;12575.0;A
2019;F;55175;ES617;POP;35025.0;A
2019;F;55175;ES618;POP;48050.0;A
2019;F;55175;ES61;POP;197025.0;A
2019;F;55176;ES611;POP;3550.0;A
2019;F;55176;ES612;POP;6775.0;A
2019;F;55176;ES613;POP;3575.0;A
2019;F;55176;ES614;POP;3950.0;A
2019;F;55176;ES615;POP;2900.0;A
2019;F;55176;ES616;POP;2600.0;A
2019;F;55176;ES617;POP;8400.0;A
2019;F;55176;ES618;POP;7300.0;A
2019;F;55176;ES61;POP;39050.0;A
2019;F;55173;ES611;POP;208000.0;A
2019;F;55173;ES612;POP;335350.0;A
2019;F;55173;ES613;POP;250900.0;A
2019;F;55173;ES614;POP;285325.0;A
2019;F;55173;ES615;POP;188275.0;A
2019;F;55173;ES616;POP;198125.0;A
2019;F;55173;ES617;POP;487625.0;A
2019;F;55173;ES618;POP;602525.0;A
2019;F;55173;ES61;POP;2556125.0;A
2019;_T;55174;ES611;POP;71300.0;A
2019;_T;55174;ES612;POP;89825.0;A
2019;_T;55174;ES613;POP;77975.0;A
2019;_T;55174;ES614;POP;77075.0;A
2019;_T;55174;ES615;POP;71300.0;A
2019;_T;55174;ES616;POP;68550.0;A
2019;_T;55174;ES617;POP;111550.0;A
2019;_T;55174;ES618;POP;157350.0;A
2019;_T;55174;ES61;POP;724925.0;A
2019;_T;55175;ES611;POP;28800.0;A
2019;_T;55175;ES612;POP;67275.0;A
2019;_T;55175;ES613;POP;34100.0;A
2019;_T;55175;ES614;POP;40125.0;A
2019;_T;55175;ES615;POP;22800.0;A
2019;_T;55175;ES616;POP;23075.0;A
2019;_T;55175;ES617;POP;65175.0;A
2019;_T;55175;ES618;POP;90925.0;A
2019;_T;55175;ES61;POP;372275.0;A
2019;_T;55176;ES611;POP;5650.0;A
2019;_T;55176;ES612;POP;14000.0;A
2019;_T;55176;ES613;POP;6875.0;A
2019;_T;55176;ES614;POP;7475.0;A
2019;_T;55176;ES615;POP;5500.0;A
2019;_T;55176;ES616;POP;5400.0;A
2019;_T;55176;ES617;POP;13525.0;A
2019;_T;55176;ES618;POP;15125.0;A
2019;_T;55176;ES61;POP;73550.0;A
2019;_T;55173;ES611;POP;457825.0;A
2019;_T;55173;ES612;POP;740125.0;A
2019;_T;55173;ES613;POP;523350.0;A
2019;_T;55173;ES614;POP;598050.0;A
2019;_T;55173;ES615;POP;381700.0;A
2019;_T;55173;ES616;POP;429600.0;A
2019;_T;55173;ES617;POP;1024825.0;A
2019;_T;55173;ES618;POP;1256550.0;A
2019;_T;55173;ES61;POP;5412025.0;A
2020;M;55174;ES611;POP;58900.0;A
2020;M;55174;ES612;POP;89600.0;A
2020;M;55174;ES613;POP;59625.0;A
2020;M;55174;ES614;POP;63450.0;A
2020;M;55174;ES615;POP;45775.0;A
2020;M;55174;ES616;POP;55200.0;A
2020;M;55174;ES617;POP;121700.0;A
2020;M;55174;ES618;POP;139825.0;A
2020;M;55174;ES61;POP;634075.0;A
2020;M;55175;ES611;POP;11975.0;A
2020;M;55175;ES612;POP;31650.0;A
2020;M;55175;ES613;POP;15450.0;A
2020;M;55175;ES614;POP;20050.0;A
2020;M;55175;ES615;POP;10400.0;A
2020;M;55175;ES616;POP;10575.0;A
2020;M;55175;ES617;POP;30200.0;A
2020;M;55175;ES618;POP;40650.0;A
2020;M;55175;ES61;POP;170950.0;A
2020;M;55176;ES611;POP;3750.0;A
2020;M;55176;ES612;POP;10475.0;A
2020;M;55176;ES613;POP;4975.0;A
2020;M;55176;ES614;POP;5725.0;A
2020;M;55176;ES615;POP;3800.0;A
2020;M;55176;ES616;POP;3975.0;A
2020;M;55176;ES617;POP;10525.0;A
2020;M;55176;ES618;POP;12200.0;A
2020;M;55176;ES61;POP;55425.0;A
2020;M;55173;ES611;POP;251125.0;A
2020;M;55173;ES612;POP;400350.0;A
2020;M;55173;ES613;POP;269375.0;A
2020;M;55173;ES614;POP;311175.0;A
2020;M;55173;ES615;POP;191525.0;A
2020;M;55173;ES616;POP;229575.0;A
2020;M;55173;ES617;POP;531175.0;A
2020;M;55173;ES618;POP;648675.0;A
2020;M;55173;ES61;POP;2832975.0;A
2020;F;55174;ES611;POP;47800.0;A
2020;F;55174;ES612;POP;71500.0;A
2020;F;55174;ES613;POP;56600.0;A
2020;F;55174;ES614;POP;61925.0;A
2020;F;55174;ES615;POP;46575.0;A
2020;F;55174;ES616;POP;44975.0;A
2020;F;55174;ES617;POP;114150.0;A
2020;F;55174;ES618;POP;130200.0;A
2020;F;55174;ES61;POP;573725.0;A
2020;F;55175;ES611;POP;15925.0;A
2020;F;55175;ES612;POP;34925.0;A
2020;F;55175;ES613;POP;18250.0;A
2020;F;55175;ES614;POP;20600.0;A
2020;F;55175;ES615;POP;12125.0;A
2020;F;55175;ES616;POP;12200.0;A
2020;F;55175;ES617;POP;36575.0;A
2020;F;55175;ES618;POP;45550.0;A
2020;F;55175;ES61;POP;196150.0;A
2020;F;55176;ES611;POP;5425.0;A
2020;F;55176;ES612;POP;9825.0;A
2020;F;55176;ES613;POP;4700.0;A
2020;F;55176;ES614;POP;6025.0;A
2020;F;55176;ES615;POP;4000.0;A
2020;F;55176;ES616;POP;4275.0;A
2020;F;55176;ES617;POP;12600.0;A
2020;F;55176;ES618;POP;11700.0;A
2020;F;55176;ES61;POP;58550.0;A
2020;F;55173;ES611;POP;209525.0;A
2020;F;55173;ES612;POP;332875.0;A
2020;F;55173;ES613;POP;247725.0;A
2020;F;55173;ES614;POP;284025.0;A
2020;F;55173;ES615;POP;178625.0;A
2020;F;55173;ES616;POP;196775.0;A
2020;F;55173;ES617;POP;481125.0;A
2020;F;55173;ES618;POP;599600.0;A
2020;F;55173;ES61;POP;2530275.0;A
2020;_T;55174;ES611;POP;106700.0;A
2020;_T;55174;ES612;POP;161100.0;A
2020;_T;55174;ES613;POP;116225.0;A
2020;_T;55174;ES614;POP;125375.0;A
2020;_T;55174;ES615;POP;92350.0;A
2020;_T;55174;ES616;POP;100175.0;A
2020;_T;55174;ES617;POP;235850.0;A
2020;_T;55174;ES618;POP;270025.0;A
2020;_T;55174;ES61;POP;1207800.0;A
2020;_T;55175;ES611;POP;27900.0;A
2020;_T;55175;ES612;POP;66575.0;A
2020;_T;55175;ES613;POP;33700.0;A
2020;_T;55175;ES614;POP;40650.0;A
2020;_T;55175;ES615;POP;22525.0;A
2020;_T;55175;ES616;POP;22775.0;A
2020;_T;55175;ES617;POP;66775.0;A
2020;_T;55175;ES618;POP;86200.0;A
2020;_T;55175;ES61;POP;367100.0;A
2020;_T;55176;ES611;POP;9175.0;A
2020;_T;55176;ES612;POP;20300.0;A
2020;_T;55176;ES613;POP;9675.0;A
2020;_T;55176;ES614;POP;11750.0;A
2020;_T;55176;ES615;POP;7800.0;A
2020;_T;55176;ES616;POP;8250.0;A
2020;_T;55176;ES617;POP;23125.0;A
2020;_T;55176;ES618;POP;23900.0;A
2020;_T;55176;ES61;POP;113975.0;A
2020;_T;55173;ES611;POP;460650.0;A
2020;_T;55173;ES612;POP;733225.0;A
2020;_T;55173;ES613;POP;517100.0;A
2020;_T;55173;ES614;POP;595200.0;A
2020;_T;55173;ES615;POP;370150.0;A
2020;_T;55173;ES616;POP;426350.0;A
2020;_T;55173;ES617;POP;1012300.0;A
2020;_T;55173;ES618;POP;1248275.0;A
2020;_T;55173;ES61;POP;5363250.0;A
