D_TEMPORAL_0;D_SEXO_0;D_MCVL_TIPOPRESTACION_0;D_TERRITORIO_0;INDICATOR;OBS_VALUE;FREQ
2006;3689;55174;2352;Población;20225.0;A
2006;3689;55174;2402;Población;46250.0;A
2006;3689;55174;2482;Población;23175.0;A
2006;3689;55174;2713;Población;24000.0;A
2006;3689;55174;2797;Población;20850.0;A
2006;3689;55174;2911;Población;20100.0;A
2006;3689;55174;3023;Población;48425.0;A
2006;3689;55174;3142;Población;57775.0;A
2006;3689;55174;3143;Población;260800.0;A
2006;3689;55175;2352;Población;7925.0;A
2006;3689;55175;2402;Población;23525.0;A
2006;3689;55175;2482;Población;21425.0;A
2006;3689;55175;2713;Población;17650.0;A
2006;3689;55175;2797;Población;11125.0;A
2006;3689;55175;2911;Población;18700.0;A
2006;3689;55175;3023;Población;17375.0;A
2006;3689;55175;3142;Población;41800.0;A
2006;3689;55175;3143;Población;159525.0;A
2006;3689;55176;2352;Población;1150.0;A
2006;3689;55176;2402;Población;4700.0;A
2006;3689;55176;2482;Población;2400.0;A
2006;3689;55176;2713;Población;2225.0;A
2006;3689;55176;2797;Población;1400.0;A
2006;3689;55176;2911;Población;1800.0;A
2006;3689;55176;3023;Población;3275.0;A
2006;3689;55176;3142;Población;5025.0;A
2006;3689;55176;3143;Población;21975.0;A
2006;3689;55173;2352;Población;226050.0;A
2006;3689;55173;2402;Población;399550.0;A
2006;3689;55173;2482;Población;277350.0;A
2006;3689;55173;2713;Población;307625.0;A
2006;3689;55173;2797;Población;180750.0;A
2006;3689;55173;2911;Población;237175.0;A
2006;3689;55173;3023;Población;501900.0;A
2006;3689;55173;3142;Población;639825.0;A
2006;3689;55173;3143;Población;2770225.0;A
2006;3690;55174;2352;Población;16875.0;A
2006;3690;55174;2402;Población;23425.0;A
2006;3690;55174;2482;Población;13450.0;A
2006;3690;55174;2713;Población;15125.0;A
2006;3690;55174;2797;Población;10175.0;A
2006;3690;55174;2911;Población;10400.0;A
2006;3690;55174;3023;Población;34050.0;A
2006;3690;55174;3142;Población;34250.0;A
2006;3690;55174;3143;Población;157750.0;A
2006;3690;55175;2352;Población;14050.0;A
2006;3690;55175;2402;Población;27800.0;A
2006;3690;55175;2482;Población;36100.0;A
2006;3690;55175;2713;Población;30625.0;A
2006;3690;55175;2797;Población;20425.0;A
2006;3690;55175;2911;Población;28625.0;A
2006;3690;55175;3023;Población;25300.0;A
2006;3690;55175;3142;Población;66125.0;A
2006;3690;55175;3143;Población;249050.0;A
2006;3690;55176;2352;Población;1775.0;A
2006;3690;55176;2402;Población;3250.0;A
2006;3690;55176;2482;Población;2200.0;A
2006;3690;55176;2713;Población;1825.0;A
2006;3690;55176;2797;Población;1825.0;A
2006;3690;55176;2911;Población;1425.0;A
2006;3690;55176;3023;Población;3400.0;A
2006;3690;55176;3142;Población;5075.0;A
2006;3690;55176;3143;Población;20775.0;A
2006;3690;55173;2352;Población;164675.0;A
2006;3690;55173;2402;Población;274050.0;A
2006;3690;55173;2482;Población;221950.0;A
2006;3690;55173;2713;Población;248875.0;A
2006;3690;55173;2797;Población;159925.0;A
2006;3690;55173;2911;Población;174275.0;A
2006;3690;55173;3023;Población;390875.0;A
2006;3690;55173;3142;Población;508275.0;A
2006;3690;55173;3143;Población;2142900.0;A
2006;3691;55174;2352;Población;37100.0;A
2006;3691;55174;2402;Población;69675.0;A
2006;3691;55174;2482;Población;36625.0;A
2006;3691;55174;2713;Población;39125.0;A
2006;3691;55174;2797;Población;31025.0;A
2006;3691;55174;2911;Población;30500.0;A
2006;3691;55174;3023;Población;82475.0;A
2006;3691;55174;3142;Población;92025.0;A
2006;3691;55174;3143;Población;418550.0;A
2006;3691;55175;2352;Población;21975.0;A
2006;3691;55175;2402;Población;51325.0;A
2006;3691;55175;2482;Población;57525.0;A
2006;3691;55175;2713;Población;48275.0;A
2006;3691;55175;2797;Población;31550.0;A
2006;3691;55175;2911;Población;47325.0;A
2006;3691;55175;3023;Población;42675.0;A
2006;3691;55175;3142;Población;107925.0;A
2006;3691;55175;3143;Población;408575.0;A
2006;3691;55176;2352;Población;2925.0;A
2006;3691;55176;2402;Población;7950.0;A
2006;3691;55176;2482;Población;4600.0;A
2006;3691;55176;2713;Población;4050.0;A
2006;3691;55176;2797;Población;3225.0;A
2006;3691;55176;2911;Población;3225.0;A
2006;3691;55176;3023;Población;6675.0;A
2006;3691;55176;3142;Población;10100.0;A
2006;3691;55176;3143;Población;42750.0;A
2006;3691;55173;2352;Población;390725.0;A
2006;3691;55173;2402;Población;673600.0;A
2006;3691;55173;2482;Población;499300.0;A
2006;3691;55173;2713;Población;556500.0;A
2006;3691;55173;2797;Población;340675.0;A
2006;3691;55173;2911;Población;411450.0;A
2006;3691;55173;3023;Población;892775.0;A
2006;3691;55173;3142;Población;1148100.0;A
2006;3691;55173;3143;Población;4913125.0;A
2007;3689;55174;2352;Población;25825.0;A
2007;3689;55174;2402;Población;52575.0;A
2007;3689;55174;2482;Población;26025.0;A
2007;3689;55174;2713;Población;28375.0;A
2007;3689;55174;2797;Población;24250.0;A
2007;3689;55174;2911;Población;21025.0;A
2007;3689;55174;3023;Población;55575.0;A
2007;3689;55174;3142;Población;63175.0;A
2007;3689;55174;3143;Población;296825.0;A
2007;3689;55175;2352;Población;7800.0;A
2007;3689;55175;2402;Población;22125.0;A
2007;3689;55175;2482;Población;20400.0;A
2007;3689;55175;2713;Población;17850.0;A
2007;3689;55175;2797;Población;10325.0;A
2007;3689;55175;2911;Población;19025.0;A
2007;3689;55175;3023;Población;17775.0;A
2007;3689;55175;3142;Población;39625.0;A
2007;3689;55175;3143;Población;154925.0;A
2007;3689;55176;2352;Población;1325.0;A
2007;3689;55176;2402;Población;4975.0;A
2007;3689;55176;2482;Población;2600.0;A
2007;3689;55176;2713;Población;1950.0;A
2007;3689;55176;2797;Población;1375.0;A
2007;3689;55176;2911;Población;1650.0;A
2007;3689;55176;3023;Población;3500.0;A
2007;3689;55176;3142;Población;5200.0;A
2007;3689;55176;3143;Población;22575.0;A
2007;3689;55173;2352;Población;230650.0;A
2007;3689;55173;2402;Población;408300.0;A
2007;3689;55173;2482;Población;282150.0;A
2007;3689;55173;2713;Población;313925.0;A
2007;3689;55173;2797;Población;185150.0;A
2007;3689;55173;2911;Población;240475.0;A
2007;3689;55173;3023;Población;511850.0;A
2007;3689;55173;3142;Población;650575.0;A
2007;3689;55173;3143;Población;2823075.0;A
2007;3690;55174;2352;Población;19125.0;A
2007;3690;55174;2402;Población;26075.0;A
2007;3690;55174;2482;Población;14550.0;A
2007;3690;55174;2713;Población;18475.0;A
2007;3690;55174;2797;Población;11750.0;A
2007;3690;55174;2911;Población;10375.0;A
2007;3690;55174;3023;Población;37825.0;A
2007;3690;55174;3142;Población;39200.0;A
2007;3690;55174;3143;Población;177375.0;A
2007;3690;55175;2352;Población;14525.0;A
2007;3690;55175;2402;Población;34600.0;A
2007;3690;55175;2482;Población;38800.0;A
2007;3690;55175;2713;Población;30750.0;A
2007;3690;55175;2797;Población;21550.0;A
2007;3690;55175;2911;Población;31025.0;A
2007;3690;55175;3023;Población;29075.0;A
2007;3690;55175;3142;Población;72875.0;A
2007;3690;55175;3143;Población;273200.0;A
2007;3690;55176;2352;Población;1550.0;A
2007;3690;55176;2402;Población;4075.0;A
2007;3690;55176;2482;Población;1900.0;A
2007;3690;55176;2713;Población;2250.0;A
2007;3690;55176;2797;Población;2000.0;A
2007;3690;55176;2911;Población;1275.0;A
2007;3690;55176;3023;Población;4000.0;A
2007;3690;55176;3142;Población;5175.0;A
2007;3690;55176;3143;Población;22225.0;A
2007;3690;55173;2352;Población;173475.0;A
2007;3690;55173;2402;Población;292650.0;A
2007;3690;55173;2482;Población;230400.0;A
2007;3690;55173;2713;Población;259125.0;A
2007;3690;55173;2797;Población;163800.0;A
2007;3690;55173;2911;Población;182100.0;A
2007;3690;55173;3023;Población;407325.0;A
2007;3690;55173;3142;Población;535675.0;A
2007;3690;55173;3143;Población;2244550.0;A
2007;3691;55174;2352;Población;44950.0;A
2007;3691;55174;2402;Población;78650.0;A
2007;3691;55174;2482;Población;40575.0;A
2007;3691;55174;2713;Población;46850.0;A
2007;3691;55174;2797;Población;36000.0;A
2007;3691;55174;2911;Población;31400.0;A
2007;3691;55174;3023;Población;93400.0;A
2007;3691;55174;3142;Población;102375.0;A
2007;3691;55174;3143;Población;474200.0;A
2007;3691;55175;2352;Población;22325.0;A
2007;3691;55175;2402;Población;56725.0;A
2007;3691;55175;2482;Población;59200.0;A
2007;3691;55175;2713;Población;48600.0;A
2007;3691;55175;2797;Población;31875.0;A
2007;3691;55175;2911;Población;50050.0;A
2007;3691;55175;3023;Población;46850.0;A
2007;3691;55175;3142;Población;112500.0;A
2007;3691;55175;3143;Población;428125.0;A
2007;3691;55176;2352;Población;2875.0;A
2007;3691;55176;2402;Población;9050.0;A
2007;3691;55176;2482;Población;4500.0;A
2007;3691;55176;2713;Población;4200.0;A
2007;3691;55176;2797;Población;3375.0;A
2007;3691;55176;2911;Población;2925.0;A
2007;3691;55176;3023;Población;7500.0;A
2007;3691;55176;3142;Población;10375.0;A
2007;3691;55176;3143;Población;44800.0;A
2007;3691;55173;2352;Población;404125.0;A
2007;3691;55173;2402;Población;700950.0;A
2007;3691;55173;2482;Población;512550.0;A
2007;3691;55173;2713;Población;573050.0;A
2007;3691;55173;2797;Población;348950.0;A
2007;3691;55173;2911;Población;422575.0;A
2007;3691;55173;3023;Población;919175.0;A
2007;3691;55173;3142;Población;1186250.0;A
2007;3691;55173;3143;Población;5067625.0;A
2008;3689;55174;2352;Población;38850.0;A
2008;3689;55174;2402;Población;68550.0;A
2008;3689;55174;2482;Población;36400.0;A
2008;3689;55174;2713;Población;41525.0;A
2008;3689;55174;2797;Población;30475.0;A
2008;3689;55174;2911;Población;29675.0;A
2008;3689;55174;3023;Población;79600.0;A
2008;3689;55174;3142;Población;94275.0;A
2008;3689;55174;3143;Población;419350.0;A
2008;3689;55175;2352;Población;9250.0;A
2008;3689;55175;2402;Población;25775.0;A
2008;3689;55175;2482;Población;21175.0;A
2008;3689;55175;2713;Población;18950.0;A
2008;3689;55175;2797;Población;10100.0;A
2008;3689;55175;2911;Población;18675.0;A
2008;3689;55175;3023;Población;20675.0;A
2008;3689;55175;3142;Población;40575.0;A
2008;3689;55175;3143;Población;165175.0;A
2008;3689;55176;2352;Población;2900.0;A
2008;3689;55176;2402;Población;8600.0;A
2008;3689;55176;2482;Población;4300.0;A
2008;3689;55176;2713;Población;3950.0;A
2008;3689;55176;2797;Población;3200.0;A
2008;3689;55176;2911;Población;2900.0;A
2008;3689;55176;3023;Población;6475.0;A
2008;3689;55176;3142;Población;9675.0;A
2008;3689;55176;3143;Población;42000.0;A
2008;3689;55173;2352;Población;229700.0;A
2008;3689;55173;2402;Población;404575.0;A
2008;3689;55173;2482;Población;282300.0;A
2008;3689;55173;2713;Población;311175.0;A
2008;3689;55173;2797;Población;184825.0;A
2008;3689;55173;2911;Población;240025.0;A
2008;3689;55173;3023;Población;506975.0;A
2008;3689;55173;3142;Población;651450.0;A
2008;3689;55173;3143;Población;2811025.0;A
2008;3690;55174;2352;Población;22175.0;A
2008;3690;55174;2402;Población;28975.0;A
2008;3690;55174;2482;Población;15875.0;A
2008;3690;55174;2713;Población;22100.0;A
2008;3690;55174;2797;Población;15450.0;A
2008;3690;55174;2911;Población;11225.0;A
2008;3690;55174;3023;Población;43925.0;A
2008;3690;55174;3142;Población;46650.0;A
2008;3690;55174;3143;Población;206375.0;A
2008;3690;55175;2352;Población;15825.0;A
2008;3690;55175;2402;Población;42950.0;A
2008;3690;55175;2482;Población;41275.0;A
2008;3690;55175;2713;Población;33150.0;A
2008;3690;55175;2797;Población;21925.0;A
2008;3690;55175;2911;Población;32475.0;A
2008;3690;55175;3023;Población;32900.0;A
2008;3690;55175;3142;Población;77775.0;A
2008;3690;55175;3143;Población;298275.0;A
2008;3690;55176;2352;Población;2750.0;A
2008;3690;55176;2402;Población;4525.0;A
2008;3690;55176;2482;Población;2825.0;A
2008;3690;55176;2713;Población;2825.0;A
2008;3690;55176;2797;Población;2275.0;A
2008;3690;55176;2911;Población;2000.0;A
2008;3690;55176;3023;Población;6000.0;A
2008;3690;55176;3142;Población;7425.0;A
2008;3690;55176;3143;Población;30625.0;A
2008;3690;55173;2352;Población;180225.0;A
2008;3690;55173;2402;Población;305625.0;A
2008;3690;55173;2482;Población;235725.0;A
2008;3690;55173;2713;Población;262125.0;A
2008;3690;55173;2797;Población;173400.0;A
2008;3690;55173;2911;Población;186400.0;A
2008;3690;55173;3023;Población;415400.0;A
2008;3690;55173;3142;Población;550625.0;A
2008;3690;55173;3143;Población;2309525.0;A
2008;3691;55174;2352;Población;61025.0;A
2008;3691;55174;2402;Población;97525.0;A
2008;3691;55174;2482;Población;52275.0;A
2008;3691;55174;2713;Población;63625.0;A
2008;3691;55174;2797;Población;45925.0;A
2008;3691;55174;2911;Población;40900.0;A
2008;3691;55174;3023;Población;123525.0;A
2008;3691;55174;3142;Población;140925.0;A
2008;3691;55174;3143;Población;625725.0;A
2008;3691;55175;2352;Población;25075.0;A
2008;3691;55175;2402;Población;68725.0;A
2008;3691;55175;2482;Población;62450.0;A
2008;3691;55175;2713;Población;52100.0;A
2008;3691;55175;2797;Población;32025.0;A
2008;3691;55175;2911;Población;51150.0;A
2008;3691;55175;3023;Población;53575.0;A
2008;3691;55175;3142;Población;118350.0;A
2008;3691;55175;3143;Población;463450.0;A
2008;3691;55176;2352;Población;5650.0;A
2008;3691;55176;2402;Población;13125.0;A
2008;3691;55176;2482;Población;7125.0;A
2008;3691;55176;2713;Población;6775.0;A
2008;3691;55176;2797;Población;5475.0;A
2008;3691;55176;2911;Población;4900.0;A
2008;3691;55176;3023;Población;12475.0;A
2008;3691;55176;3142;Población;17100.0;A
2008;3691;55176;3143;Población;72625.0;A
2008;3691;55173;2352;Población;409925.0;A
2008;3691;55173;2402;Población;710200.0;A
2008;3691;55173;2482;Población;518025.0;A
2008;3691;55173;2713;Población;573300.0;A
2008;3691;55173;2797;Población;358225.0;A
2008;3691;55173;2911;Población;426425.0;A
2008;3691;55173;3023;Población;922375.0;A
2008;3691;55173;3142;Población;1202075.0;A
2008;3691;55173;3143;Población;5120550.0;A
2009;3689;55174;2352;Población;37900.0;A
2009;3689;55174;2402;Población;62050.0;A
2009;3689;55174;2482;Población;35350.0;A
2009;3689;55174;2713;Población;40650.0;A
2009;3689;55174;2797;Población;30775.0;A
2009;3689;55174;2911;Población;32325.0;A
2009;3689;55174;3023;Población;77450.0;A
2009;3689;55174;3142;Población;94525.0;A
2009;3689;55174;3143;Población;411025.0;A
2009;3689;55175;2352;Población;12650.0;A
2009;3689;55175;2402;Población;33575.0;A
2009;3689;55175;2482;Población;25450.0;A
2009;3689;55175;2713;Población;23650.0;A
2009;3689;55175;2797;Población;13250.0;A
2009;3689;55175;2911;Población;21100.0;A
2009;3689;55175;3023;Población;29400.0;A
2009;3689;55175;3142;Población;49225.0;A
2009;3689;55175;3143;Población;208300.0;A
2009;3689;55176;2352;Población;10700.0;A
2009;3689;55176;2402;Población;19525.0;A
2009;3689;55176;2482;Población;10775.0;A
2009;3689;55176;2713;Población;11575.0;A
2009;3689;55176;2797;Población;7775.0;A
2009;3689;55176;2911;Población;6125.0;A
2009;3689;55176;3023;Población;19675.0;A
2009;3689;55176;3142;Población;24725.0;A
2009;3689;55176;3143;Población;110875.0;A
2009;3689;55173;2352;Población;227875.0;A
2009;3689;55173;2402;Población;396500.0;A
2009;3689;55173;2482;Población;276500.0;A
2009;3689;55173;2713;Población;305525.0;A
2009;3689;55173;2797;Población;184200.0;A
2009;3689;55173;2911;Población;237825.0;A
2009;3689;55173;3023;Población;499475.0;A
2009;3689;55173;3142;Población;644375.0;A
2009;3689;55173;3143;Población;2772275.0;A
2009;3690;55174;2352;Población;22125.0;A
2009;3690;55174;2402;Población;30800.0;A
2009;3690;55174;2482;Población;15900.0;A
2009;3690;55174;2713;Población;21200.0;A
2009;3690;55174;2797;Población;16975.0;A
2009;3690;55174;2911;Población;13175.0;A
2009;3690;55174;3023;Población;43800.0;A
2009;3690;55174;3142;Población;46050.0;A
2009;3690;55174;3143;Población;210025.0;A
2009;3690;55175;2352;Población;18925.0;A
2009;3690;55175;2402;Población;49600.0;A
2009;3690;55175;2482;Población;42525.0;A
2009;3690;55175;2713;Población;36550.0;A
2009;3690;55175;2797;Población;23200.0;A
2009;3690;55175;2911;Población;33850.0;A
2009;3690;55175;3023;Población;40500.0;A
2009;3690;55175;3142;Población;84475.0;A
2009;3690;55175;3143;Población;329625.0;A
2009;3690;55176;2352;Población;6075.0;A
2009;3690;55176;2402;Población;8650.0;A
2009;3690;55176;2482;Población;5475.0;A
2009;3690;55176;2713;Población;6200.0;A
2009;3690;55176;2797;Población;4550.0;A
2009;3690;55176;2911;Población;2800.0;A
2009;3690;55176;3023;Población;11750.0;A
2009;3690;55176;3142;Población;13250.0;A
2009;3690;55176;3143;Población;58750.0;A
2009;3690;55173;2352;Población;183225.0;A
2009;3690;55173;2402;Población;310725.0;A
2009;3690;55173;2482;Población;236175.0;A
2009;3690;55173;2713;Población;263775.0;A
2009;3690;55173;2797;Población;174350.0;A
2009;3690;55173;2911;Población;189675.0;A
2009;3690;55173;3023;Población;419675.0;A
2009;3690;55173;3142;Población;553750.0;A
2009;3690;55173;3143;Población;2331350.0;A
2009;3691;55174;2352;Población;60025.0;A
2009;3691;55174;2402;Población;92850.0;A
2009;3691;55174;2482;Población;51250.0;A
2009;3691;55174;2713;Población;61850.0;A
2009;3691;55174;2797;Población;47750.0;A
2009;3691;55174;2911;Población;45500.0;A
2009;3691;55174;3023;Población;121250.0;A
2009;3691;55174;3142;Población;140575.0;A
2009;3691;55174;3143;Población;621050.0;A
2009;3691;55175;2352;Población;31575.0;A
2009;3691;55175;2402;Población;83175.0;A
2009;3691;55175;2482;Población;67975.0;A
2009;3691;55175;2713;Población;60200.0;A
2009;3691;55175;2797;Población;36450.0;A
2009;3691;55175;2911;Población;54950.0;A
2009;3691;55175;3023;Población;69900.0;A
2009;3691;55175;3142;Población;133700.0;A
2009;3691;55175;3143;Población;537925.0;A
2009;3691;55176;2352;Población;16775.0;A
2009;3691;55176;2402;Población;28175.0;A
2009;3691;55176;2482;Población;16250.0;A
2009;3691;55176;2713;Población;17775.0;A
2009;3691;55176;2797;Población;12325.0;A
2009;3691;55176;2911;Población;8925.0;A
2009;3691;55176;3023;Población;31425.0;A
2009;3691;55176;3142;Población;37975.0;A
2009;3691;55176;3143;Población;169625.0;A
2009;3691;55173;2352;Población;411100.0;A
2009;3691;55173;2402;Población;707225.0;A
2009;3691;55173;2482;Población;512675.0;A
2009;3691;55173;2713;Población;569300.0;A
2009;3691;55173;2797;Población;358550.0;A
2009;3691;55173;2911;Población;427500.0;A
2009;3691;55173;3023;Población;919150.0;A
2009;3691;55173;3142;Población;1198125.0;A
2009;3691;55173;3143;Población;5103625.0;A
2010;3689;55174;2352;Población;31950.0;A
2010;3689;55174;2402;Población;48950.0;A
2010;3689;55174;2482;Población;28900.0;A
2010;3689;55174;2713;Población;33875.0;A
2010;3689;55174;2797;Población;27000.0;A
2010;3689;55174;2911;Población;27975.0;A
2010;3689;55174;3023;Población;64375.0;A
2010;3689;55174;3142;Población;75500.0;A
2010;3689;55174;3143;Población;338525.0;A
2010;3689;55175;2352;Población;24575.0;A
2010;3689;55175;2402;Población;49975.0;A
2010;3689;55175;2482;Población;34400.0;A
2010;3689;55175;2713;Población;34975.0;A
2010;3689;55175;2797;Población;19700.0;A
2010;3689;55175;2911;Población;27100.0;A
2010;3689;55175;3023;Población;50625.0;A
2010;3689;55175;3142;Población;72700.0;A
2010;3689;55175;3143;Población;314050.0;A
2010;3689;55176;2352;Población;11725.0;A
2010;3689;55176;2402;Población;19425.0;A
2010;3689;55176;2482;Población;10900.0;A
2010;3689;55176;2713;Población;11900.0;A
2010;3689;55176;2797;Población;9450.0;A
2010;3689;55176;2911;Población;6825.0;A
2010;3689;55176;3023;Población;20875.0;A
2010;3689;55176;3142;Población;27400.0;A
2010;3689;55176;3143;Población;118500.0;A
2010;3689;55173;2352;Población;227925.0;A
2010;3689;55173;2402;Población;395675.0;A
2010;3689;55173;2482;Población;276250.0;A
2010;3689;55173;2713;Población;304775.0;A
2010;3689;55173;2797;Población;183725.0;A
2010;3689;55173;2911;Población;239050.0;A
2010;3689;55173;3023;Población;497100.0;A
2010;3689;55173;3142;Población;642650.0;A
2010;3689;55173;3143;Población;2767150.0;A
2010;3690;55174;2352;Población;20200.0;A
2010;3690;55174;2402;Población;27575.0;A
2010;3690;55174;2482;Población;14350.0;A
2010;3690;55174;2713;Población;18975.0;A
2010;3690;55174;2797;Población;17475.0;A
2010;3690;55174;2911;Población;12225.0;A
2010;3690;55174;3023;Población;38900.0;A
2010;3690;55174;3142;Población;41025.0;A
2010;3690;55174;3143;Población;190725.0;A
2010;3690;55175;2352;Población;25000.0;A
2010;3690;55175;2402;Población;60400.0;A
2010;3690;55175;2482;Población;47850.0;A
2010;3690;55175;2713;Población;42800.0;A
2010;3690;55175;2797;Población;28025.0;A
2010;3690;55175;2911;Población;37100.0;A
2010;3690;55175;3023;Población;54075.0;A
2010;3690;55175;3142;Población;99025.0;A
2010;3690;55175;3143;Población;394275.0;A
2010;3690;55176;2352;Población;7375.0;A
2010;3690;55176;2402;Población;8900.0;A
2010;3690;55176;2482;Población;5025.0;A
2010;3690;55176;2713;Población;7225.0;A
2010;3690;55176;2797;Población;7175.0;A
2010;3690;55176;2911;Población;3325.0;A
2010;3690;55176;3023;Población;13950.0;A
2010;3690;55176;3142;Población;13800.0;A
2010;3690;55176;3143;Población;66775.0;A
2010;3690;55173;2352;Población;184525.0;A
2010;3690;55173;2402;Población;315575.0;A
2010;3690;55173;2482;Población;238675.0;A
2010;3690;55173;2713;Población;265400.0;A
2010;3690;55173;2797;Población;173300.0;A
2010;3690;55173;2911;Población;192050.0;A
2010;3690;55173;3023;Población;431500.0;A
2010;3690;55173;3142;Población;559025.0;A
2010;3690;55173;3143;Población;2360050.0;A
2010;3691;55174;2352;Población;52150.0;A
2010;3691;55174;2402;Población;76525.0;A
2010;3691;55174;2482;Población;43250.0;A
2010;3691;55174;2713;Población;52850.0;A
2010;3691;55174;2797;Población;44475.0;A
2010;3691;55174;2911;Población;40200.0;A
2010;3691;55174;3023;Población;103275.0;A
2010;3691;55174;3142;Población;116525.0;A
2010;3691;55174;3143;Población;529250.0;A
2010;3691;55175;2352;Población;49575.0;A
2010;3691;55175;2402;Población;110375.0;A
2010;3691;55175;2482;Población;82250.0;A
2010;3691;55175;2713;Población;77775.0;A
2010;3691;55175;2797;Población;47725.0;A
2010;3691;55175;2911;Población;64200.0;A
2010;3691;55175;3023;Población;104700.0;A
2010;3691;55175;3142;Población;171725.0;A
2010;3691;55175;3143;Población;708325.0;A
2010;3691;55176;2352;Población;19100.0;A
2010;3691;55176;2402;Población;28325.0;A
2010;3691;55176;2482;Población;15925.0;A
2010;3691;55176;2713;Población;19125.0;A
2010;3691;55176;2797;Población;16625.0;A
2010;3691;55176;2911;Población;10150.0;A
2010;3691;55176;3023;Población;34825.0;A
2010;3691;55176;3142;Población;41200.0;A
2010;3691;55176;3143;Población;185275.0;A
2010;3691;55173;2352;Población;412450.0;A
2010;3691;55173;2402;Población;711250.0;A
2010;3691;55173;2482;Población;514925.0;A
2010;3691;55173;2713;Población;570175.0;A
2010;3691;55173;2797;Población;357025.0;A
2010;3691;55173;2911;Población;431100.0;A
2010;3691;55173;3023;Población;928600.0;A
2010;3691;55173;3142;Población;1201675.0;A
2010;3691;55173;3143;Población;5127200.0;A
2011;3689;55174;2352;Población;25375.0;A
2011;3689;55174;2402;Población;47075.0;A
2011;3689;55174;2482;Población;27600.0;A
2011;3689;55174;2713;Población;31150.0;A
2011;3689;55174;2797;Población;21400.0;A
2011;3689;55174;2911;Población;24150.0;A
2011;3689;55174;3023;Población;57550.0;A
2011;3689;55174;3142;Población;70250.0;A
2011;3689;55174;3143;Población;304550.0;A
2011;3689;55175;2352;Población;31575.0;A
2011;3689;55175;2402;Población;53700.0;A
2011;3689;55175;2482;Población;39375.0;A
2011;3689;55175;2713;Población;38825.0;A
2011;3689;55175;2797;Población;27475.0;A
2011;3689;55175;2911;Población;32200.0;A
2011;3689;55175;3023;Población;54925.0;A
2011;3689;55175;3142;Población;83350.0;A
2011;3689;55175;3143;Población;361425.0;A
2011;3689;55176;2352;Población;7075.0;A
2011;3689;55176;2402;Población;13175.0;A
2011;3689;55176;2482;Población;6125.0;A
2011;3689;55176;2713;Población;7750.0;A
2011;3689;55176;2797;Población;6200.0;A
2011;3689;55176;2911;Población;6275.0;A
2011;3689;55176;3023;Población;14625.0;A
2011;3689;55176;3142;Población;15675.0;A
2011;3689;55176;3143;Población;76900.0;A
2011;3689;55173;2352;Población;224925.0;A
2011;3689;55173;2402;Población;390025.0;A
2011;3689;55173;2482;Población;272975.0;A
2011;3689;55173;2713;Población;302225.0;A
2011;3689;55173;2797;Población;182150.0;A
2011;3689;55173;2911;Población;238625.0;A
2011;3689;55173;3023;Población;490225.0;A
2011;3689;55173;3142;Población;636450.0;A
2011;3689;55173;3143;Población;2737600.0;A
2011;3690;55174;2352;Población;19500.0;A
2011;3690;55174;2402;Población;29675.0;A
2011;3690;55174;2482;Población;15450.0;A
2011;3690;55174;2713;Población;20175.0;A
2011;3690;55174;2797;Población;12200.0;A
2011;3690;55174;2911;Población;12225.0;A
2011;3690;55174;3023;Población;41175.0;A
2011;3690;55174;3142;Población;43550.0;A
2011;3690;55174;3143;Población;193950.0;A
2011;3690;55175;2352;Población;28975.0;A
2011;3690;55175;2402;Población;60425.0;A
2011;3690;55175;2482;Población;48725.0;A
2011;3690;55175;2713;Población;44950.0;A
2011;3690;55175;2797;Población;38475.0;A
2011;3690;55175;2911;Población;38050.0;A
2011;3690;55175;3023;Población;58425.0;A
2011;3690;55175;3142;Población;101900.0;A
2011;3690;55175;3143;Población;419925.0;A
2011;3690;55176;2352;Población;4325.0;A
2011;3690;55176;2402;Población;6850.0;A
2011;3690;55176;2482;Población;3525.0;A
2011;3690;55176;2713;Población;4275.0;A
2011;3690;55176;2797;Población;2800.0;A
2011;3690;55176;2911;Población;2600.0;A
2011;3690;55176;3023;Población;9350.0;A
2011;3690;55176;3142;Población;7975.0;A
2011;3690;55176;3143;Población;41700.0;A
2011;3690;55173;2352;Población;183625.0;A
2011;3690;55173;2402;Población;314650.0;A
2011;3690;55173;2482;Población;240250.0;A
2011;3690;55173;2713;Población;267100.0;A
2011;3690;55173;2797;Población;174625.0;A
2011;3690;55173;2911;Población;191625.0;A
2011;3690;55173;3023;Población;433400.0;A
2011;3690;55173;3142;Población;561175.0;A
2011;3690;55173;3143;Población;2366450.0;A
2011;3691;55174;2352;Población;44875.0;A
2011;3691;55174;2402;Población;76750.0;A
2011;3691;55174;2482;Población;43050.0;A
2011;3691;55174;2713;Población;51325.0;A
2011;3691;55174;2797;Población;33600.0;A
2011;3691;55174;2911;Población;36375.0;A
2011;3691;55174;3023;Población;98725.0;A
2011;3691;55174;3142;Población;113800.0;A
2011;3691;55174;3143;Población;498500.0;A
2011;3691;55175;2352;Población;60550.0;A
2011;3691;55175;2402;Población;114125.0;A
2011;3691;55175;2482;Población;88100.0;A
2011;3691;55175;2713;Población;83775.0;A
2011;3691;55175;2797;Población;65950.0;A
2011;3691;55175;2911;Población;70250.0;A
2011;3691;55175;3023;Población;113350.0;A
2011;3691;55175;3142;Población;185250.0;A
2011;3691;55175;3143;Población;781350.0;A
2011;3691;55176;2352;Población;11400.0;A
2011;3691;55176;2402;Población;20025.0;A
2011;3691;55176;2482;Población;9650.0;A
2011;3691;55176;2713;Población;12025.0;A
2011;3691;55176;2797;Población;9000.0;A
2011;3691;55176;2911;Población;8875.0;A
2011;3691;55176;3023;Población;23975.0;A
2011;3691;55176;3142;Población;23650.0;A
2011;3691;55176;3143;Población;118600.0;A
2011;3691;55173;2352;Población;408550.0;A
2011;3691;55173;2402;Población;704675.0;A
2011;3691;55173;2482;Población;513225.0;A
2011;3691;55173;2713;Población;569325.0;A
2011;3691;55173;2797;Población;356775.0;A
2011;3691;55173;2911;Población;430250.0;A
2011;3691;55173;3023;Población;923625.0;A
2011;3691;55173;3142;Población;1197625.0;A
2011;3691;55173;3143;Población;5104050.0;A
2012;3689;55174;2352;Población;36250.0;A
2012;3689;55174;2402;Población;53175.0;A
2012;3689;55174;2482;Población;45850.0;A
2012;3689;55174;2713;Población;41975.0;A
2012;3689;55174;2797;Población;31575.0;A
2012;3689;55174;2911;Población;43100.0;A
2012;3689;55174;3023;Población;65900.0;A
2012;3689;55174;3142;Población;97425.0;A
2012;3689;55174;3143;Población;415250.0;A
2012;3689;55175;2352;Población;20850.0;A
2012;3689;55175;2402;Población;44100.0;A
2012;3689;55175;2482;Población;22225.0;A
2012;3689;55175;2713;Población;27775.0;A
2012;3689;55175;2797;Población;16100.0;A
2012;3689;55175;2911;Población;15675.0;A
2012;3689;55175;3023;Población;48850.0;A
2012;3689;55175;3142;Población;56625.0;A
2012;3689;55175;3143;Población;252200.0;A
2012;3689;55176;2352;Población;5550.0;A
2012;3689;55176;2402;Población;13250.0;A
2012;3689;55176;2482;Población;6875.0;A
2012;3689;55176;2713;Población;7475.0;A
2012;3689;55176;2797;Población;5725.0;A
2012;3689;55176;2911;Población;6250.0;A
2012;3689;55176;3023;Población;12600.0;A
2012;3689;55176;3142;Población;16750.0;A
2012;3689;55176;3143;Población;74475.0;A
2012;3689;55173;2352;Población;221300.0;A
2012;3689;55173;2402;Población;382875.0;A
2012;3689;55173;2482;Población;268600.0;A
2012;3689;55173;2713;Población;296375.0;A
2012;3689;55173;2797;Población;179375.0;A
2012;3689;55173;2911;Población;231900.0;A
2012;3689;55173;3023;Población;483925.0;A
2012;3689;55173;3142;Población;622350.0;A
2012;3689;55173;3143;Población;2686700.0;A
2012;3690;55174;2352;Población;29250.0;A
2012;3690;55174;2402;Población;44050.0;A
2012;3690;55174;2482;Población;45525.0;A
2012;3690;55174;2713;Población;42875.0;A
2012;3690;55174;2797;Población;33250.0;A
2012;3690;55174;2911;Población;36000.0;A
2012;3690;55174;3023;Población;56650.0;A
2012;3690;55174;3142;Población;93050.0;A
2012;3690;55174;3143;Población;380650.0;A
2012;3690;55175;2352;Población;18800.0;A
2012;3690;55175;2402;Población;42250.0;A
2012;3690;55175;2482;Población;18275.0;A
2012;3690;55175;2713;Población;21275.0;A
2012;3690;55175;2797;Población;13675.0;A
2012;3690;55175;2911;Población;13650.0;A
2012;3690;55175;3023;Población;44725.0;A
2012;3690;55175;3142;Población;49375.0;A
2012;3690;55175;3143;Población;222025.0;A
2012;3690;55176;2352;Población;4500.0;A
2012;3690;55176;2402;Población;6400.0;A
2012;3690;55176;2482;Población;4025.0;A
2012;3690;55176;2713;Población;5075.0;A
2012;3690;55176;2797;Población;3300.0;A
2012;3690;55176;2911;Población;2700.0;A
2012;3690;55176;3023;Población;9000.0;A
2012;3690;55176;3142;Población;8750.0;A
2012;3690;55176;3143;Población;43750.0;A
2012;3690;55173;2352;Población;182825.0;A
2012;3690;55173;2402;Población;310900.0;A
2012;3690;55173;2482;Población;237325.0;A
2012;3690;55173;2713;Población;264700.0;A
2012;3690;55173;2797;Población;168825.0;A
2012;3690;55173;2911;Población;189550.0;A
2012;3690;55173;3023;Población;433650.0;A
2012;3690;55173;3142;Población;555000.0;A
2012;3690;55173;3143;Población;2342775.0;A
2012;3691;55174;2352;Población;65500.0;A
2012;3691;55174;2402;Población;97225.0;A
2012;3691;55174;2482;Población;91375.0;A
2012;3691;55174;2713;Población;84850.0;A
2012;3691;55174;2797;Población;64825.0;A
2012;3691;55174;2911;Población;79100.0;A
2012;3691;55174;3023;Población;122550.0;A
2012;3691;55174;3142;Población;190475.0;A
2012;3691;55174;3143;Población;795900.0;A
2012;3691;55175;2352;Población;39650.0;A
2012;3691;55175;2402;Población;86350.0;A
2012;3691;55175;2482;Población;40500.0;A
2012;3691;55175;2713;Población;49050.0;A
2012;3691;55175;2797;Población;29775.0;A
2012;3691;55175;2911;Población;29325.0;A
2012;3691;55175;3023;Población;93575.0;A
2012;3691;55175;3142;Población;106000.0;A
2012;3691;55175;3143;Población;474225.0;A
2012;3691;55176;2352;Población;10050.0;A
2012;3691;55176;2402;Población;19650.0;A
2012;3691;55176;2482;Población;10900.0;A
2012;3691;55176;2713;Población;12550.0;A
2012;3691;55176;2797;Población;9025.0;A
2012;3691;55176;2911;Población;8950.0;A
2012;3691;55176;3023;Población;21600.0;A
2012;3691;55176;3142;Población;25500.0;A
2012;3691;55176;3143;Población;118225.0;A
2012;3691;55173;2352;Población;404125.0;A
2012;3691;55173;2402;Población;693775.0;A
2012;3691;55173;2482;Población;505925.0;A
2012;3691;55173;2713;Población;561075.0;A
2012;3691;55173;2797;Población;348200.0;A
2012;3691;55173;2911;Población;421450.0;A
2012;3691;55173;3023;Población;917575.0;A
2012;3691;55173;3142;Población;1177350.0;A
2012;3691;55173;3143;Población;5029475.0;A
2013;3689;55174;2352;Población;35550.0;A
2013;3689;55174;2402;Población;46650.0;A
2013;3689;55174;2482;Población;42925.0;A
2013;3689;55174;2713;Población;38650.0;A
2013;3689;55174;2797;Población;30175.0;A
2013;3689;55174;2911;Población;38775.0;A
2013;3689;55174;3023;Población;57750.0;A
2013;3689;55174;3142;Población;88625.0;A
2013;3689;55174;3143;Población;379100.0;A
2013;3689;55175;2352;Población;20625.0;A
2013;3689;55175;2402;Población;46000.0;A
2013;3689;55175;2482;Población;24225.0;A
2013;3689;55175;2713;Población;28775.0;A
2013;3689;55175;2797;Población;16175.0;A
2013;3689;55175;2911;Población;17350.0;A
2013;3689;55175;3023;Población;51550.0;A
2013;3689;55175;3142;Población;60275.0;A
2013;3689;55175;3143;Población;264975.0;A
2013;3689;55176;2352;Población;4050.0;A
2013;3689;55176;2402;Población;12675.0;A
2013;3689;55176;2482;Población;6150.0;A
2013;3689;55176;2713;Población;6825.0;A
2013;3689;55176;2797;Población;4975.0;A
2013;3689;55176;2911;Población;5275.0;A
2013;3689;55176;3023;Población;11250.0;A
2013;3689;55176;3142;Población;14150.0;A
2013;3689;55176;3143;Población;65350.0;A
2013;3689;55173;2352;Población;223025.0;A
2013;3689;55173;2402;Población;378300.0;A
2013;3689;55173;2482;Población;265600.0;A
2013;3689;55173;2713;Población;295875.0;A
2013;3689;55173;2797;Población;179525.0;A
2013;3689;55173;2911;Población;230775.0;A
2013;3689;55173;3023;Población;479225.0;A
2013;3689;55173;3142;Población;617650.0;A
2013;3689;55173;3143;Población;2669975.0;A
2013;3690;55174;2352;Población;28425.0;A
2013;3690;55174;2402;Población;41775.0;A
2013;3690;55174;2482;Población;44500.0;A
2013;3690;55174;2713;Población;41025.0;A
2013;3690;55174;2797;Población;33125.0;A
2013;3690;55174;2911;Población;35375.0;A
2013;3690;55174;3023;Población;55225.0;A
2013;3690;55174;3142;Población;88875.0;A
2013;3690;55174;3143;Población;368325.0;A
2013;3690;55175;2352;Población;19625.0;A
2013;3690;55175;2402;Población;36400.0;A
2013;3690;55175;2482;Población;17425.0;A
2013;3690;55175;2713;Población;21925.0;A
2013;3690;55175;2797;Población;12250.0;A
2013;3690;55175;2911;Población;13175.0;A
2013;3690;55175;3023;Población;42875.0;A
2013;3690;55175;3142;Población;46100.0;A
2013;3690;55175;3143;Población;209775.0;A
2013;3690;55176;2352;Población;3775.0;A
2013;3690;55176;2402;Población;6250.0;A
2013;3690;55176;2482;Población;3675.0;A
2013;3690;55176;2713;Población;4225.0;A
2013;3690;55176;2797;Población;3350.0;A
2013;3690;55176;2911;Población;2300.0;A
2013;3690;55176;3023;Población;8100.0;A
2013;3690;55176;3142;Población;8900.0;A
2013;3690;55176;3143;Población;40575.0;A
2013;3690;55173;2352;Población;180925.0;A
2013;3690;55173;2402;Población;298000.0;A
2013;3690;55173;2482;Población;233300.0;A
2013;3690;55173;2713;Población;260275.0;A
2013;3690;55173;2797;Población;165975.0;A
2013;3690;55173;2911;Población;186600.0;A
2013;3690;55173;3023;Población;426425.0;A
2013;3690;55173;3142;Población;544675.0;A
2013;3690;55173;3143;Población;2296175.0;A
2013;3691;55174;2352;Población;63975.0;A
2013;3691;55174;2402;Población;88425.0;A
2013;3691;55174;2482;Población;87425.0;A
2013;3691;55174;2713;Población;79675.0;A
2013;3691;55174;2797;Población;63300.0;A
2013;3691;55174;2911;Población;74150.0;A
2013;3691;55174;3023;Población;112975.0;A
2013;3691;55174;3142;Población;177500.0;A
2013;3691;55174;3143;Población;747425.0;A
2013;3691;55175;2352;Población;40250.0;A
2013;3691;55175;2402;Población;82400.0;A
2013;3691;55175;2482;Población;41650.0;A
2013;3691;55175;2713;Población;50700.0;A
2013;3691;55175;2797;Población;28425.0;A
2013;3691;55175;2911;Población;30525.0;A
2013;3691;55175;3023;Población;94425.0;A
2013;3691;55175;3142;Población;106375.0;A
2013;3691;55175;3143;Población;474750.0;A
2013;3691;55176;2352;Población;7825.0;A
2013;3691;55176;2402;Población;18925.0;A
2013;3691;55176;2482;Población;9825.0;A
2013;3691;55176;2713;Población;11050.0;A
2013;3691;55176;2797;Población;8325.0;A
2013;3691;55176;2911;Población;7575.0;A
2013;3691;55176;3023;Población;19350.0;A
2013;3691;55176;3142;Población;23050.0;A
2013;3691;55176;3143;Población;105925.0;A
2013;3691;55173;2352;Población;403950.0;A
2013;3691;55173;2402;Población;676300.0;A
2013;3691;55173;2482;Población;498900.0;A
2013;3691;55173;2713;Población;556150.0;A
2013;3691;55173;2797;Población;345500.0;A
2013;3691;55173;2911;Población;417375.0;A
2013;3691;55173;3023;Población;905650.0;A
2013;3691;55173;3142;Población;1162325.0;A
2013;3691;55173;3143;Población;4966150.0;A
2014;3689;55174;2352;Población;33350.0;A
2014;3689;55174;2402;Población;40725.0;A
2014;3689;55174;2482;Población;40075.0;A
2014;3689;55174;2713;Población;35425.0;A
2014;3689;55174;2797;Población;29625.0;A
2014;3689;55174;2911;Población;36250.0;A
2014;3689;55174;3023;Población;50400.0;A
2014;3689;55174;3142;Población;77950.0;A
2014;3689;55174;3143;Población;343800.0;A
2014;3689;55175;2352;Población;20025.0;A
2014;3689;55175;2402;Población;47725.0;A
2014;3689;55175;2482;Población;24800.0;A
2014;3689;55175;2713;Población;28925.0;A
2014;3689;55175;2797;Población;16050.0;A
2014;3689;55175;2911;Población;17125.0;A
2014;3689;55175;3023;Población;50875.0;A
2014;3689;55175;3142;Población;61525.0;A
2014;3689;55175;3143;Población;267050.0;A
2014;3689;55176;2352;Población;3875.0;A
2014;3689;55176;2402;Población;10000.0;A
2014;3689;55176;2482;Población;4500.0;A
2014;3689;55176;2713;Población;5225.0;A
2014;3689;55176;2797;Población;4050.0;A
2014;3689;55176;2911;Población;4050.0;A
2014;3689;55176;3023;Población;9650.0;A
2014;3689;55176;3142;Población;12325.0;A
2014;3689;55176;3143;Población;53675.0;A
2014;3689;55173;2352;Población;225100.0;A
2014;3689;55173;2402;Población;380450.0;A
2014;3689;55173;2482;Población;267050.0;A
2014;3689;55173;2713;Población;297350.0;A
2014;3689;55173;2797;Población;180750.0;A
2014;3689;55173;2911;Población;230650.0;A
2014;3689;55173;3023;Población;486175.0;A
2014;3689;55173;3142;Población;621200.0;A
2014;3689;55173;3143;Población;2688725.0;A
2014;3690;55174;2352;Población;26850.0;A
2014;3690;55174;2402;Población;38525.0;A
2014;3690;55174;2482;Población;42575.0;A
2014;3690;55174;2713;Población;38875.0;A
2014;3690;55174;2797;Población;34900.0;A
2014;3690;55174;2911;Población;34125.0;A
2014;3690;55174;3023;Población;51875.0;A
2014;3690;55174;3142;Población;82150.0;A
2014;3690;55174;3143;Población;349875.0;A
2014;3690;55175;2352;Población;19025.0;A
2014;3690;55175;2402;Población;32975.0;A
2014;3690;55175;2482;Población;16675.0;A
2014;3690;55175;2713;Población;20775.0;A
2014;3690;55175;2797;Población;12625.0;A
2014;3690;55175;2911;Población;12675.0;A
2014;3690;55175;3023;Población;40050.0;A
2014;3690;55175;3142;Población;45175.0;A
2014;3690;55175;3143;Población;199975.0;A
2014;3690;55176;2352;Población;3900.0;A
2014;3690;55176;2402;Población;6100.0;A
2014;3690;55176;2482;Población;3050.0;A
2014;3690;55176;2713;Población;4000.0;A
2014;3690;55176;2797;Población;2925.0;A
2014;3690;55176;2911;Población;2475.0;A
2014;3690;55176;3023;Población;7850.0;A
2014;3690;55176;3142;Población;8300.0;A
2014;3690;55176;3143;Población;38600.0;A
2014;3690;55173;2352;Población;183775.0;A
2014;3690;55173;2402;Población;298475.0;A
2014;3690;55173;2482;Población;235000.0;A
2014;3690;55173;2713;Población;262925.0;A
2014;3690;55173;2797;Población;169350.0;A
2014;3690;55173;2911;Población;187475.0;A
2014;3690;55173;3023;Población;432600.0;A
2014;3690;55173;3142;Población;544475.0;A
2014;3690;55173;3143;Población;2314075.0;A
2014;3691;55174;2352;Población;60200.0;A
2014;3691;55174;2402;Población;79250.0;A
2014;3691;55174;2482;Población;82650.0;A
2014;3691;55174;2713;Población;74300.0;A
2014;3691;55174;2797;Población;64525.0;A
2014;3691;55174;2911;Población;70375.0;A
2014;3691;55174;3023;Población;102275.0;A
2014;3691;55174;3142;Población;160100.0;A
2014;3691;55174;3143;Población;693675.0;A
2014;3691;55175;2352;Población;39050.0;A
2014;3691;55175;2402;Población;80700.0;A
2014;3691;55175;2482;Población;41475.0;A
2014;3691;55175;2713;Población;49700.0;A
2014;3691;55175;2797;Población;28675.0;A
2014;3691;55175;2911;Población;29800.0;A
2014;3691;55175;3023;Población;90925.0;A
2014;3691;55175;3142;Población;106700.0;A
2014;3691;55175;3143;Población;467025.0;A
2014;3691;55176;2352;Población;7775.0;A
2014;3691;55176;2402;Población;16100.0;A
2014;3691;55176;2482;Población;7550.0;A
2014;3691;55176;2713;Población;9225.0;A
2014;3691;55176;2797;Población;6975.0;A
2014;3691;55176;2911;Población;6525.0;A
2014;3691;55176;3023;Población;17500.0;A
2014;3691;55176;3142;Población;20625.0;A
2014;3691;55176;3143;Población;92275.0;A
2014;3691;55173;2352;Población;408875.0;A
2014;3691;55173;2402;Población;678925.0;A
2014;3691;55173;2482;Población;502050.0;A
2014;3691;55173;2713;Población;560275.0;A
2014;3691;55173;2797;Población;350100.0;A
2014;3691;55173;2911;Población;418125.0;A
2014;3691;55173;3023;Población;918775.0;A
2014;3691;55173;3142;Población;1165675.0;A
2014;3691;55173;3143;Población;5002800.0;A
2015;3689;55174;2352;Población;33200.0;A
2015;3689;55174;2402;Población;38450.0;A
2015;3689;55174;2482;Población;37625.0;A
2015;3689;55174;2713;Población;34000.0;A
2015;3689;55174;2797;Población;28950.0;A
2015;3689;55174;2911;Población;34175.0;A
2015;3689;55174;3023;Población;45400.0;A
2015;3689;55174;3142;Población;70000.0;A
2015;3689;55174;3143;Población;321800.0;A
2015;3689;55175;2352;Población;20075.0;A
2015;3689;55175;2402;Población;48300.0;A
2015;3689;55175;2482;Población;23050.0;A
2015;3689;55175;2713;Población;29500.0;A
2015;3689;55175;2797;Población;15900.0;A
2015;3689;55175;2911;Población;16525.0;A
2015;3689;55175;3023;Población;49850.0;A
2015;3689;55175;3142;Población;60925.0;A
2015;3689;55175;3143;Población;264125.0;A
2015;3689;55176;2352;Población;2775.0;A
2015;3689;55176;2402;Población;7800.0;A
2015;3689;55176;2482;Población;4550.0;A
2015;3689;55176;2713;Población;4425.0;A
2015;3689;55176;2797;Población;3200.0;A
2015;3689;55176;2911;Población;4325.0;A
2015;3689;55176;3023;Población;7050.0;A
2015;3689;55176;3142;Población;11050.0;A
2015;3689;55176;3143;Población;45175.0;A
2015;3689;55173;2352;Población;231525.0;A
2015;3689;55173;2402;Población;386125.0;A
2015;3689;55173;2482;Población;266875.0;A
2015;3689;55173;2713;Población;301375.0;A
2015;3689;55173;2797;Población;183550.0;A
2015;3689;55173;2911;Población;231825.0;A
2015;3689;55173;3023;Población;497250.0;A
2015;3689;55173;3142;Población;626300.0;A
2015;3689;55173;3143;Población;2724825.0;A
2015;3690;55174;2352;Población;26525.0;A
2015;3690;55174;2402;Población;37175.0;A
2015;3690;55174;2482;Población;41325.0;A
2015;3690;55174;2713;Población;37550.0;A
2015;3690;55174;2797;Población;34450.0;A
2015;3690;55174;2911;Población;32400.0;A
2015;3690;55174;3023;Población;49475.0;A
2015;3690;55174;3142;Población;77900.0;A
2015;3690;55174;3143;Población;336800.0;A
2015;3690;55175;2352;Población;18975.0;A
2015;3690;55175;2402;Población;37100.0;A
2015;3690;55175;2482;Población;18800.0;A
2015;3690;55175;2713;Población;22375.0;A
2015;3690;55175;2797;Población;13900.0;A
2015;3690;55175;2911;Población;13325.0;A
2015;3690;55175;3023;Población;42750.0;A
2015;3690;55175;3142;Población;50800.0;A
2015;3690;55175;3143;Población;218025.0;A
2015;3690;55176;2352;Población;3575.0;A
2015;3690;55176;2402;Población;5300.0;A
2015;3690;55176;2482;Población;3075.0;A
2015;3690;55176;2713;Población;3800.0;A
2015;3690;55176;2797;Población;2150.0;A
2015;3690;55176;2911;Población;2275.0;A
2015;3690;55176;3023;Población;6600.0;A
2015;3690;55176;3142;Población;6900.0;A
2015;3690;55176;3143;Población;33675.0;A
2015;3690;55173;2352;Población;189175.0;A
2015;3690;55173;2402;Población;308275.0;A
2015;3690;55173;2482;Población;238450.0;A
2015;3690;55173;2713;Población;267400.0;A
2015;3690;55173;2797;Población;169825.0;A
2015;3690;55173;2911;Población;189975.0;A
2015;3690;55173;3023;Población;444675.0;A
2015;3690;55173;3142;Población;556875.0;A
2015;3690;55173;3143;Población;2364650.0;A
2015;3691;55174;2352;Población;59725.0;A
2015;3691;55174;2402;Población;75625.0;A
2015;3691;55174;2482;Población;78950.0;A
2015;3691;55174;2713;Población;71550.0;A
2015;3691;55174;2797;Población;63400.0;A
2015;3691;55174;2911;Población;66575.0;A
2015;3691;55174;3023;Población;94875.0;A
2015;3691;55174;3142;Población;147900.0;A
2015;3691;55174;3143;Población;658600.0;A
2015;3691;55175;2352;Población;39050.0;A
2015;3691;55175;2402;Población;85400.0;A
2015;3691;55175;2482;Población;41850.0;A
2015;3691;55175;2713;Población;51875.0;A
2015;3691;55175;2797;Población;29800.0;A
2015;3691;55175;2911;Población;29850.0;A
2015;3691;55175;3023;Población;92600.0;A
2015;3691;55175;3142;Población;111725.0;A
2015;3691;55175;3143;Población;482150.0;A
2015;3691;55176;2352;Población;6350.0;A
2015;3691;55176;2402;Población;13100.0;A
2015;3691;55176;2482;Población;7625.0;A
2015;3691;55176;2713;Población;8225.0;A
2015;3691;55176;2797;Población;5350.0;A
2015;3691;55176;2911;Población;6600.0;A
2015;3691;55176;3023;Población;13650.0;A
2015;3691;55176;3142;Población;17950.0;A
2015;3691;55176;3143;Población;78850.0;A
2015;3691;55173;2352;Población;420700.0;A
2015;3691;55173;2402;Población;694400.0;A
2015;3691;55173;2482;Población;505325.0;A
2015;3691;55173;2713;Población;568775.0;A
2015;3691;55173;2797;Población;353375.0;A
2015;3691;55173;2911;Población;421800.0;A
2015;3691;55173;3023;Población;941925.0;A
2015;3691;55173;3142;Población;1183175.0;A
2015;3691;55173;3143;Población;5089475.0;A
2016;3689;55174;2352;Población;34050.0;A
2016;3689;55174;2402;Población;38775.0;A
2016;3689;55174;2482;Población;35900.0;A
2016;3689;55174;2713;Población;32575.0;A
2016;3689;55174;2797;Población;30250.0;A
2016;3689;55174;2911;Población;33925.0;A
2016;3689;55174;3023;Población;47700.0;A
2016;3689;55174;3142;Población;69075.0;A
2016;3689;55174;3143;Población;322250.0;A
2016;3689;55175;2352;Población;17450.0;A
2016;3689;55175;2402;Población;43575.0;A
2016;3689;55175;2482;Población;21425.0;A
2016;3689;55175;2713;Población;26325.0;A
2016;3689;55175;2797;Población;14525.0;A
2016;3689;55175;2911;Población;16025.0;A
2016;3689;55175;3023;Población;44275.0;A
2016;3689;55175;3142;Población;57400.0;A
2016;3689;55175;3143;Población;241000.0;A
2016;3689;55176;2352;Población;2375.0;A
2016;3689;55176;2402;Población;8525.0;A
2016;3689;55176;2482;Población;3975.0;A
2016;3689;55176;2713;Población;4025.0;A
2016;3689;55176;2797;Población;3125.0;A
2016;3689;55176;2911;Población;3200.0;A
2016;3689;55176;3023;Población;6525.0;A
2016;3689;55176;3142;Población;9950.0;A
2016;3689;55176;3143;Población;41700.0;A
2016;3689;55173;2352;Población;235700.0;A
2016;3689;55173;2402;Población;390500.0;A
2016;3689;55173;2482;Población;268475.0;A
2016;3689;55173;2713;Población;300900.0;A
2016;3689;55173;2797;Población;184800.0;A
2016;3689;55173;2911;Población;232100.0;A
2016;3689;55173;3023;Población;504075.0;A
2016;3689;55173;3142;Población;630025.0;A
2016;3689;55173;3143;Población;2746575.0;A
2016;3690;55174;2352;Población;27725.0;A
2016;3690;55174;2402;Población;36750.0;A
2016;3690;55174;2482;Población;39800.0;A
2016;3690;55174;2713;Población;37250.0;A
2016;3690;55174;2797;Población;34300.0;A
2016;3690;55174;2911;Población;32350.0;A
2016;3690;55174;3023;Población;49300.0;A
2016;3690;55174;3142;Población;77625.0;A
2016;3690;55174;3143;Población;335100.0;A
2016;3690;55175;2352;Población;18650.0;A
2016;3690;55175;2402;Población;36050.0;A
2016;3690;55175;2482;Población;18375.0;A
2016;3690;55175;2713;Población;21150.0;A
2016;3690;55175;2797;Población;12900.0;A
2016;3690;55175;2911;Población;13025.0;A
2016;3690;55175;3023;Población;40200.0;A
2016;3690;55175;3142;Población;49025.0;A
2016;3690;55175;3143;Población;209375.0;A
2016;3690;55176;2352;Población;3100.0;A
2016;3690;55176;2402;Población;5175.0;A
2016;3690;55176;2482;Población;3000.0;A
2016;3690;55176;2713;Población;3100.0;A
2016;3690;55176;2797;Población;2350.0;A
2016;3690;55176;2911;Población;2025.0;A
2016;3690;55176;3023;Población;5775.0;A
2016;3690;55176;3142;Población;6275.0;A
2016;3690;55176;3143;Población;30800.0;A
2016;3690;55173;2352;Población;193550.0;A
2016;3690;55173;2402;Población;311325.0;A
2016;3690;55173;2482;Población;238375.0;A
2016;3690;55173;2713;Población;270000.0;A
2016;3690;55173;2797;Población;173250.0;A
2016;3690;55173;2911;Población;189925.0;A
2016;3690;55173;3023;Población;450425.0;A
2016;3690;55173;3142;Población;562050.0;A
2016;3690;55173;3143;Población;2388900.0;A
2016;3691;55174;2352;Población;61775.0;A
2016;3691;55174;2402;Población;75525.0;A
2016;3691;55174;2482;Población;75700.0;A
2016;3691;55174;2713;Población;69825.0;A
2016;3691;55174;2797;Población;64550.0;A
2016;3691;55174;2911;Población;66275.0;A
2016;3691;55174;3023;Población;97000.0;A
2016;3691;55174;3142;Población;146700.0;A
2016;3691;55174;3143;Población;657350.0;A
2016;3691;55175;2352;Población;36100.0;A
2016;3691;55175;2402;Población;79625.0;A
2016;3691;55175;2482;Población;39800.0;A
2016;3691;55175;2713;Población;47475.0;A
2016;3691;55175;2797;Población;27425.0;A
2016;3691;55175;2911;Población;29050.0;A
2016;3691;55175;3023;Población;84475.0;A
2016;3691;55175;3142;Población;106425.0;A
2016;3691;55175;3143;Población;450375.0;A
2016;3691;55176;2352;Población;5475.0;A
2016;3691;55176;2402;Población;13700.0;A
2016;3691;55176;2482;Población;6975.0;A
2016;3691;55176;2713;Población;7125.0;A
2016;3691;55176;2797;Población;5475.0;A
2016;3691;55176;2911;Población;5225.0;A
2016;3691;55176;3023;Población;12300.0;A
2016;3691;55176;3142;Población;16225.0;A
2016;3691;55176;3143;Población;72500.0;A
2016;3691;55173;2352;Población;429250.0;A
2016;3691;55173;2402;Población;701825.0;A
2016;3691;55173;2482;Población;506850.0;A
2016;3691;55173;2713;Población;570900.0;A
2016;3691;55173;2797;Población;358050.0;A
2016;3691;55173;2911;Población;422025.0;A
2016;3691;55173;3023;Población;954500.0;A
2016;3691;55173;3142;Población;1192075.0;A
2016;3691;55173;3143;Población;5135475.0;A
2017;3689;55174;2352;Población;35525.0;A
2017;3689;55174;2402;Población;39625.0;A
2017;3689;55174;2482;Población;35600.0;A
2017;3689;55174;2713;Población;34625.0;A
2017;3689;55174;2797;Población;31150.0;A
2017;3689;55174;2911;Población;33800.0;A
2017;3689;55174;3023;Población;47675.0;A
2017;3689;55174;3142;Población;69625.0;A
2017;3689;55174;3143;Población;327625.0;A
2017;3689;55175;2352;Población;15300.0;A
2017;3689;55175;2402;Población;40625.0;A
2017;3689;55175;2482;Población;19725.0;A
2017;3689;55175;2713;Población;23900.0;A
2017;3689;55175;2797;Población;13225.0;A
2017;3689;55175;2911;Población;14550.0;A
2017;3689;55175;3023;Población;39900.0;A
2017;3689;55175;3142;Población;54750.0;A
2017;3689;55175;3143;Población;221975.0;A
2017;3689;55176;2352;Población;2250.0;A
2017;3689;55176;2402;Población;7300.0;A
2017;3689;55176;2482;Población;3425.0;A
2017;3689;55176;2713;Población;2925.0;A
2017;3689;55176;2797;Población;2200.0;A
2017;3689;55176;2911;Población;2675.0;A
2017;3689;55176;3023;Población;5800.0;A
2017;3689;55176;3142;Población;7450.0;A
2017;3689;55176;3143;Población;34025.0;A
2017;3689;55173;2352;Población;241050.0;A
2017;3689;55173;2402;Población;395100.0;A
2017;3689;55173;2482;Población;269625.0;A
2017;3689;55173;2713;Población;306350.0;A
2017;3689;55173;2797;Población;188025.0;A
2017;3689;55173;2911;Población;232200.0;A
2017;3689;55173;3023;Población;516350.0;A
2017;3689;55173;3142;Población;637800.0;A
2017;3689;55173;3143;Población;2786500.0;A
2017;3690;55174;2352;Población;29325.0;A
2017;3690;55174;2402;Población;37675.0;A
2017;3690;55174;2482;Población;40800.0;A
2017;3690;55174;2713;Población;37525.0;A
2017;3690;55174;2797;Población;35975.0;A
2017;3690;55174;2911;Población;32850.0;A
2017;3690;55174;3023;Población;50600.0;A
2017;3690;55174;3142;Población;76650.0;A
2017;3690;55174;3143;Población;341400.0;A
2017;3690;55175;2352;Población;17375.0;A
2017;3690;55175;2402;Población;36650.0;A
2017;3690;55175;2482;Población;18550.0;A
2017;3690;55175;2713;Población;22150.0;A
2017;3690;55175;2797;Población;12725.0;A
2017;3690;55175;2911;Población;12750.0;A
2017;3690;55175;3023;Población;38175.0;A
2017;3690;55175;3142;Población;48375.0;A
2017;3690;55175;3143;Población;206750.0;A
2017;3690;55176;2352;Población;3025.0;A
2017;3690;55176;2402;Población;4700.0;A
2017;3690;55176;2482;Población;3150.0;A
2017;3690;55176;2713;Población;3025.0;A
2017;3690;55176;2797;Población;2500.0;A
2017;3690;55176;2911;Población;2050.0;A
2017;3690;55176;3023;Población;6700.0;A
2017;3690;55176;3142;Población;7375.0;A
2017;3690;55176;3143;Población;32525.0;A
2017;3690;55173;2352;Población;198350.0;A
2017;3690;55173;2402;Población;319575.0;A
2017;3690;55173;2482;Población;243100.0;A
2017;3690;55173;2713;Población;274825.0;A
2017;3690;55173;2797;Población;177425.0;A
2017;3690;55173;2911;Población;192475.0;A
2017;3690;55173;3023;Población;462575.0;A
2017;3690;55173;3142;Población;575125.0;A
2017;3690;55173;3143;Población;2443450.0;A
2017;3691;55174;2352;Población;64850.0;A
2017;3691;55174;2402;Población;77300.0;A
2017;3691;55174;2482;Población;76400.0;A
2017;3691;55174;2713;Población;72150.0;A
2017;3691;55174;2797;Población;67125.0;A
2017;3691;55174;2911;Población;66650.0;A
2017;3691;55174;3023;Población;98275.0;A
2017;3691;55174;3142;Población;146275.0;A
2017;3691;55174;3143;Población;669025.0;A
2017;3691;55175;2352;Población;32675.0;A
2017;3691;55175;2402;Población;77275.0;A
2017;3691;55175;2482;Población;38275.0;A
2017;3691;55175;2713;Población;46050.0;A
2017;3691;55175;2797;Población;25950.0;A
2017;3691;55175;2911;Población;27300.0;A
2017;3691;55175;3023;Población;78075.0;A
2017;3691;55175;3142;Población;103125.0;A
2017;3691;55175;3143;Población;428725.0;A
2017;3691;55176;2352;Población;5275.0;A
2017;3691;55176;2402;Población;12000.0;A
2017;3691;55176;2482;Población;6575.0;A
2017;3691;55176;2713;Población;5950.0;A
2017;3691;55176;2797;Población;4700.0;A
2017;3691;55176;2911;Población;4725.0;A
2017;3691;55176;3023;Población;12500.0;A
2017;3691;55176;3142;Población;14825.0;A
2017;3691;55176;3143;Población;66550.0;A
2017;3691;55173;2352;Población;439400.0;A
2017;3691;55173;2402;Población;714675.0;A
2017;3691;55173;2482;Población;512725.0;A
2017;3691;55173;2713;Población;581175.0;A
2017;3691;55173;2797;Población;365450.0;A
2017;3691;55173;2911;Población;424675.0;A
2017;3691;55173;3023;Población;978925.0;A
2017;3691;55173;3142;Población;1212925.0;A
2017;3691;55173;3143;Población;5229950.0;A
2018;3689;55174;2352;Población;35725.0;A
2018;3689;55174;2402;Población;43200.0;A
2018;3689;55174;2482;Población;36175.0;A
2018;3689;55174;2713;Población;37100.0;A
2018;3689;55174;2797;Población;31925.0;A
2018;3689;55174;2911;Población;35075.0;A
2018;3689;55174;3023;Población;51775.0;A
2018;3689;55174;3142;Población;72525.0;A
2018;3689;55174;3143;Población;343500.0;A
2018;3689;55175;2352;Población;14100.0;A
2018;3689;55175;2402;Población;37200.0;A
2018;3689;55175;2482;Población;17325.0;A
2018;3689;55175;2713;Población;21900.0;A
2018;3689;55175;2797;Población;12000.0;A
2018;3689;55175;2911;Población;12675.0;A
2018;3689;55175;3023;Población;34700.0;A
2018;3689;55175;3142;Población;48325.0;A
2018;3689;55175;3143;Población;198225.0;A
2018;3689;55176;2352;Población;1925.0;A
2018;3689;55176;2402;Población;7475.0;A
2018;3689;55176;2482;Población;3100.0;A
2018;3689;55176;2713;Población;3625.0;A
2018;3689;55176;2797;Población;2575.0;A
2018;3689;55176;2911;Población;2375.0;A
2018;3689;55176;3023;Población;5650.0;A
2018;3689;55176;3142;Población;7325.0;A
2018;3689;55176;3143;Población;34050.0;A
2018;3689;55173;2352;Población;244775.0;A
2018;3689;55173;2402;Población;400025.0;A
2018;3689;55173;2482;Población;271775.0;A
2018;3689;55173;2713;Población;311550.0;A
2018;3689;55173;2797;Población;189575.0;A
2018;3689;55173;2911;Población;231850.0;A
2018;3689;55173;3023;Población;527800.0;A
2018;3689;55173;3142;Población;647200.0;A
2018;3689;55173;3143;Población;2824550.0;A
2018;3690;55174;2352;Población;29875.0;A
2018;3690;55174;2402;Población;39925.0;A
2018;3690;55174;2482;Población;40500.0;A
2018;3690;55174;2713;Población;39250.0;A
2018;3690;55174;2797;Población;36650.0;A
2018;3690;55174;2911;Población;32475.0;A
2018;3690;55174;3023;Población;54175.0;A
2018;3690;55174;3142;Población;78375.0;A
2018;3690;55174;3143;Población;351225.0;A
2018;3690;55175;2352;Población;16600.0;A
2018;3690;55175;2402;Población;35400.0;A
2018;3690;55175;2482;Población;18400.0;A
2018;3690;55175;2713;Población;22450.0;A
2018;3690;55175;2797;Población;12100.0;A
2018;3690;55175;2911;Población;13175.0;A
2018;3690;55175;3023;Población;36875.0;A
2018;3690;55175;3142;Población;49150.0;A
2018;3690;55175;3143;Población;204150.0;A
2018;3690;55176;2352;Población;3600.0;A
2018;3690;55176;2402;Población;6000.0;A
2018;3690;55176;2482;Población;3200.0;A
2018;3690;55176;2713;Población;3600.0;A
2018;3690;55176;2797;Población;2525.0;A
2018;3690;55176;2911;Población;1875.0;A
2018;3690;55176;3023;Población;7500.0;A
2018;3690;55176;3142;Población;6975.0;A
2018;3690;55176;3143;Población;35275.0;A
2018;3690;55173;2352;Población;202600.0;A
2018;3690;55173;2402;Población;327000.0;A
2018;3690;55173;2482;Población;246475.0;A
2018;3690;55173;2713;Población;280425.0;A
2018;3690;55173;2797;Población;186900.0;A
2018;3690;55173;2911;Población;195750.0;A
2018;3690;55173;3023;Población;474800.0;A
2018;3690;55173;3142;Población;588500.0;A
2018;3690;55173;3143;Población;2502450.0;A
2018;3691;55174;2352;Población;65600.0;A
2018;3691;55174;2402;Población;83125.0;A
2018;3691;55174;2482;Población;76675.0;A
2018;3691;55174;2713;Población;76350.0;A
2018;3691;55174;2797;Población;68575.0;A
2018;3691;55174;2911;Población;67550.0;A
2018;3691;55174;3023;Población;105950.0;A
2018;3691;55174;3142;Población;150900.0;A
2018;3691;55174;3143;Población;694725.0;A
2018;3691;55175;2352;Población;30700.0;A
2018;3691;55175;2402;Población;72600.0;A
2018;3691;55175;2482;Población;35725.0;A
2018;3691;55175;2713;Población;44350.0;A
2018;3691;55175;2797;Población;24100.0;A
2018;3691;55175;2911;Población;25850.0;A
2018;3691;55175;3023;Población;71575.0;A
2018;3691;55175;3142;Población;97475.0;A
2018;3691;55175;3143;Población;402375.0;A
2018;3691;55176;2352;Población;5525.0;A
2018;3691;55176;2402;Población;13475.0;A
2018;3691;55176;2482;Población;6300.0;A
2018;3691;55176;2713;Población;7225.0;A
2018;3691;55176;2797;Población;5100.0;A
2018;3691;55176;2911;Población;4250.0;A
2018;3691;55176;3023;Población;13150.0;A
2018;3691;55176;3142;Población;14300.0;A
2018;3691;55176;3143;Población;69325.0;A
2018;3691;55173;2352;Población;447375.0;A
2018;3691;55173;2402;Población;727025.0;A
2018;3691;55173;2482;Población;518250.0;A
2018;3691;55173;2713;Población;591975.0;A
2018;3691;55173;2797;Población;376475.0;A
2018;3691;55173;2911;Población;427600.0;A
2018;3691;55173;3023;Población;1002600.0;A
2018;3691;55173;3142;Población;1235700.0;A
2018;3691;55173;3143;Población;5327000.0;A
2019;3689;55174;2352;Población;39575.0;A
2019;3689;55174;2402;Población;47100.0;A
2019;3689;55174;2482;Población;37350.0;A
2019;3689;55174;2713;Población;37225.0;A
2019;3689;55174;2797;Población;33025.0;A
2019;3689;55174;2911;Población;35550.0;A
2019;3689;55174;3023;Población;55250.0;A
2019;3689;55174;3142;Población;75775.0;A
2019;3689;55174;3143;Población;360850.0;A
2019;3689;55175;2352;Población;12375.0;A
2019;3689;55175;2402;Población;32175.0;A
2019;3689;55175;2482;Población;15725.0;A
2019;3689;55175;2713;Población;19750.0;A
2019;3689;55175;2797;Población;11700.0;A
2019;3689;55175;2911;Población;10500.0;A
2019;3689;55175;3023;Población;30150.0;A
2019;3689;55175;3142;Población;42875.0;A
2019;3689;55175;3143;Población;175250.0;A
2019;3689;55176;2352;Población;2100.0;A
2019;3689;55176;2402;Población;7225.0;A
2019;3689;55176;2482;Población;3300.0;A
2019;3689;55176;2713;Población;3525.0;A
2019;3689;55176;2797;Población;2600.0;A
2019;3689;55176;2911;Población;2800.0;A
2019;3689;55176;3023;Población;5125.0;A
2019;3689;55176;3142;Población;7825.0;A
2019;3689;55176;3143;Población;34500.0;A
2019;3689;55173;2352;Población;249825.0;A
2019;3689;55173;2402;Población;404775.0;A
2019;3689;55173;2482;Población;272450.0;A
2019;3689;55173;2713;Población;312725.0;A
2019;3689;55173;2797;Población;193425.0;A
2019;3689;55173;2911;Población;231475.0;A
2019;3689;55173;3023;Población;537200.0;A
2019;3689;55173;3142;Población;654025.0;A
2019;3689;55173;3143;Población;2855900.0;A
2019;3690;55174;2352;Población;31725.0;A
2019;3690;55174;2402;Población;42725.0;A
2019;3690;55174;2482;Población;40625.0;A
2019;3690;55174;2713;Población;39850.0;A
2019;3690;55174;2797;Población;38275.0;A
2019;3690;55174;2911;Población;33000.0;A
2019;3690;55174;3023;Población;56300.0;A
2019;3690;55174;3142;Población;81575.0;A
2019;3690;55174;3143;Población;364075.0;A
2019;3690;55175;2352;Población;16425.0;A
2019;3690;55175;2402;Población;35100.0;A
2019;3690;55175;2482;Población;18375.0;A
2019;3690;55175;2713;Población;20375.0;A
2019;3690;55175;2797;Población;11100.0;A
2019;3690;55175;2911;Población;12575.0;A
2019;3690;55175;3023;Población;35025.0;A
2019;3690;55175;3142;Población;48050.0;A
2019;3690;55175;3143;Población;197025.0;A
2019;3690;55176;2352;Población;3550.0;A
2019;3690;55176;2402;Población;6775.0;A
2019;3690;55176;2482;Población;3575.0;A
2019;3690;55176;2713;Población;3950.0;A
2019;3690;55176;2797;Población;2900.0;A
2019;3690;55176;2911;Población;2600.0;A
2019;3690;55176;3023;Población;8400.0;A
2019;3690;55176;3142;Población;7300.0;A
2019;3690;55176;3143;Población;39050.0;A
2019;3690;55173;2352;Población;208000.0;A
2019;3690;55173;2402;Población;335350.0;A
2019;3690;55173;2482;Población;250900.0;A
2019;3690;55173;2713;Población;285325.0;A
2019;3690;55173;2797;Población;188275.0;A
2019;3690;55173;2911;Población;198125.0;A
2019;3690;55173;3023;Población;487625.0;A
2019;3690;55173;3142;Población;602525.0;A
2019;3690;55173;3143;Población;2556125.0;A
2019;3691;55174;2352;Población;71300.0;A
2019;3691;55174;2402;Población;89825.0;A
2019;3691;55174;2482;Población;77975.0;A
2019;3691;55174;2713;Población;77075.0;A
2019;3691;55174;2797;Población;71300.0;A
2019;3691;55174;2911;Población;68550.0;A
2019;3691;55174;3023;Población;111550.0;A
2019;3691;55174;3142;Población;157350.0;A
2019;3691;55174;3143;Población;724925.0;A
2019;3691;55175;2352;Población;28800.0;A
2019;3691;55175;2402;Población;67275.0;A
2019;3691;55175;2482;Población;34100.0;A
2019;3691;55175;2713;Población;40125.0;A
2019;3691;55175;2797;Población;22800.0;A
2019;3691;55175;2911;Población;23075.0;A
2019;3691;55175;3023;Población;65175.0;A
2019;3691;55175;3142;Población;90925.0;A
2019;3691;55175;3143;Población;372275.0;A
2019;3691;55176;2352;Población;5650.0;A
2019;3691;55176;2402;Población;14000.0;A
2019;3691;55176;2482;Población;6875.0;A
2019;3691;55176;2713;Población;7475.0;A
2019;3691;55176;2797;Población;5500.0;A
2019;3691;55176;2911;Población;5400.0;A
2019;3691;55176;3023;Población;13525.0;A
2019;3691;55176;3142;Población;15125.0;A
2019;3691;55176;3143;Población;73550.0;A
2019;3691;55173;2352;Población;457825.0;A
2019;3691;55173;2402;Población;740125.0;A
2019;3691;55173;2482;Población;523350.0;A
2019;3691;55173;2713;Población;598050.0;A
2019;3691;55173;2797;Población;381700.0;A
2019;3691;55173;2911;Población;429600.0;A
2019;3691;55173;3023;Población;1024825.0;A
2019;3691;55173;3142;Población;1256550.0;A
2019;3691;55173;3143;Población;5412025.0;A
2020;3689;55174;2352;Población;58900.0;A
2020;3689;55174;2402;Población;89600.0;A
2020;3689;55174;2482;Población;59625.0;A
2020;3689;55174;2713;Población;63450.0;A
2020;3689;55174;2797;Población;45775.0;A
2020;3689;55174;2911;Población;55200.0;A
2020;3689;55174;3023;Población;121700.0;A
2020;3689;55174;3142;Población;139825.0;A
2020;3689;55174;3143;Población;634075.0;A
2020;3689;55175;2352;Población;11975.0;A
2020;3689;55175;2402;Población;31650.0;A
2020;3689;55175;2482;Población;15450.0;A
2020;3689;55175;2713;Población;20050.0;A
2020;3689;55175;2797;Población;10400.0;A
2020;3689;55175;2911;Población;10575.0;A
2020;3689;55175;3023;Población;30200.0;A
2020;3689;55175;3142;Población;40650.0;A
2020;3689;55175;3143;Población;170950.0;A
2020;3689;55176;2352;Población;3750.0;A
2020;3689;55176;2402;Población;10475.0;A
2020;3689;55176;2482;Población;4975.0;A
2020;3689;55176;2713;Población;5725.0;A
2020;3689;55176;2797;Población;3800.0;A
2020;3689;55176;2911;Población;3975.0;A
2020;3689;55176;3023;Población;10525.0;A
2020;3689;55176;3142;Población;12200.0;A
2020;3689;55176;3143;Población;55425.0;A
2020;3689;55173;2352;Población;251125.0;A
2020;3689;55173;2402;Población;400350.0;A
2020;3689;55173;2482;Población;269375.0;A
2020;3689;55173;2713;Población;311175.0;A
2020;3689;55173;2797;Población;191525.0;A
2020;3689;55173;2911;Población;229575.0;A
2020;3689;55173;3023;Población;531175.0;A
2020;3689;55173;3142;Población;648675.0;A
2020;3689;55173;3143;Población;2832975.0;A
2020;3690;55174;2352;Población;47800.0;A
2020;3690;55174;2402;Población;71500.0;A
2020;3690;55174;2482;Población;56600.0;A
2020;3690;55174;2713;Población;61925.0;A
2020;3690;55174;2797;Población;46575.0;A
2020;3690;55174;2911;Población;44975.0;A
2020;3690;55174;3023;Población;114150.0;A
2020;3690;55174;3142;Población;130200.0;A
2020;3690;55174;3143;Población;573725.0;A
2020;3690;55175;2352;Población;15925.0;A
2020;3690;55175;2402;Población;34925.0;A
2020;3690;55175;2482;Población;18250.0;A
2020;3690;55175;2713;Población;20600.0;A
2020;3690;55175;2797;Población;12125.0;A
2020;3690;55175;2911;Población;12200.0;A
2020;3690;55175;3023;Población;36575.0;A
2020;3690;55175;3142;Población;45550.0;A
2020;3690;55175;3143;Población;196150.0;A
2020;3690;55176;2352;Población;5425.0;A
2020;3690;55176;2402;Población;9825.0;A
2020;3690;55176;2482;Población;4700.0;A
2020;3690;55176;2713;Población;6025.0;A
2020;3690;55176;2797;Población;4000.0;A
2020;3690;55176;2911;Población;4275.0;A
2020;3690;55176;3023;Población;12600.0;A
2020;3690;55176;3142;Población;11700.0;A
2020;3690;55176;3143;Población;58550.0;A
2020;3690;55173;2352;Población;209525.0;A
2020;3690;55173;2402;Población;332875.0;A
2020;3690;55173;2482;Población;247725.0;A
2020;3690;55173;2713;Población;284025.0;A
2020;3690;55173;2797;Población;178625.0;A
2020;3690;55173;2911;Población;196775.0;A
2020;3690;55173;3023;Población;481125.0;A
2020;3690;55173;3142;Población;599600.0;A
2020;3690;55173;3143;Población;2530275.0;A
2020;3691;55174;2352;Población;106700.0;A
2020;3691;55174;2402;Población;161100.0;A
2020;3691;55174;2482;Población;116225.0;A
2020;3691;55174;2713;Población;125375.0;A
2020;3691;55174;2797;Población;92350.0;A
2020;3691;55174;2911;Población;100175.0;A
2020;3691;55174;3023;Población;235850.0;A
2020;3691;55174;3142;Población;270025.0;A
2020;3691;55174;3143;Población;1207800.0;A
2020;3691;55175;2352;Población;27900.0;A
2020;3691;55175;2402;Población;66575.0;A
2020;3691;55175;2482;Población;33700.0;A
2020;3691;55175;2713;Población;40650.0;A
2020;3691;55175;2797;Población;22525.0;A
2020;3691;55175;2911;Población;22775.0;A
2020;3691;55175;3023;Población;66775.0;A
2020;3691;55175;3142;Población;86200.0;A
2020;3691;55175;3143;Población;367100.0;A
2020;3691;55176;2352;Población;9175.0;A
2020;3691;55176;2402;Población;20300.0;A
2020;3691;55176;2482;Población;9675.0;A
2020;3691;55176;2713;Población;11750.0;A
2020;3691;55176;2797;Población;7800.0;A
2020;3691;55176;2911;Población;8250.0;A
2020;3691;55176;3023;Población;23125.0;A
2020;3691;55176;3142;Población;23900.0;A
2020;3691;55176;3143;Población;113975.0;A
2020;3691;55173;2352;Población;460650.0;A
2020;3691;55173;2402;Población;733225.0;A
2020;3691;55173;2482;Población;517100.0;A
2020;3691;55173;2713;Población;595200.0;A
2020;3691;55173;2797;Población;370150.0;A
2020;3691;55173;2911;Población;426350.0;A
2020;3691;55173;3023;Población;1012300.0;A
2020;3691;55173;3142;Población;1248275.0;A
2020;3691;55173;3143;Población;5363250.0;A
