OBS_STATUS;TERRITORIO;TEMPORAL;RESITUR;INDICATOR;OBS_VALUE;FREQ
A;ES61;2020;55698;VIAJEROS;930067.797321636;A
A;ES61;2020;55565;VIAJEROS;657996.718614773;A
A;ES61;2020;55697;VIAJEROS;272071.078706863;A
A;ES61;2019;55698;VIAJEROS;2678774.506997564;A
A;ES61;2019;55565;VIAJEROS;1259806.81745749;A
A;ES61;2019;55697;VIAJEROS;1418967.689540074;A
A;ES61;2018;55698;VIAJEROS;2463634.422599692;A
A;ES61;2018;55565;VIAJEROS;1112291.175576792;A
A;ES61;2018;55697;VIAJEROS;1351343.2470229;A
A;ES61;2017;55698;VIAJEROS;2412102.496178468;A
A;ES61;2017;55565;VIAJEROS;1083480.457462017;A
A;ES61;2017;55697;VIAJEROS;1328622.038716451;A
A;ES61;2016;55698;VIAJEROS;2069123.534211478;A
A;ES61;2016;55565;VIAJEROS;943150.607579163;A
A;ES61;2016;55697;VIAJEROS;1125972.926632315;A
A;ES61;2015;55698;VIAJEROS;1825127.547829718;A
A;ES61;2015;55565;VIAJEROS;846973.822334957;A
A;ES61;2015;55697;VIAJEROS;978153.725494761;A
A;ES61;2014;55698;VIAJEROS;1609259.992651685;A
A;ES61;2014;55565;VIAJEROS;744177.990390521;A
A;ES61;2014;55697;VIAJEROS;865082.002261164;A
A;ES611;2020;55698;VIAJEROS;91193.873556689;A
A;ES611;2020;55565;VIAJEROS;82691.666529249;A
A;ES611;2020;55697;VIAJEROS;8502.20702744;A
A;ES611;2019;55698;VIAJEROS;204374.391329095;A
A;ES611;2019;55565;VIAJEROS;171976.706573538;A
A;ES611;2019;55697;VIAJEROS;32397.684755557;A
A;ES611;2018;55698;VIAJEROS;180236.814458268;A
A;ES611;2018;55565;VIAJEROS;149325.303027549;A
A;ES611;2018;55697;VIAJEROS;30911.511430719;A
A;ES611;2017;55698;VIAJEROS;191527.197841568;A
A;ES611;2017;55565;VIAJEROS;158325.30469054;A
A;ES611;2017;55697;VIAJEROS;33201.893151028;A
A;ES611;2016;55698;VIAJEROS;155801.699517597;A
A;ES611;2016;55565;VIAJEROS;130458.94968484;A
A;ES611;2016;55697;VIAJEROS;25342.749832757;A
A;ES611;2015;55698;VIAJEROS;150229.622614769;A
A;ES611;2015;55565;VIAJEROS;127023.061324258;A
A;ES611;2015;55697;VIAJEROS;23206.561290511;A
A;ES611;2014;55698;VIAJEROS;127859.939879253;A
A;ES611;2014;55565;VIAJEROS;107659.332069012;A
A;ES611;2014;55697;VIAJEROS;20200.607810241;A
A;ES612;2020;55698;VIAJEROS;84085.767440761;A
A;ES612;2020;55565;VIAJEROS;74957.775195725;A
A;ES612;2020;55697;VIAJEROS;9127.992245036;A
A;ES612;2019;55698;VIAJEROS;171287.148413614;A
A;ES612;2019;55565;VIAJEROS;120739.97646934;A
A;ES612;2019;55697;VIAJEROS;50547.171944274;A
A;ES612;2018;55698;VIAJEROS;163842.363886458;A
A;ES612;2018;55565;VIAJEROS;110468.516318538;A
A;ES612;2018;55697;VIAJEROS;53373.84756792;A
A;ES612;2017;55698;VIAJEROS;145682.283767538;A
A;ES612;2017;55565;VIAJEROS;100845.48170529;A
A;ES612;2017;55697;VIAJEROS;44836.802062248;A
A;ES612;2016;55698;VIAJEROS;121780.442851828;A
A;ES612;2016;55565;VIAJEROS;89890.889628882;A
A;ES612;2016;55697;VIAJEROS;31889.553222946;A
A;ES612;2015;55698;VIAJEROS;114421.230568495;A
A;ES612;2015;55565;VIAJEROS;81110.47038909;A
A;ES612;2015;55697;VIAJEROS;33310.760179405;A
A;ES612;2014;55698;VIAJEROS;110307.447948369;A
A;ES612;2014;55565;VIAJEROS;80942.60879773;A
A;ES612;2014;55697;VIAJEROS;29364.839150639;A
A;ES613;2020;55698;VIAJEROS;22343.11349339;A
A;ES613;2020;55565;VIAJEROS;17550.747628007;A
A;ES613;2020;55697;VIAJEROS;4792.365865383;A
A;ES613;2019;55698;VIAJEROS;55354.686709142;A
A;ES613;2019;55565;VIAJEROS;33240.268119486;A
A;ES613;2019;55697;VIAJEROS;22114.418589656;A
A;ES613;2018;55698;VIAJEROS;49681.698238556;A
A;ES613;2018;55565;VIAJEROS;29282.820489006;A
A;ES613;2018;55697;VIAJEROS;20398.87774955;A
A;ES613;2017;55698;VIAJEROS;53219.031901845;A
A;ES613;2017;55565;VIAJEROS;27799.913100576;A
A;ES613;2017;55697;VIAJEROS;25419.118801269;A
A;ES613;2016;55698;VIAJEROS;44798.904618933;A
A;ES613;2016;55565;VIAJEROS;27482.407577508;A
A;ES613;2016;55697;VIAJEROS;17316.497041425;A
A;ES613;2015;55698;VIAJEROS;32507.705757518;A
A;ES613;2015;55565;VIAJEROS;22070.626083042;A
A;ES613;2015;55697;VIAJEROS;10437.079674476;A
A;ES613;2014;55698;VIAJEROS;27758.788236645;A
A;ES613;2014;55565;VIAJEROS;16870.706884902;A
A;ES613;2014;55697;VIAJEROS;10888.081351743;A
A;ES614;2020;55698;VIAJEROS;112380.831758885;A
A;ES614;2020;55565;VIAJEROS;90194.978762174;A
A;ES614;2020;55697;VIAJEROS;22185.852996711;A
A;ES614;2019;55698;VIAJEROS;279449.654807855;A
A;ES614;2019;55565;VIAJEROS;169480.338341005;A
A;ES614;2019;55697;VIAJEROS;109969.31646685;A
A;ES614;2018;55698;VIAJEROS;243951.99143174;A
A;ES614;2018;55565;VIAJEROS;146908.99338808;A
A;ES614;2018;55697;VIAJEROS;97042.99804366;A
A;ES614;2017;55698;VIAJEROS;174337.06708319;A
A;ES614;2017;55565;VIAJEROS;107187.50372152;A
A;ES614;2017;55697;VIAJEROS;67149.56336167;A
A;ES614;2016;55698;VIAJEROS;224278.61949212;A
A;ES614;2016;55565;VIAJEROS;135709.06546172;A
A;ES614;2016;55697;VIAJEROS;88569.5540304;A
A;ES614;2015;55698;VIAJEROS;197616.52281978;A
A;ES614;2015;55565;VIAJEROS;119503.07008263;A
A;ES614;2015;55697;VIAJEROS;78113.45273715;A
A;ES614;2014;55698;VIAJEROS;153523.522498653;A
A;ES614;2014;55565;VIAJEROS;98429.23962664;A
A;ES614;2014;55697;VIAJEROS;55094.282872013;A
A;ES615;2020;55698;VIAJEROS;57604.418781114;A
A;ES615;2020;55565;VIAJEROS;54408.692005017;A
A;ES615;2020;55697;VIAJEROS;3195.726776097;A
A;ES615;2019;55698;VIAJEROS;97008.568110513;A
A;ES615;2019;55565;VIAJEROS;86289.613521239;A
A;ES615;2019;55697;VIAJEROS;10718.954589274;A
A;ES615;2018;55698;VIAJEROS;96417.092824213;A
A;ES615;2018;55565;VIAJEROS;84801.995461192;A
A;ES615;2018;55697;VIAJEROS;11615.097363021;A
A;ES615;2017;55698;VIAJEROS;87182.722961854;A
A;ES615;2017;55565;VIAJEROS;80273.70540334;A
A;ES615;2017;55697;VIAJEROS;6909.017558514;A
A;ES615;2016;55698;VIAJEROS;70219.535138845;A
A;ES615;2016;55565;VIAJEROS;63268.107813837;A
A;ES615;2016;55697;VIAJEROS;6951.427325008;A
A;ES615;2015;55698;VIAJEROS;75676.695509904;A
A;ES615;2015;55565;VIAJEROS;70383.219629034;A
A;ES615;2015;55697;VIAJEROS;5293.47588087;A
A;ES615;2014;55698;VIAJEROS;72602.995665251;A
A;ES615;2014;55565;VIAJEROS;67301.165056807;A
A;ES615;2014;55697;VIAJEROS;5301.830608444;A
A;ES616;2020;55698;VIAJEROS;40267.859685749;A
A;ES616;2020;55565;VIAJEROS;39398.404885012;A
A;ES616;2020;55697;VIAJEROS;869.454800737;A
A;ES616;2019;55698;VIAJEROS;67575.888298483;A
A;ES616;2019;55565;VIAJEROS;65108.244226304;A
A;ES616;2019;55697;VIAJEROS;2467.644072179;A
A;ES616;2018;55698;VIAJEROS;64500.890730637;A
A;ES616;2018;55565;VIAJEROS;61851.533073647;A
A;ES616;2018;55697;VIAJEROS;2649.35765699;A
A;ES616;2017;55698;VIAJEROS;60608.163847603;A
A;ES616;2017;55565;VIAJEROS;58050.962717271;A
A;ES616;2017;55697;VIAJEROS;2557.201130332;A
A;ES616;2016;55698;VIAJEROS;57145.302772535;A
A;ES616;2016;55565;VIAJEROS;53620.871395516;A
A;ES616;2016;55697;VIAJEROS;3524.431377019;A
A;ES616;2015;55698;VIAJEROS;45949.096226142;A
A;ES616;2015;55565;VIAJEROS;43383.548572233;A
A;ES616;2015;55697;VIAJEROS;2565.547653909;A
A;ES616;2014;55698;VIAJEROS;39878.032487904;A
A;ES616;2014;55565;VIAJEROS;37908.11471695;A
A;ES616;2014;55697;VIAJEROS;1969.917770954;A
A;ES617;2020;55698;VIAJEROS;395301.304344756;A
A;ES617;2020;55565;VIAJEROS;222764.230276987;A
A;ES617;2020;55697;VIAJEROS;172537.074067769;A
A;ES617;2019;55698;VIAJEROS;1350138.776944469;A
A;ES617;2019;55565;VIAJEROS;424351.846558812;A
A;ES617;2019;55697;VIAJEROS;925786.930385657;A
A;ES617;2018;55698;VIAJEROS;1223039.64239058;A
A;ES617;2018;55565;VIAJEROS;335047.1336556;A
A;ES617;2018;55697;VIAJEROS;887992.50873498;A
A;ES617;2017;55698;VIAJEROS;1304498.3207938;A
A;ES617;2017;55565;VIAJEROS;374158.65632434;A
A;ES617;2017;55697;VIAJEROS;930339.66446946;A
A;ES617;2016;55698;VIAJEROS;1084574.86476315;A
A;ES617;2016;55565;VIAJEROS;292297.75511856;A
A;ES617;2016;55697;VIAJEROS;792277.10964459;A
A;ES617;2015;55698;VIAJEROS;971952.86568515;A
A;ES617;2015;55565;VIAJEROS;269900.9937469;A
A;ES617;2015;55697;VIAJEROS;702051.87193825;A
A;ES617;2014;55698;VIAJEROS;858621.82862341;A
A;ES617;2014;55565;VIAJEROS;231424.88355138;A
A;ES617;2014;55697;VIAJEROS;627196.94507203;A
A;ES618;2020;55698;VIAJEROS;126890.628260292;A
A;ES618;2020;55565;VIAJEROS;76030.223332602;A
A;ES618;2020;55697;VIAJEROS;50860.40492769;A
A;ES618;2019;55698;VIAJEROS;453585.392384393;A
A;ES618;2019;55565;VIAJEROS;188619.823647766;A
A;ES618;2019;55697;VIAJEROS;264965.568736627;A
A;ES618;2018;55698;VIAJEROS;441963.92863924;A
A;ES618;2018;55565;VIAJEROS;194604.88016318;A
A;ES618;2018;55697;VIAJEROS;247359.04847606;A
A;ES618;2017;55698;VIAJEROS;395047.70798107;A
A;ES618;2017;55565;VIAJEROS;176838.92979914;A
A;ES618;2017;55697;VIAJEROS;218208.77818193;A
A;ES618;2016;55698;VIAJEROS;310524.16505647;A
A;ES618;2016;55565;VIAJEROS;150422.5608983;A
A;ES618;2016;55697;VIAJEROS;160101.60415817;A
A;ES618;2015;55698;VIAJEROS;236773.80864796;A
A;ES618;2015;55565;VIAJEROS;113598.83250777;A
A;ES618;2015;55697;VIAJEROS;123174.97614019;A
A;ES618;2014;55698;VIAJEROS;218707.4373122;A
A;ES618;2014;55565;VIAJEROS;103641.9396871;A
A;ES618;2014;55697;VIAJEROS;115065.4976251;A
P;ES61;2021;55698;VIAJEROS;1586434.617223884;A
P;ES61;2021;55565;VIAJEROS;1124194.3065443;A
P;ES61;2021;55697;VIAJEROS;462240.310679584;A
P;ES611;2021;55698;VIAJEROS;170336.498104514;A
P;ES611;2021;55565;VIAJEROS;157552.745752578;A
P;ES611;2021;55697;VIAJEROS;12783.752351936;A
P;ES612;2021;55698;VIAJEROS;141964.373622323;A
P;ES612;2021;55565;VIAJEROS;111893.81225676;A
P;ES612;2021;55697;VIAJEROS;30070.561365563;A
P;ES613;2021;55698;VIAJEROS;40176.179597247;A
P;ES613;2021;55565;VIAJEROS;31923.940207696;A
P;ES613;2021;55697;VIAJEROS;8252.239389551;A
P;ES614;2021;55698;VIAJEROS;199643.253960212;A
P;ES614;2021;55565;VIAJEROS;161719.707135723;A
P;ES614;2021;55697;VIAJEROS;37923.546824489;A
P;ES615;2021;55698;VIAJEROS;66242.347975365;A
P;ES615;2021;55565;VIAJEROS;63479.173321929;A
P;ES615;2021;55697;VIAJEROS;2763.174653436;A
P;ES616;2021;55698;VIAJEROS;53508.18156897;A
P;ES616;2021;55565;VIAJEROS;51484.615338002;A
P;ES616;2021;55697;VIAJEROS;2023.566230968;A
P;ES617;2021;55698;VIAJEROS;694112.239666103;A
P;ES617;2021;55565;VIAJEROS;390396.617677534;A
P;ES617;2021;55697;VIAJEROS;303715.621988569;A
P;ES618;2021;55698;VIAJEROS;220451.54272915;A
P;ES618;2021;55565;VIAJEROS;155743.694854078;A
P;ES618;2021;55697;VIAJEROS;64707.847875072;A
A;ES61;2020;55698;PERNOCTACIONES;3751693.494411616;A
A;ES61;2020;55565;PERNOCTACIONES;2297618.552417355;A
A;ES61;2020;55697;PERNOCTACIONES;1454074.941994261;A
A;ES61;2019;55698;PERNOCTACIONES;10765780;A
A;ES61;2019;55565;PERNOCTACIONES;4006280.202531649;A
A;ES61;2019;55697;PERNOCTACIONES;6759499.422497697;A
A;ES61;2018;55698;PERNOCTACIONES;10313869;A
A;ES61;2018;55565;PERNOCTACIONES;3607508.52920128;A
A;ES61;2018;55697;PERNOCTACIONES;6706360.570808675;A
A;ES61;2017;55698;PERNOCTACIONES;10444941;A
A;ES61;2017;55565;PERNOCTACIONES;3664214.997562519;A
A;ES61;2017;55697;PERNOCTACIONES;6780726.102364878;A
A;ES61;2016;55698;PERNOCTACIONES;9402245.072918449;A
A;ES61;2016;55565;PERNOCTACIONES;3202231.176225344;A
A;ES61;2016;55697;PERNOCTACIONES;6200013.896693105;A
A;ES61;2015;55698;PERNOCTACIONES;8775337.91979373;A
A;ES61;2015;55565;PERNOCTACIONES;2980635.069606948;A
A;ES61;2015;55697;PERNOCTACIONES;5794702.850186782;A
A;ES61;2014;55698;PERNOCTACIONES;7784473.952413481;A
A;ES61;2014;55565;PERNOCTACIONES;2701686.646382254;A
A;ES61;2014;55697;PERNOCTACIONES;5082787.306031227;A
A;ES611;2020;55698;PERNOCTACIONES;426791.23453687;A
A;ES611;2020;55565;PERNOCTACIONES;363668.058470392;A
A;ES611;2020;55697;PERNOCTACIONES;63123.176066478;A
A;ES611;2019;55698;PERNOCTACIONES;1016673.29615878;A
A;ES611;2019;55565;PERNOCTACIONES;772025.464031395;A
A;ES611;2019;55697;PERNOCTACIONES;244647.832127385;A
A;ES611;2018;55698;PERNOCTACIONES;933223.595417957;A
A;ES611;2018;55565;PERNOCTACIONES;689762.68530943;A
A;ES611;2018;55697;PERNOCTACIONES;243460.910108527;A
A;ES611;2017;55698;PERNOCTACIONES;963677.153884001;A
A;ES611;2017;55565;PERNOCTACIONES;709478.55246297;A
A;ES611;2017;55697;PERNOCTACIONES;254198.601421031;A
A;ES611;2016;55698;PERNOCTACIONES;793483.247180666;A
A;ES611;2016;55565;PERNOCTACIONES;602400.98965254;A
A;ES611;2016;55697;PERNOCTACIONES;191082.257528126;A
A;ES611;2015;55698;PERNOCTACIONES;763038.38392863;A
A;ES611;2015;55565;PERNOCTACIONES;584065.54008616;A
A;ES611;2015;55697;PERNOCTACIONES;178972.84384247;A
A;ES611;2014;55698;PERNOCTACIONES;662855.340717386;A
A;ES611;2014;55565;PERNOCTACIONES;499866.829612756;A
A;ES611;2014;55697;PERNOCTACIONES;162988.51110463;A
A;ES612;2020;55698;PERNOCTACIONES;313459.458292654;A
A;ES612;2020;55565;PERNOCTACIONES;280021.015938273;A
A;ES612;2020;55697;PERNOCTACIONES;33438.442354381;A
A;ES612;2019;55698;PERNOCTACIONES;595375.972923007;A
A;ES612;2019;55565;PERNOCTACIONES;433999.505603606;A
A;ES612;2019;55697;PERNOCTACIONES;161376.467319401;A
A;ES612;2018;55698;PERNOCTACIONES;583607.15269253;A
A;ES612;2018;55565;PERNOCTACIONES;397800.90385042;A
A;ES612;2018;55697;PERNOCTACIONES;185806.24884211;A
A;ES612;2017;55698;PERNOCTACIONES;554369.52305193;A
A;ES612;2017;55565;PERNOCTACIONES;386987.65127468;A
A;ES612;2017;55697;PERNOCTACIONES;167381.87177725;A
A;ES612;2016;55698;PERNOCTACIONES;463286.12502395;A
A;ES612;2016;55565;PERNOCTACIONES;338204.49147594;A
A;ES612;2016;55697;PERNOCTACIONES;125081.63354801;A
A;ES612;2015;55698;PERNOCTACIONES;412676.211807278;A
A;ES612;2015;55565;PERNOCTACIONES;290975.29546659;A
A;ES612;2015;55697;PERNOCTACIONES;121700.916340688;A
A;ES612;2014;55698;PERNOCTACIONES;456662.89949534;A
A;ES612;2014;55565;PERNOCTACIONES;322988.97064798;A
A;ES612;2014;55697;PERNOCTACIONES;133673.92884736;A
A;ES613;2020;55698;PERNOCTACIONES;50863.015805579;A
A;ES613;2020;55565;PERNOCTACIONES;42398.914272478;A
A;ES613;2020;55697;PERNOCTACIONES;8464.101533101;A
A;ES613;2019;55698;PERNOCTACIONES;111202.826036747;A
A;ES613;2019;55565;PERNOCTACIONES;69489.642680739;A
A;ES613;2019;55697;PERNOCTACIONES;41713.183356008;A
A;ES613;2018;55698;PERNOCTACIONES;102532.3425497;A
A;ES613;2018;55565;PERNOCTACIONES;61328.79176329;A
A;ES613;2018;55697;PERNOCTACIONES;41203.55078641;A
A;ES613;2017;55698;PERNOCTACIONES;103174.324770483;A
A;ES613;2017;55565;PERNOCTACIONES;57421.676881945;A
A;ES613;2017;55697;PERNOCTACIONES;45752.647888538;A
A;ES613;2016;55698;PERNOCTACIONES;90739.937384415;A
A;ES613;2016;55565;PERNOCTACIONES;57961.169836925;A
A;ES613;2016;55697;PERNOCTACIONES;32778.76754749;A
A;ES613;2015;55698;PERNOCTACIONES;72634.20225493;A
A;ES613;2015;55565;PERNOCTACIONES;50036.686421466;A
A;ES613;2015;55697;PERNOCTACIONES;22597.515833464;A
A;ES613;2014;55698;PERNOCTACIONES;56307.221887212;A
A;ES613;2014;55565;PERNOCTACIONES;34955.182506312;A
A;ES613;2014;55697;PERNOCTACIONES;21352.0393809;A
A;ES614;2020;55698;PERNOCTACIONES;300978.002055511;A
A;ES614;2020;55565;PERNOCTACIONES;235357.198848972;A
A;ES614;2020;55697;PERNOCTACIONES;65620.803206539;A
A;ES614;2019;55698;PERNOCTACIONES;690976.113786606;A
A;ES614;2019;55565;PERNOCTACIONES;420330.76339396;A
A;ES614;2019;55697;PERNOCTACIONES;270645.350392646;A
A;ES614;2018;55698;PERNOCTACIONES;623928.98348304;A
A;ES614;2018;55565;PERNOCTACIONES;388301.03112673;A
A;ES614;2018;55697;PERNOCTACIONES;235627.95235631;A
A;ES614;2017;55698;PERNOCTACIONES;507900.75902845;A
A;ES614;2017;55565;PERNOCTACIONES;307808.24686457;A
A;ES614;2017;55697;PERNOCTACIONES;200092.51216388;A
A;ES614;2016;55698;PERNOCTACIONES;609615.75467965;A
A;ES614;2016;55565;PERNOCTACIONES;368013.25976389;A
A;ES614;2016;55697;PERNOCTACIONES;241602.49491576;A
A;ES614;2015;55698;PERNOCTACIONES;577079.46069398;A
A;ES614;2015;55565;PERNOCTACIONES;339015.7744014;A
A;ES614;2015;55697;PERNOCTACIONES;238063.68629258;A
A;ES614;2014;55698;PERNOCTACIONES;467864.276749143;A
A;ES614;2014;55565;PERNOCTACIONES;293362.03208706;A
A;ES614;2014;55697;PERNOCTACIONES;174502.244662083;A
A;ES615;2020;55698;PERNOCTACIONES;234237.11057079;A
A;ES615;2020;55565;PERNOCTACIONES;221036.071265925;A
A;ES615;2020;55697;PERNOCTACIONES;13201.039304865;A
A;ES615;2019;55698;PERNOCTACIONES;392303.400956423;A
A;ES615;2019;55565;PERNOCTACIONES;342225.185686941;A
A;ES615;2019;55697;PERNOCTACIONES;50078.215269482;A
A;ES615;2018;55698;PERNOCTACIONES;394612.19348594;A
A;ES615;2018;55565;PERNOCTACIONES;335868.04165526;A
A;ES615;2018;55697;PERNOCTACIONES;58744.15183068;A
A;ES615;2017;55698;PERNOCTACIONES;389308.562705529;A
A;ES615;2017;55565;PERNOCTACIONES;351612.465564;A
A;ES615;2017;55697;PERNOCTACIONES;37696.097141529;A
A;ES615;2016;55698;PERNOCTACIONES;305990.3529848;A
A;ES615;2016;55565;PERNOCTACIONES;269129.08381963;A
A;ES615;2016;55697;PERNOCTACIONES;36861.26916517;A
A;ES615;2015;55698;PERNOCTACIONES;298421.156167447;A
A;ES615;2015;55565;PERNOCTACIONES;273126.770328695;A
A;ES615;2015;55697;PERNOCTACIONES;25294.385838752;A
A;ES615;2014;55698;PERNOCTACIONES;284089.887484956;A
A;ES615;2014;55565;PERNOCTACIONES;259563.01531549;A
A;ES615;2014;55697;PERNOCTACIONES;24526.872169466;A
A;ES616;2020;55698;PERNOCTACIONES;114470.660241981;A
A;ES616;2020;55565;PERNOCTACIONES;112219.341521174;A
A;ES616;2020;55697;PERNOCTACIONES;2251.318720807;A
A;ES616;2019;55698;PERNOCTACIONES;163206.900998364;A
A;ES616;2019;55565;PERNOCTACIONES;157010.297555599;A
A;ES616;2019;55697;PERNOCTACIONES;6196.603442765;A
A;ES616;2018;55698;PERNOCTACIONES;163084.129520798;A
A;ES616;2018;55565;PERNOCTACIONES;155873.32798726;A
A;ES616;2018;55697;PERNOCTACIONES;7210.801533538;A
A;ES616;2017;55698;PERNOCTACIONES;157352.110653644;A
A;ES616;2017;55565;PERNOCTACIONES;146467.594483554;A
A;ES616;2017;55697;PERNOCTACIONES;10884.51617009;A
A;ES616;2016;55698;PERNOCTACIONES;147344.007675438;A
A;ES616;2016;55565;PERNOCTACIONES;135792.451150419;A
A;ES616;2016;55697;PERNOCTACIONES;11551.556525019;A
A;ES616;2015;55698;PERNOCTACIONES;114345.997962115;A
A;ES616;2015;55565;PERNOCTACIONES;108268.953630047;A
A;ES616;2015;55697;PERNOCTACIONES;6077.044332068;A
A;ES616;2014;55698;PERNOCTACIONES;101577.906655964;A
A;ES616;2014;55565;PERNOCTACIONES;95211.524519056;A
A;ES616;2014;55697;PERNOCTACIONES;6366.382136908;A
A;ES617;2020;55698;PERNOCTACIONES;1962103.730333664;A
A;ES617;2020;55565;PERNOCTACIONES;836432.980019548;A
A;ES617;2020;55697;PERNOCTACIONES;1125670.750314116;A
A;ES617;2019;55698;PERNOCTACIONES;6699959.694986533;A
A;ES617;2019;55565;PERNOCTACIONES;1376847.663336807;A
A;ES617;2019;55697;PERNOCTACIONES;5323112.031649726;A
A;ES617;2018;55698;PERNOCTACIONES;6423882.9736743;A
A;ES617;2018;55565;PERNOCTACIONES;1127943.5125875;A
A;ES617;2018;55697;PERNOCTACIONES;5295939.4610868;A
A;ES617;2017;55698;PERNOCTACIONES;6819122.3224187;A
A;ES617;2017;55565;PERNOCTACIONES;1292108.2333346;A
A;ES617;2017;55697;PERNOCTACIONES;5527014.0890841;A
A;ES617;2016;55698;PERNOCTACIONES;6200394.6698205;A
A;ES617;2016;55565;PERNOCTACIONES;1070429.6051819;A
A;ES617;2016;55697;PERNOCTACIONES;5129965.0646386;A
A;ES617;2015;55698;PERNOCTACIONES;5871069.81634;A
A;ES617;2015;55565;PERNOCTACIONES;1042235.5085066;A
A;ES617;2015;55697;PERNOCTACIONES;4828834.3078334;A
A;ES617;2014;55698;PERNOCTACIONES;5118900.3668441;A
A;ES617;2014;55565;PERNOCTACIONES;902425.0425573;A
A;ES617;2014;55697;PERNOCTACIONES;4216475.3242868;A
A;ES618;2020;55698;PERNOCTACIONES;348790.282574567;A
A;ES618;2020;55565;PERNOCTACIONES;206484.972080593;A
A;ES618;2020;55697;PERNOCTACIONES;142305.310493974;A
A;ES618;2019;55698;PERNOCTACIONES;1096081.419182886;A
A;ES618;2019;55565;PERNOCTACIONES;434351.680242602;A
A;ES618;2019;55697;PERNOCTACIONES;661729.738940284;A
A;ES618;2018;55698;PERNOCTACIONES;1088997.72918569;A
A;ES618;2018;55565;PERNOCTACIONES;450630.23492139;A
A;ES618;2018;55697;PERNOCTACIONES;638367.4942643;A
A;ES618;2017;55698;PERNOCTACIONES;950036.34341466;A
A;ES618;2017;55565;PERNOCTACIONES;412330.5766962;A
A;ES618;2017;55697;PERNOCTACIONES;537705.76671846;A
A;ES618;2016;55698;PERNOCTACIONES;791390.97816903;A
A;ES618;2016;55565;PERNOCTACIONES;360300.1253441;A
A;ES618;2016;55697;PERNOCTACIONES;431090.85282493;A
A;ES618;2015;55698;PERNOCTACIONES;666072.69063935;A
A;ES618;2015;55565;PERNOCTACIONES;292910.54076599;A
A;ES618;2015;55697;PERNOCTACIONES;373162.14987336;A
A;ES618;2014;55698;PERNOCTACIONES;636216.05257938;A
A;ES618;2014;55565;PERNOCTACIONES;293314.0491363;A
A;ES618;2014;55697;PERNOCTACIONES;342902.00344308;A
P;ES61;2021;55698;PERNOCTACIONES;6368622.502404931;A
P;ES61;2021;55565;PERNOCTACIONES;4042291.424310314;A
P;ES61;2021;55697;PERNOCTACIONES;2326331.078094617;A
P;ES611;2021;55698;PERNOCTACIONES;826027.732408574;A
P;ES611;2021;55565;PERNOCTACIONES;751447.257832708;A
P;ES611;2021;55697;PERNOCTACIONES;74580.474575866;A
P;ES612;2021;55698;PERNOCTACIONES;546609.824446833;A
P;ES612;2021;55565;PERNOCTACIONES;438766.792168841;A
P;ES612;2021;55697;PERNOCTACIONES;107843.032277992;A
P;ES613;2021;55698;PERNOCTACIONES;92150.552727181;A
P;ES613;2021;55565;PERNOCTACIONES;75976.180552043;A
P;ES613;2021;55697;PERNOCTACIONES;16174.372175138;A
P;ES614;2021;55698;PERNOCTACIONES;508186.1774131;A
P;ES614;2021;55565;PERNOCTACIONES;405934.645272458;A
P;ES614;2021;55697;PERNOCTACIONES;102251.532140642;A
P;ES615;2021;55698;PERNOCTACIONES;308405.854059868;A
P;ES615;2021;55565;PERNOCTACIONES;293817.419922208;A
P;ES615;2021;55697;PERNOCTACIONES;14588.43413766;A
P;ES616;2021;55698;PERNOCTACIONES;135037.629338762;A
P;ES616;2021;55565;PERNOCTACIONES;131100.96183318;A
P;ES616;2021;55697;PERNOCTACIONES;3936.667505582;A
P;ES617;2021;55698;PERNOCTACIONES;3291459.165200337;A
P;ES617;2021;55565;PERNOCTACIONES;1500738.696548389;A
P;ES617;2021;55697;PERNOCTACIONES;1790720.468651948;A
P;ES618;2021;55698;PERNOCTACIONES;660745.566810276;A
P;ES618;2021;55565;PERNOCTACIONES;444509.470180487;A
P;ES618;2021;55697;PERNOCTACIONES;216236.096629789;A
A;ES61;2020;55698;ESTANCIA_MEDIA;4.03378496193026;A
A;ES61;2020;55565;ESTANCIA_MEDIA;3.491838921711258;A
A;ES61;2020;55697;ESTANCIA_MEDIA;5.344467147722534;A
A;ES61;2019;55698;ESTANCIA_MEDIA;4.018919695146679;A
A;ES61;2019;55565;ESTANCIA_MEDIA;3.1800750297708515;A
A;ES61;2019;55697;ESTANCIA_MEDIA;4.763673952779457;A
A;ES61;2018;55698;ESTANCIA_MEDIA;4.1864446305010174;A
A;ES61;2018;55565;ESTANCIA_MEDIA;3.243313089605842;A
A;ES61;2018;55697;ESTANCIA_MEDIA;4.9627365849374225;A
A;ES61;2017;55698;ESTANCIA_MEDIA;4.330222748193943;A
A;ES61;2017;55565;ESTANCIA_MEDIA;3.381893021075531;A
A;ES61;2017;55697;ESTANCIA_MEDIA;5.103577921163772;A
A;ES61;2016;55698;ESTANCIA_MEDIA;4.544071399053295;A
A;ES61;2016;55565;ESTANCIA_MEDIA;3.395249020137609;A
A;ES61;2016;55697;ESTANCIA_MEDIA;5.50636143200778;A
A;ES61;2015;55698;ESTANCIA_MEDIA;4.808068307460809;A
A;ES61;2015;55565;ESTANCIA_MEDIA;3.5191584332439754;A
A;ES61;2015;55697;ESTANCIA_MEDIA;5.92412286448713;A
A;ES61;2014;55698;ESTANCIA_MEDIA;4.837300366602966;A
A;ES61;2014;55565;ESTANCIA_MEDIA;3.6304307319872424;A
A;ES61;2014;55697;ESTANCIA_MEDIA;5.875497690098468;A
A;ES611;2020;55698;ESTANCIA_MEDIA;4.68004283502184;A
A;ES611;2020;55565;ESTANCIA_MEDIA;4.397880387883565;A
A;ES611;2020;55697;ESTANCIA_MEDIA;7.424328278852119;A
A;ES611;2019;55698;ESTANCIA_MEDIA;4.974563053360614;A
A;ES611;2019;55565;ESTANCIA_MEDIA;4.489128088409307;A
A;ES611;2019;55697;ESTANCIA_MEDIA;7.55139862534226;A
A;ES611;2018;55698;ESTANCIA_MEDIA;5.177763478692837;A
A;ES611;2018;55565;ESTANCIA_MEDIA;4.6191949477053855;A
A;ES611;2018;55697;ESTANCIA_MEDIA;7.876059721446759;A
A;ES611;2017;55698;ESTANCIA_MEDIA;5.031542072062049;A
A;ES611;2017;55565;ESTANCIA_MEDIA;4.481144399814704;A
A;ES611;2017;55697;ESTANCIA_MEDIA;7.656147806534353;A
A;ES611;2016;55698;ESTANCIA_MEDIA;5.092904953139142;A
A;ES611;2016;55565;ESTANCIA_MEDIA;4.617552043058814;A
A;ES611;2016;55697;ESTANCIA_MEDIA;7.539918074760021;A
A;ES611;2015;55698;ESTANCIA_MEDIA;5.079147312279916;A
A;ES611;2015;55565;ESTANCIA_MEDIA;4.598106312326919;A
A;ES611;2015;55697;ESTANCIA_MEDIA;7.7121656070453986;A
A;ES611;2014;55698;ESTANCIA_MEDIA;5.1842300359547036;A
A;ES611;2014;55565;ESTANCIA_MEDIA;4.643042270523566;A
A;ES611;2014;55697;ESTANCIA_MEDIA;8.068495395569263;A
A;ES612;2020;55698;ESTANCIA_MEDIA;3.727853926212761;A
A;ES612;2020;55565;ESTANCIA_MEDIA;3.7357167446218864;A
A;ES612;2020;55697;ESTANCIA_MEDIA;3.663285578771777;A
A;ES612;2019;55698;ESTANCIA_MEDIA;3.4758940086113674;A
A;ES612;2019;55565;ESTANCIA_MEDIA;3.594497185559857;A
A;ES612;2019;55697;ESTANCIA_MEDIA;3.192591417326203;A
A;ES612;2018;55698;ESTANCIA_MEDIA;3.5620039826632808;A
A;ES612;2018;55565;ESTANCIA_MEDIA;3.6010341870017863;A
A;ES612;2018;55697;ESTANCIA_MEDIA;3.4812226831814095;A
A;ES612;2017;55698;ESTANCIA_MEDIA;3.805332458519975;A
A;ES612;2017;55565;ESTANCIA_MEDIA;3.8374317295207083;A
A;ES612;2017;55697;ESTANCIA_MEDIA;3.73313581876044;A
A;ES612;2016;55698;ESTANCIA_MEDIA;3.8042736105635355;A
A;ES612;2016;55565;ESTANCIA_MEDIA;3.762388968139377;A
A;ES612;2016;55697;ESTANCIA_MEDIA;3.9223388510193367;A
A;ES612;2015;55698;ESTANCIA_MEDIA;3.60664021665316;A
A;ES612;2015;55565;ESTANCIA_MEDIA;3.5873949943918517;A
A;ES612;2015;55697;ESTANCIA_MEDIA;3.6535016218552667;A
A;ES612;2014;55698;ESTANCIA_MEDIA;4.13990993345334;A
A;ES612;2014;55565;ESTANCIA_MEDIA;3.990345449021876;A
A;ES612;2014;55697;ESTANCIA_MEDIA;4.552176436643316;A
A;ES613;2020;55698;ESTANCIA_MEDIA;2.276451570665223;A
A;ES613;2020;55565;ESTANCIA_MEDIA;2.415789638774076;A
A;ES613;2020;55697;ESTANCIA_MEDIA;1.766163471416129;A
A;ES613;2019;55698;ESTANCIA_MEDIA;2.0089143783083054;A
A;ES613;2019;55565;ESTANCIA_MEDIA;2.0905259377256047;A
A;ES613;2019;55697;ESTANCIA_MEDIA;1.8862437276790673;A
A;ES613;2018;55698;ESTANCIA_MEDIA;2.0637849788743474;A
A;ES613;2018;55565;ESTANCIA_MEDIA;2.094360814263619;A
A;ES613;2018;55697;ESTANCIA_MEDIA;2.0198930202088667;A
A;ES613;2017;55698;ESTANCIA_MEDIA;1.9386734610425362;A
A;ES613;2017;55565;ESTANCIA_MEDIA;2.0655344020034097;A
A;ES613;2017;55697;ESTANCIA_MEDIA;1.7999305265552277;A
A;ES613;2016;55698;ESTANCIA_MEDIA;2.025494555196475;A
A;ES613;2016;55565;ESTANCIA_MEDIA;2.1090281000111966;A
A;ES613;2016;55697;ESTANCIA_MEDIA;1.8929213841041717;A
A;ES613;2015;55698;ESTANCIA_MEDIA;2.2343687615706935;A
A;ES613;2015;55565;ESTANCIA_MEDIA;2.267116765659483;A
A;ES613;2015;55697;ESTANCIA_MEDIA;2.1651186479611235;A
A;ES613;2014;55698;ESTANCIA_MEDIA;2.0284466817207667;A
A;ES613;2014;55565;ESTANCIA_MEDIA;2.071945339622623;A
A;ES613;2014;55697;ESTANCIA_MEDIA;1.961047010131119;A
A;ES614;2020;55698;ESTANCIA_MEDIA;2.678196960681555;A
A;ES614;2020;55565;ESTANCIA_MEDIA;2.609426844808751;A
A;ES614;2020;55697;ESTANCIA_MEDIA;2.9577768867515317;A
A;ES614;2019;55698;ESTANCIA_MEDIA;2.472631838682033;A
A;ES614;2019;55565;ESTANCIA_MEDIA;2.4801152010224827;A
A;ES614;2019;55697;ESTANCIA_MEDIA;2.4610987781690126;A
A;ES614;2018;55698;ESTANCIA_MEDIA;2.557589219998727;A
A;ES614;2018;55565;ESTANCIA_MEDIA;2.643139961492897;A
A;ES614;2018;55697;ESTANCIA_MEDIA;2.428077832573764;A
A;ES614;2017;55698;ESTANCIA_MEDIA;2.913326279523163;A
A;ES614;2017;55565;ESTANCIA_MEDIA;2.8716803375165405;A
A;ES614;2017;55697;ESTANCIA_MEDIA;2.9798036226412137;A
A;ES614;2016;55698;ESTANCIA_MEDIA;2.7181180090198866;A
A;ES614;2016;55565;ESTANCIA_MEDIA;2.711780959597699;A
A;ES614;2016;55697;ESTANCIA_MEDIA;2.7278278361075867;A
A;ES614;2015;55698;ESTANCIA_MEDIA;2.920198435129122;A
A;ES614;2015;55565;ESTANCIA_MEDIA;2.8368792045843563;A
A;ES614;2015;55697;ESTANCIA_MEDIA;3.0476656446573798;A
A;ES614;2014;55698;ESTANCIA_MEDIA;3.047508740904821;A
A;ES614;2014;55565;ESTANCIA_MEDIA;2.980435825775303;A
A;ES614;2014;55697;ESTANCIA_MEDIA;3.167338525259711;A
A;ES615;2020;55698;ESTANCIA_MEDIA;4.066304556614782;A
A;ES615;2020;55565;ESTANCIA_MEDIA;4.0625139682744695;A
A;ES615;2020;55697;ESTANCIA_MEDIA;4.130841035474151;A
A;ES615;2019;55698;ESTANCIA_MEDIA;4.044007746918886;A
A;ES615;2019;55565;ESTANCIA_MEDIA;3.966006703723467;A
A;ES615;2019;55697;ESTANCIA_MEDIA;4.671930910090162;A
A;ES615;2018;55698;ESTANCIA_MEDIA;4.092761790747978;A
A;ES615;2018;55565;ESTANCIA_MEDIA;3.9606148396468286;A
A;ES615;2018;55697;ESTANCIA_MEDIA;5.057568610462434;A
A;ES615;2017;55698;ESTANCIA_MEDIA;4.465432478816559;A
A;ES615;2017;55565;ESTANCIA_MEDIA;4.380169867546319;A
A;ES615;2017;55697;ESTANCIA_MEDIA;5.4560719845147885;A
A;ES615;2016;55698;ESTANCIA_MEDIA;4.357624304686233;A
A;ES615;2016;55565;ESTANCIA_MEDIA;4.253787462895647;A
A;ES615;2016;55697;ESTANCIA_MEDIA;5.30269071972605;A
A;ES615;2015;55698;ESTANCIA_MEDIA;3.9433692784377965;A
A;ES615;2015;55565;ESTANCIA_MEDIA;3.8805665863007297;A
A;ES615;2015;55697;ESTANCIA_MEDIA;4.778407686745668;A
A;ES615;2014;55698;ESTANCIA_MEDIA;3.9129223922770744;A
A;ES615;2014;55565;ESTANCIA_MEDIA;3.856738811228605;A
A;ES615;2014;55697;ESTANCIA_MEDIA;4.626113880440295;A
A;ES616;2020;55698;ESTANCIA_MEDIA;2.8427301856942933;A
A;ES616;2020;55565;ESTANCIA_MEDIA;2.848321952340376;A
A;ES616;2020;55697;ESTANCIA_MEDIA;2.5893453218024125;A
A;ES616;2019;55698;ESTANCIA_MEDIA;2.415164714927289;A
A;ES616;2019;55565;ESTANCIA_MEDIA;2.411527133335999;A
A;ES616;2019;55697;ESTANCIA_MEDIA;2.5111415023858052;A
A;ES616;2018;55698;ESTANCIA_MEDIA;2.528401199943978;A
A;ES616;2018;55565;ESTANCIA_MEDIA;2.520120686445406;A
A;ES616;2018;55697;ESTANCIA_MEDIA;2.7217169091961586;A
A;ES616;2017;55698;ESTANCIA_MEDIA;2.5962197279115746;A
A;ES616;2017;55565;ESTANCIA_MEDIA;2.5230863990473975;A
A;ES616;2017;55697;ESTANCIA_MEDIA;4.25641770644645;A
A;ES616;2016;55698;ESTANCIA_MEDIA;2.5784097821991776;A
A;ES616;2016;55565;ESTANCIA_MEDIA;2.5324551357771203;A
A;ES616;2016;55697;ESTANCIA_MEDIA;3.277566021100806;A
A;ES616;2015;55698;ESTANCIA_MEDIA;2.488536388166427;A
A;ES616;2015;55565;ESTANCIA_MEDIA;2.495622354399634;A
A;ES616;2015;55697;ESTANCIA_MEDIA;2.368712318716319;A
A;ES616;2014;55698;ESTANCIA_MEDIA;2.5472146020939;A
A;ES616;2014;55565;ESTANCIA_MEDIA;2.511639664224286;A
A;ES616;2014;55697;ESTANCIA_MEDIA;3.2318009567601704;A
A;ES617;2020;55698;ESTANCIA_MEDIA;4.963565029429918;A
A;ES617;2020;55565;ESTANCIA_MEDIA;3.754790340350064;A
A;ES617;2020;55697;ESTANCIA_MEDIA;6.524225337633672;A
A;ES617;2019;55698;ESTANCIA_MEDIA;4.962422981546661;A
A;ES617;2019;55565;ESTANCIA_MEDIA;3.2445897773323016;A
A;ES617;2019;55697;ESTANCIA_MEDIA;5.74982413008603;A
A;ES617;2018;55698;ESTANCIA_MEDIA;5.252391460605511;A
A;ES617;2018;55565;ESTANCIA_MEDIA;3.366521898817168;A
A;ES617;2018;55697;ESTANCIA_MEDIA;5.963946102013081;A
A;ES617;2017;55698;ESTANCIA_MEDIA;5.227390647976608;A
A;ES617;2017;55565;ESTANCIA_MEDIA;3.453369877976401;A
A;ES617;2017;55697;ESTANCIA_MEDIA;5.940856119722641;A
A;ES617;2016;55698;ESTANCIA_MEDIA;5.716889512440015;A
A;ES617;2016;55565;ESTANCIA_MEDIA;3.6621205138839303;A
A;ES617;2016;55697;ESTANCIA_MEDIA;6.474963118573332;A
A;ES617;2015;55698;ESTANCIA_MEDIA;6.040488200218803;A
A;ES617;2015;55565;ESTANCIA_MEDIA;3.86154750317058;A
A;ES617;2015;55697;ESTANCIA_MEDIA;6.878173110630388;A
A;ES617;2014;55698;ESTANCIA_MEDIA;5.961763603251276;A
A;ES617;2014;55565;ESTANCIA_MEDIA;3.8994296063108846;A
A;ES617;2014;55697;ESTANCIA_MEDIA;6.7227293713979455;A
A;ES618;2020;55698;ESTANCIA_MEDIA;2.7487473847090587;A
A;ES618;2020;55565;ESTANCIA_MEDIA;2.715827509506362;A
A;ES618;2020;55697;ESTANCIA_MEDIA;2.7979586614832184;A
A;ES618;2019;55698;ESTANCIA_MEDIA;2.416483064899953;A
A;ES618;2019;55565;ESTANCIA_MEDIA;2.302789133414326;A
A;ES618;2019;55697;ESTANCIA_MEDIA;2.4974178422330655;A
A;ES618;2018;55698;ESTANCIA_MEDIA;2.463996852726417;A
A;ES618;2018;55565;ESTANCIA_MEDIA;2.3156163121064988;A
A;ES618;2018;55697;ESTANCIA_MEDIA;2.5807323330081564;A
A;ES618;2017;55698;ESTANCIA_MEDIA;2.404864840932539;A
A;ES618;2017;55565;ESTANCIA_MEDIA;2.3316731059418867;A
A;ES618;2017;55697;ESTANCIA_MEDIA;2.4641802735825395;A
A;ES618;2016;55698;ESTANCIA_MEDIA;2.5485648694204284;A
A;ES618;2016;55565;ESTANCIA_MEDIA;2.3952532332413705;A
A;ES618;2016;55697;ESTANCIA_MEDIA;2.692607954127931;A
A;ES618;2015;55698;ESTANCIA_MEDIA;2.8131181165805383;A
A;ES618;2015;55565;ESTANCIA_MEDIA;2.5784643583018805;A
A;ES618;2015;55697;ESTANCIA_MEDIA;3.0295288991868796;A
A;ES618;2014;55698;ESTANCIA_MEDIA;2.908982247691905;A
A;ES618;2014;55565;ESTANCIA_MEDIA;2.8300710120037236;A
A;ES618;2014;55697;ESTANCIA_MEDIA;2.980059275112199;A
P;ES61;2021;55698;ESTANCIA_MEDIA;4.01442481981983;A
P;ES61;2021;55565;ESTANCIA_MEDIA;3.5957230887746214;A
P;ES61;2021;55697;ESTANCIA_MEDIA;5.032730863897296;A
P;ES611;2021;55698;ESTANCIA_MEDIA;4.849387780073681;A
P;ES611;2021;55565;ESTANCIA_MEDIA;4.769496426376385;A
P;ES611;2021;55697;ESTANCIA_MEDIA;5.834004955874428;A
P;ES612;2021;55698;ESTANCIA_MEDIA;3.850330970367357;A
P;ES612;2021;55565;ESTANCIA_MEDIA;3.921278427461329;A
P;ES612;2021;55697;ESTANCIA_MEDIA;3.5863325252549;A
P;ES613;2021;55698;ESTANCIA_MEDIA;2.2936614095954373;A
P;ES613;2021;55565;ESTANCIA_MEDIA;2.3799123810452194;A
P;ES613;2021;55697;ESTANCIA_MEDIA;1.959997936513817;A
P;ES614;2021;55698;ESTANCIA_MEDIA;2.5454713211315383;A
P;ES614;2021;55565;ESTANCIA_MEDIA;2.510112418963126;A
P;ES614;2021;55697;ESTANCIA_MEDIA;2.6962544567327607;A
P;ES615;2021;55698;ESTANCIA_MEDIA;4.655720449017926;A
P;ES615;2021;55565;ESTANCIA_MEDIA;4.628564055680735;A
P;ES615;2021;55697;ESTANCIA_MEDIA;5.279591762149137;A
P;ES616;2021;55698;ESTANCIA_MEDIA;2.523681900210039;A
P;ES616;2021;55565;ESTANCIA_MEDIA;2.546410436836095;A
P;ES616;2021;55697;ESTANCIA_MEDIA;1.9454107532219702;A
P;ES617;2021;55698;ESTANCIA_MEDIA;4.74196963704842;A
P;ES617;2021;55565;ESTANCIA_MEDIA;3.844138572399193;A
P;ES617;2021;55697;ESTANCIA_MEDIA;5.896043334640672;A
P;ES618;2021;55698;ESTANCIA_MEDIA;2.9972372097303834;A
P;ES618;2021;55565;ESTANCIA_MEDIA;2.8541089293981647;A
P;ES618;2021;55697;ESTANCIA_MEDIA;3.341729075077022;A
