D_TEMPORAL_0;D_TERRITORIO_0;D_DISTRIBUCION_MNP_0;INDICATOR;OBS_VALUE;FREQ
2020;ES611;70395;LATE_FETAL_DEATH;37.0;A
2020;ES611;70391;LATE_FETAL_DEATH;18.0;A
2020;ES611;70394;LATE_FETAL_DEATH;19.0;A
2020;ES612;70395;LATE_FETAL_DEATH;57.0;A
2020;ES612;70391;LATE_FETAL_DEATH;29.0;A
2020;ES612;70394;LATE_FETAL_DEATH;28.0;A
2020;ES613;70395;LATE_FETAL_DEATH;34.0;A
2020;ES613;70391;LATE_FETAL_DEATH;17.0;A
2020;ES613;70394;LATE_FETAL_DEATH;17.0;A
2020;ES614;70395;LATE_FETAL_DEATH;72.0;A
2020;ES614;70391;LATE_FETAL_DEATH;35.0;A
2020;ES614;70394;LATE_FETAL_DEATH;37.0;A
2020;ES615;70395;LATE_FETAL_DEATH;1.0;A
2020;ES615;70391;LATE_FETAL_DEATH;1.0;A
2020;ES616;70395;LATE_FETAL_DEATH;40.0;A
2020;ES616;70391;LATE_FETAL_DEATH;21.0;A
2020;ES616;70394;LATE_FETAL_DEATH;19.0;A
2020;ES617;70395;LATE_FETAL_DEATH;77.0;A
2020;ES617;70391;LATE_FETAL_DEATH;38.0;A
2020;ES617;70394;LATE_FETAL_DEATH;39.0;A
2020;ES618;70395;LATE_FETAL_DEATH;76.0;A
2020;ES618;70391;LATE_FETAL_DEATH;37.0;A
2020;ES618;70394;LATE_FETAL_DEATH;39.0;A
2020;ES61;70395;LATE_FETAL_DEATH;394.0;A
2020;ES61;70391;LATE_FETAL_DEATH;196.0;A
2020;ES61;70394;LATE_FETAL_DEATH;198.0;A
2019;ES611;70395;LATE_FETAL_DEATH;48.0;A
2019;ES611;70391;LATE_FETAL_DEATH;25.0;A
2019;ES611;70394;LATE_FETAL_DEATH;23.0;A
2019;ES612;70395;LATE_FETAL_DEATH;59.0;A
2019;ES612;70391;LATE_FETAL_DEATH;27.0;A
2019;ES612;70394;LATE_FETAL_DEATH;32.0;A
2019;ES613;70395;LATE_FETAL_DEATH;40.0;A
2019;ES613;70391;LATE_FETAL_DEATH;20.0;A
2019;ES613;70394;LATE_FETAL_DEATH;20.0;A
2019;ES614;70395;LATE_FETAL_DEATH;97.0;A
2019;ES614;70391;LATE_FETAL_DEATH;46.0;A
2019;ES614;70394;LATE_FETAL_DEATH;51.0;A
2019;ES615;70395;LATE_FETAL_DEATH;4.0;A
2019;ES615;70391;LATE_FETAL_DEATH;4.0;A
2019;ES616;70395;LATE_FETAL_DEATH;40.0;A
2019;ES616;70391;LATE_FETAL_DEATH;20.0;A
2019;ES616;70394;LATE_FETAL_DEATH;20.0;A
2019;ES617;70395;LATE_FETAL_DEATH;60.0;A
2019;ES617;70391;LATE_FETAL_DEATH;31.0;A
2019;ES617;70394;LATE_FETAL_DEATH;29.0;A
2019;ES618;70395;LATE_FETAL_DEATH;83.0;A
2019;ES618;70391;LATE_FETAL_DEATH;41.0;A
2019;ES618;70394;LATE_FETAL_DEATH;42.0;A
2019;ES61;70395;LATE_FETAL_DEATH;431.0;A
2019;ES61;70391;LATE_FETAL_DEATH;214.0;A
2019;ES61;70394;LATE_FETAL_DEATH;217.0;A
2018;ES611;70395;LATE_FETAL_DEATH;47.0;A
2018;ES611;70391;LATE_FETAL_DEATH;24.0;A
2018;ES611;70394;LATE_FETAL_DEATH;23.0;A
2018;ES612;70395;LATE_FETAL_DEATH;61.0;A
2018;ES612;70391;LATE_FETAL_DEATH;30.0;A
2018;ES612;70394;LATE_FETAL_DEATH;31.0;A
2018;ES613;70395;LATE_FETAL_DEATH;50.0;A
2018;ES613;70391;LATE_FETAL_DEATH;24.0;A
2018;ES613;70394;LATE_FETAL_DEATH;26.0;A
2018;ES614;70395;LATE_FETAL_DEATH;68.0;A
2018;ES614;70391;LATE_FETAL_DEATH;32.0;A
2018;ES614;70394;LATE_FETAL_DEATH;36.0;A
2018;ES615;70395;LATE_FETAL_DEATH;3.0;A
2018;ES615;70391;LATE_FETAL_DEATH;3.0;A
2018;ES616;70395;LATE_FETAL_DEATH;45.0;A
2018;ES616;70391;LATE_FETAL_DEATH;23.0;A
2018;ES616;70394;LATE_FETAL_DEATH;22.0;A
2018;ES617;70395;LATE_FETAL_DEATH;87.0;A
2018;ES617;70391;LATE_FETAL_DEATH;43.0;A
2018;ES617;70394;LATE_FETAL_DEATH;44.0;A
2018;ES618;70395;LATE_FETAL_DEATH;106.0;A
2018;ES618;70391;LATE_FETAL_DEATH;50.0;A
2018;ES618;70394;LATE_FETAL_DEATH;56.0;A
2018;ES61;70395;LATE_FETAL_DEATH;467.0;A
2018;ES61;70391;LATE_FETAL_DEATH;229.0;A
2018;ES61;70394;LATE_FETAL_DEATH;238.0;A
2017;ES611;70395;LATE_FETAL_DEATH;36.0;A
2017;ES611;70391;LATE_FETAL_DEATH;18.0;A
2017;ES611;70394;LATE_FETAL_DEATH;18.0;A
2017;ES612;70395;LATE_FETAL_DEATH;107.0;A
2017;ES612;70391;LATE_FETAL_DEATH;53.0;A
2017;ES612;70394;LATE_FETAL_DEATH;54.0;A
2017;ES613;70395;LATE_FETAL_DEATH;42.0;A
2017;ES613;70391;LATE_FETAL_DEATH;21.0;A
2017;ES613;70394;LATE_FETAL_DEATH;21.0;A
2017;ES614;70395;LATE_FETAL_DEATH;78.0;A
2017;ES614;70391;LATE_FETAL_DEATH;36.0;A
2017;ES614;70394;LATE_FETAL_DEATH;42.0;A
2017;ES615;70395;LATE_FETAL_DEATH;3.0;A
2017;ES615;70391;LATE_FETAL_DEATH;3.0;A
2017;ES616;70395;LATE_FETAL_DEATH;27.0;A
2017;ES616;70391;LATE_FETAL_DEATH;16.0;A
2017;ES616;70394;LATE_FETAL_DEATH;11.0;A
2017;ES617;70395;LATE_FETAL_DEATH;84.0;A
2017;ES617;70391;LATE_FETAL_DEATH;41.0;A
2017;ES617;70394;LATE_FETAL_DEATH;43.0;A
2017;ES618;70395;LATE_FETAL_DEATH;72.0;A
2017;ES618;70391;LATE_FETAL_DEATH;35.0;A
2017;ES618;70394;LATE_FETAL_DEATH;37.0;A
2017;ES61;70395;LATE_FETAL_DEATH;449.0;A
2017;ES61;70391;LATE_FETAL_DEATH;223.0;A
2017;ES61;70394;LATE_FETAL_DEATH;226.0;A
2016;ES611;70395;LATE_FETAL_DEATH;46.0;A
2016;ES611;70391;LATE_FETAL_DEATH;23.0;A
2016;ES611;70394;LATE_FETAL_DEATH;23.0;A
2016;ES612;70395;LATE_FETAL_DEATH;63.0;A
2016;ES612;70391;LATE_FETAL_DEATH;31.0;A
2016;ES612;70394;LATE_FETAL_DEATH;32.0;A
2016;ES613;70395;LATE_FETAL_DEATH;45.0;A
2016;ES613;70391;LATE_FETAL_DEATH;23.0;A
2016;ES613;70394;LATE_FETAL_DEATH;22.0;A
2016;ES614;70395;LATE_FETAL_DEATH;85.0;A
2016;ES614;70391;LATE_FETAL_DEATH;42.0;A
2016;ES614;70394;LATE_FETAL_DEATH;43.0;A
2016;ES616;70395;LATE_FETAL_DEATH;42.0;A
2016;ES616;70391;LATE_FETAL_DEATH;22.0;A
2016;ES616;70394;LATE_FETAL_DEATH;20.0;A
2016;ES617;70395;LATE_FETAL_DEATH;93.0;A
2016;ES617;70391;LATE_FETAL_DEATH;45.0;A
2016;ES617;70394;LATE_FETAL_DEATH;48.0;A
2016;ES618;70395;LATE_FETAL_DEATH;117.0;A
2016;ES618;70391;LATE_FETAL_DEATH;59.0;A
2016;ES618;70394;LATE_FETAL_DEATH;58.0;A
2016;ES61;70395;LATE_FETAL_DEATH;491.0;A
2016;ES61;70391;LATE_FETAL_DEATH;245.0;A
2016;ES61;70394;LATE_FETAL_DEATH;246.0;A
2015;ES611;70395;LATE_FETAL_DEATH;19.0;A
2015;ES611;70391;LATE_FETAL_DEATH;10.0;A
2015;ES611;70394;LATE_FETAL_DEATH;9.0;A
2015;ES612;70395;LATE_FETAL_DEATH;78.0;A
2015;ES612;70391;LATE_FETAL_DEATH;38.0;A
2015;ES612;70394;LATE_FETAL_DEATH;40.0;A
2015;ES613;70395;LATE_FETAL_DEATH;35.0;A
2015;ES613;70391;LATE_FETAL_DEATH;17.0;A
2015;ES613;70394;LATE_FETAL_DEATH;18.0;A
2015;ES614;70395;LATE_FETAL_DEATH;74.0;A
2015;ES614;70391;LATE_FETAL_DEATH;36.0;A
2015;ES614;70394;LATE_FETAL_DEATH;38.0;A
2015;ES615;70395;LATE_FETAL_DEATH;1.0;A
2015;ES615;70391;LATE_FETAL_DEATH;1.0;A
2015;ES616;70395;LATE_FETAL_DEATH;57.0;A
2015;ES616;70391;LATE_FETAL_DEATH;29.0;A
2015;ES616;70394;LATE_FETAL_DEATH;28.0;A
2015;ES617;70395;LATE_FETAL_DEATH;103.0;A
2015;ES617;70391;LATE_FETAL_DEATH;51.0;A
2015;ES617;70394;LATE_FETAL_DEATH;52.0;A
2015;ES618;70395;LATE_FETAL_DEATH;134.0;A
2015;ES618;70391;LATE_FETAL_DEATH;68.0;A
2015;ES618;70394;LATE_FETAL_DEATH;66.0;A
2015;ES61;70395;LATE_FETAL_DEATH;501.0;A
2015;ES61;70391;LATE_FETAL_DEATH;250.0;A
2015;ES61;70394;LATE_FETAL_DEATH;251.0;A
2014;ES611;70395;LATE_FETAL_DEATH;68.0;A
2014;ES611;70391;LATE_FETAL_DEATH;35.0;A
2014;ES611;70394;LATE_FETAL_DEATH;33.0;A
2014;ES612;70395;LATE_FETAL_DEATH;67.0;A
2014;ES612;70391;LATE_FETAL_DEATH;34.0;A
2014;ES612;70394;LATE_FETAL_DEATH;33.0;A
2014;ES613;70395;LATE_FETAL_DEATH;41.0;A
2014;ES613;70391;LATE_FETAL_DEATH;20.0;A
2014;ES613;70394;LATE_FETAL_DEATH;21.0;A
2014;ES614;70395;LATE_FETAL_DEATH;78.0;A
2014;ES614;70391;LATE_FETAL_DEATH;38.0;A
2014;ES614;70394;LATE_FETAL_DEATH;40.0;A
2014;ES615;70395;LATE_FETAL_DEATH;1.0;A
2014;ES615;70391;LATE_FETAL_DEATH;1.0;A
2014;ES616;70395;LATE_FETAL_DEATH;38.0;A
2014;ES616;70391;LATE_FETAL_DEATH;19.0;A
2014;ES616;70394;LATE_FETAL_DEATH;19.0;A
2014;ES617;70395;LATE_FETAL_DEATH;113.0;A
2014;ES617;70391;LATE_FETAL_DEATH;54.0;A
2014;ES617;70394;LATE_FETAL_DEATH;59.0;A
2014;ES618;70395;LATE_FETAL_DEATH;127.0;A
2014;ES618;70391;LATE_FETAL_DEATH;64.0;A
2014;ES618;70394;LATE_FETAL_DEATH;63.0;A
2014;ES61;70395;LATE_FETAL_DEATH;533.0;A
2014;ES61;70391;LATE_FETAL_DEATH;265.0;A
2014;ES61;70394;LATE_FETAL_DEATH;268.0;A
2013;ES611;70395;LATE_FETAL_DEATH;44.0;A
2013;ES611;70391;LATE_FETAL_DEATH;22.0;A
2013;ES611;70394;LATE_FETAL_DEATH;22.0;A
2013;ES612;70395;LATE_FETAL_DEATH;78.0;A
2013;ES612;70391;LATE_FETAL_DEATH;40.0;A
2013;ES612;70394;LATE_FETAL_DEATH;38.0;A
2013;ES613;70395;LATE_FETAL_DEATH;45.0;A
2013;ES613;70391;LATE_FETAL_DEATH;23.0;A
2013;ES613;70394;LATE_FETAL_DEATH;22.0;A
2013;ES614;70395;LATE_FETAL_DEATH;81.0;A
2013;ES614;70391;LATE_FETAL_DEATH;38.0;A
2013;ES614;70394;LATE_FETAL_DEATH;43.0;A
2013;ES615;70395;LATE_FETAL_DEATH;5.0;A
2013;ES615;70391;LATE_FETAL_DEATH;4.0;A
2013;ES615;70394;LATE_FETAL_DEATH;1.0;A
2013;ES616;70395;LATE_FETAL_DEATH;47.0;A
2013;ES616;70391;LATE_FETAL_DEATH;25.0;A
2013;ES616;70394;LATE_FETAL_DEATH;22.0;A
2013;ES617;70395;LATE_FETAL_DEATH;99.0;A
2013;ES617;70391;LATE_FETAL_DEATH;47.0;A
2013;ES617;70394;LATE_FETAL_DEATH;52.0;A
2013;ES618;70395;LATE_FETAL_DEATH;140.0;A
2013;ES618;70391;LATE_FETAL_DEATH;69.0;A
2013;ES618;70394;LATE_FETAL_DEATH;71.0;A
2013;ES61;70395;LATE_FETAL_DEATH;539.0;A
2013;ES61;70391;LATE_FETAL_DEATH;268.0;A
2013;ES61;70394;LATE_FETAL_DEATH;271.0;A
2012;ES611;70395;LATE_FETAL_DEATH;38.0;A
2012;ES611;70391;LATE_FETAL_DEATH;18.0;A
2012;ES611;70394;LATE_FETAL_DEATH;20.0;A
2012;ES612;70395;LATE_FETAL_DEATH;67.0;A
2012;ES612;70391;LATE_FETAL_DEATH;34.0;A
2012;ES612;70394;LATE_FETAL_DEATH;33.0;A
2012;ES613;70395;LATE_FETAL_DEATH;53.0;A
2012;ES613;70391;LATE_FETAL_DEATH;25.0;A
2012;ES613;70394;LATE_FETAL_DEATH;28.0;A
2012;ES614;70395;LATE_FETAL_DEATH;73.0;A
2012;ES614;70391;LATE_FETAL_DEATH;36.0;A
2012;ES614;70394;LATE_FETAL_DEATH;37.0;A
2012;ES615;70395;LATE_FETAL_DEATH;18.0;A
2012;ES615;70391;LATE_FETAL_DEATH;9.0;A
2012;ES615;70394;LATE_FETAL_DEATH;9.0;A
2012;ES616;70395;LATE_FETAL_DEATH;54.0;A
2012;ES616;70391;LATE_FETAL_DEATH;28.0;A
2012;ES616;70394;LATE_FETAL_DEATH;26.0;A
2012;ES617;70395;LATE_FETAL_DEATH;112.0;A
2012;ES617;70391;LATE_FETAL_DEATH;56.0;A
2012;ES617;70394;LATE_FETAL_DEATH;56.0;A
2012;ES618;70395;LATE_FETAL_DEATH;163.0;A
2012;ES618;70391;LATE_FETAL_DEATH;82.0;A
2012;ES618;70394;LATE_FETAL_DEATH;81.0;A
2012;ES61;70395;LATE_FETAL_DEATH;578.0;A
2012;ES61;70391;LATE_FETAL_DEATH;288.0;A
2012;ES61;70394;LATE_FETAL_DEATH;290.0;A
2011;ES611;70395;LATE_FETAL_DEATH;32.0;A
2011;ES611;70391;LATE_FETAL_DEATH;17.0;A
2011;ES611;70394;LATE_FETAL_DEATH;15.0;A
2011;ES612;70395;LATE_FETAL_DEATH;87.0;A
2011;ES612;70391;LATE_FETAL_DEATH;44.0;A
2011;ES612;70394;LATE_FETAL_DEATH;43.0;A
2011;ES613;70395;LATE_FETAL_DEATH;47.0;A
2011;ES613;70391;LATE_FETAL_DEATH;24.0;A
2011;ES613;70394;LATE_FETAL_DEATH;23.0;A
2011;ES614;70395;LATE_FETAL_DEATH;69.0;A
2011;ES614;70391;LATE_FETAL_DEATH;33.0;A
2011;ES614;70394;LATE_FETAL_DEATH;36.0;A
2011;ES615;70395;LATE_FETAL_DEATH;7.0;A
2011;ES615;70391;LATE_FETAL_DEATH;4.0;A
2011;ES615;70394;LATE_FETAL_DEATH;3.0;A
2011;ES616;70395;LATE_FETAL_DEATH;56.0;A
2011;ES616;70391;LATE_FETAL_DEATH;28.0;A
2011;ES616;70394;LATE_FETAL_DEATH;28.0;A
2011;ES617;70395;LATE_FETAL_DEATH;127.0;A
2011;ES617;70391;LATE_FETAL_DEATH;62.0;A
2011;ES617;70394;LATE_FETAL_DEATH;65.0;A
2011;ES618;70395;LATE_FETAL_DEATH;127.0;A
2011;ES618;70391;LATE_FETAL_DEATH;63.0;A
2011;ES618;70394;LATE_FETAL_DEATH;64.0;A
2011;ES61;70395;LATE_FETAL_DEATH;552.0;A
2011;ES61;70391;LATE_FETAL_DEATH;275.0;A
2011;ES61;70394;LATE_FETAL_DEATH;277.0;A
2010;ES611;70395;LATE_FETAL_DEATH;42.0;A
2010;ES611;70391;LATE_FETAL_DEATH;22.0;A
2010;ES611;70394;LATE_FETAL_DEATH;20.0;A
2010;ES612;70395;LATE_FETAL_DEATH;124.0;A
2010;ES612;70391;LATE_FETAL_DEATH;62.0;A
2010;ES612;70394;LATE_FETAL_DEATH;62.0;A
2010;ES613;70395;LATE_FETAL_DEATH;50.0;A
2010;ES613;70391;LATE_FETAL_DEATH;26.0;A
2010;ES613;70394;LATE_FETAL_DEATH;24.0;A
2010;ES614;70395;LATE_FETAL_DEATH;82.0;A
2010;ES614;70391;LATE_FETAL_DEATH;38.0;A
2010;ES614;70394;LATE_FETAL_DEATH;44.0;A
2010;ES615;70395;LATE_FETAL_DEATH;1.0;A
2010;ES615;70391;LATE_FETAL_DEATH;1.0;A
2010;ES616;70395;LATE_FETAL_DEATH;37.0;A
2010;ES616;70391;LATE_FETAL_DEATH;19.0;A
2010;ES616;70394;LATE_FETAL_DEATH;18.0;A
2010;ES617;70395;LATE_FETAL_DEATH;104.0;A
2010;ES617;70391;LATE_FETAL_DEATH;49.0;A
2010;ES617;70394;LATE_FETAL_DEATH;55.0;A
2010;ES618;70395;LATE_FETAL_DEATH;156.0;A
2010;ES618;70391;LATE_FETAL_DEATH;79.0;A
2010;ES618;70394;LATE_FETAL_DEATH;77.0;A
2010;ES61;70395;LATE_FETAL_DEATH;596.0;A
2010;ES61;70391;LATE_FETAL_DEATH;296.0;A
2010;ES61;70394;LATE_FETAL_DEATH;300.0;A
2009;ES611;70395;LATE_FETAL_DEATH;42.0;A
2009;ES611;70391;LATE_FETAL_DEATH;21.0;A
2009;ES611;70394;LATE_FETAL_DEATH;21.0;A
2009;ES612;70395;LATE_FETAL_DEATH;96.0;A
2009;ES612;70391;LATE_FETAL_DEATH;48.0;A
2009;ES612;70394;LATE_FETAL_DEATH;48.0;A
2009;ES613;70395;LATE_FETAL_DEATH;44.0;A
2009;ES613;70391;LATE_FETAL_DEATH;22.0;A
2009;ES613;70394;LATE_FETAL_DEATH;22.0;A
2009;ES614;70395;LATE_FETAL_DEATH;112.0;A
2009;ES614;70391;LATE_FETAL_DEATH;55.0;A
2009;ES614;70394;LATE_FETAL_DEATH;57.0;A
2009;ES615;70395;LATE_FETAL_DEATH;3.0;A
2009;ES615;70391;LATE_FETAL_DEATH;3.0;A
2009;ES616;70395;LATE_FETAL_DEATH;38.0;A
2009;ES616;70391;LATE_FETAL_DEATH;20.0;A
2009;ES616;70394;LATE_FETAL_DEATH;18.0;A
2009;ES617;70395;LATE_FETAL_DEATH;136.0;A
2009;ES617;70391;LATE_FETAL_DEATH;68.0;A
2009;ES617;70394;LATE_FETAL_DEATH;68.0;A
2009;ES618;70395;LATE_FETAL_DEATH;153.0;A
2009;ES618;70391;LATE_FETAL_DEATH;74.0;A
2009;ES618;70394;LATE_FETAL_DEATH;79.0;A
2009;ES61;70395;LATE_FETAL_DEATH;624.0;A
2009;ES61;70391;LATE_FETAL_DEATH;311.0;A
2009;ES61;70394;LATE_FETAL_DEATH;313.0;A
2008;ES611;70395;LATE_FETAL_DEATH;65.0;A
2008;ES611;70391;LATE_FETAL_DEATH;33.0;A
2008;ES611;70394;LATE_FETAL_DEATH;32.0;A
2008;ES612;70395;LATE_FETAL_DEATH;87.0;A
2008;ES612;70391;LATE_FETAL_DEATH;42.0;A
2008;ES612;70394;LATE_FETAL_DEATH;45.0;A
2008;ES613;70395;LATE_FETAL_DEATH;59.0;A
2008;ES613;70391;LATE_FETAL_DEATH;30.0;A
2008;ES613;70394;LATE_FETAL_DEATH;29.0;A
2008;ES614;70395;LATE_FETAL_DEATH;140.0;A
2008;ES614;70391;LATE_FETAL_DEATH;66.0;A
2008;ES614;70394;LATE_FETAL_DEATH;74.0;A
2008;ES616;70395;LATE_FETAL_DEATH;71.0;A
2008;ES616;70391;LATE_FETAL_DEATH;37.0;A
2008;ES616;70394;LATE_FETAL_DEATH;34.0;A
2008;ES617;70395;LATE_FETAL_DEATH;107.0;A
2008;ES617;70391;LATE_FETAL_DEATH;54.0;A
2008;ES617;70394;LATE_FETAL_DEATH;53.0;A
2008;ES618;70395;LATE_FETAL_DEATH;210.0;A
2008;ES618;70391;LATE_FETAL_DEATH;104.0;A
2008;ES618;70394;LATE_FETAL_DEATH;106.0;A
2008;ES61;70395;LATE_FETAL_DEATH;739.0;A
2008;ES61;70391;LATE_FETAL_DEATH;366.0;A
2008;ES61;70394;LATE_FETAL_DEATH;373.0;A
2007;ES611;70395;LATE_FETAL_DEATH;35.0;A
2007;ES611;70391;LATE_FETAL_DEATH;19.0;A
2007;ES611;70394;LATE_FETAL_DEATH;16.0;A
2007;ES612;70395;LATE_FETAL_DEATH;110.0;A
2007;ES612;70391;LATE_FETAL_DEATH;55.0;A
2007;ES612;70394;LATE_FETAL_DEATH;55.0;A
2007;ES613;70395;LATE_FETAL_DEATH;72.0;A
2007;ES613;70391;LATE_FETAL_DEATH;36.0;A
2007;ES613;70394;LATE_FETAL_DEATH;36.0;A
2007;ES614;70395;LATE_FETAL_DEATH;95.0;A
2007;ES614;70391;LATE_FETAL_DEATH;46.0;A
2007;ES614;70394;LATE_FETAL_DEATH;49.0;A
2007;ES615;70395;LATE_FETAL_DEATH;2.0;A
2007;ES615;70391;LATE_FETAL_DEATH;1.0;A
2007;ES615;70394;LATE_FETAL_DEATH;1.0;A
2007;ES616;70395;LATE_FETAL_DEATH;56.0;A
2007;ES616;70391;LATE_FETAL_DEATH;29.0;A
2007;ES616;70394;LATE_FETAL_DEATH;27.0;A
2007;ES617;70395;LATE_FETAL_DEATH;118.0;A
2007;ES617;70391;LATE_FETAL_DEATH;56.0;A
2007;ES617;70394;LATE_FETAL_DEATH;62.0;A
2007;ES618;70395;LATE_FETAL_DEATH;208.0;A
2007;ES618;70391;LATE_FETAL_DEATH;104.0;A
2007;ES618;70394;LATE_FETAL_DEATH;104.0;A
2007;ES61;70395;LATE_FETAL_DEATH;696.0;A
2007;ES61;70391;LATE_FETAL_DEATH;346.0;A
2007;ES61;70394;LATE_FETAL_DEATH;350.0;A
2006;ES611;70395;LATE_FETAL_DEATH;56.0;A
2006;ES611;70391;LATE_FETAL_DEATH;28.0;A
2006;ES611;70394;LATE_FETAL_DEATH;28.0;A
2006;ES612;70395;LATE_FETAL_DEATH;96.0;A
2006;ES612;70391;LATE_FETAL_DEATH;49.0;A
2006;ES612;70394;LATE_FETAL_DEATH;47.0;A
2006;ES613;70395;LATE_FETAL_DEATH;67.0;A
2006;ES613;70391;LATE_FETAL_DEATH;36.0;A
2006;ES613;70394;LATE_FETAL_DEATH;31.0;A
2006;ES614;70395;LATE_FETAL_DEATH;72.0;A
2006;ES614;70391;LATE_FETAL_DEATH;34.0;A
2006;ES614;70394;LATE_FETAL_DEATH;38.0;A
2006;ES615;70395;LATE_FETAL_DEATH;8.0;A
2006;ES615;70391;LATE_FETAL_DEATH;4.0;A
2006;ES615;70394;LATE_FETAL_DEATH;4.0;A
2006;ES616;70395;LATE_FETAL_DEATH;42.0;A
2006;ES616;70391;LATE_FETAL_DEATH;21.0;A
2006;ES616;70394;LATE_FETAL_DEATH;21.0;A
2006;ES617;70395;LATE_FETAL_DEATH;112.0;A
2006;ES617;70391;LATE_FETAL_DEATH;53.0;A
2006;ES617;70394;LATE_FETAL_DEATH;59.0;A
2006;ES618;70395;LATE_FETAL_DEATH;158.0;A
2006;ES618;70391;LATE_FETAL_DEATH;78.0;A
2006;ES618;70394;LATE_FETAL_DEATH;80.0;A
2006;ES61;70395;LATE_FETAL_DEATH;611.0;A
2006;ES61;70391;LATE_FETAL_DEATH;303.0;A
2006;ES61;70394;LATE_FETAL_DEATH;308.0;A
2005;ES611;70395;LATE_FETAL_DEATH;35.0;A
2005;ES611;70391;LATE_FETAL_DEATH;18.0;A
2005;ES611;70394;LATE_FETAL_DEATH;17.0;A
2005;ES612;70395;LATE_FETAL_DEATH;127.0;A
2005;ES612;70391;LATE_FETAL_DEATH;64.0;A
2005;ES612;70394;LATE_FETAL_DEATH;63.0;A
2005;ES613;70395;LATE_FETAL_DEATH;59.0;A
2005;ES613;70391;LATE_FETAL_DEATH;29.0;A
2005;ES613;70394;LATE_FETAL_DEATH;30.0;A
2005;ES614;70395;LATE_FETAL_DEATH;65.0;A
2005;ES614;70391;LATE_FETAL_DEATH;32.0;A
2005;ES614;70394;LATE_FETAL_DEATH;33.0;A
2005;ES615;70395;LATE_FETAL_DEATH;9.0;A
2005;ES615;70391;LATE_FETAL_DEATH;7.0;A
2005;ES615;70394;LATE_FETAL_DEATH;2.0;A
2005;ES616;70395;LATE_FETAL_DEATH;56.0;A
2005;ES616;70391;LATE_FETAL_DEATH;28.0;A
2005;ES616;70394;LATE_FETAL_DEATH;28.0;A
2005;ES617;70395;LATE_FETAL_DEATH;130.0;A
2005;ES617;70391;LATE_FETAL_DEATH;62.0;A
2005;ES617;70394;LATE_FETAL_DEATH;68.0;A
2005;ES618;70395;LATE_FETAL_DEATH;204.0;A
2005;ES618;70391;LATE_FETAL_DEATH;99.0;A
2005;ES618;70394;LATE_FETAL_DEATH;105.0;A
2005;ES61;70395;LATE_FETAL_DEATH;685.0;A
2005;ES61;70391;LATE_FETAL_DEATH;339.0;A
2005;ES61;70394;LATE_FETAL_DEATH;346.0;A
2004;ES611;70395;LATE_FETAL_DEATH;44.0;A
2004;ES611;70391;LATE_FETAL_DEATH;22.0;A
2004;ES611;70394;LATE_FETAL_DEATH;22.0;A
2004;ES612;70395;LATE_FETAL_DEATH;109.0;A
2004;ES612;70391;LATE_FETAL_DEATH;58.0;A
2004;ES612;70394;LATE_FETAL_DEATH;51.0;A
2004;ES613;70395;LATE_FETAL_DEATH;50.0;A
2004;ES613;70391;LATE_FETAL_DEATH;26.0;A
2004;ES613;70394;LATE_FETAL_DEATH;24.0;A
2004;ES614;70395;LATE_FETAL_DEATH;66.0;A
2004;ES614;70391;LATE_FETAL_DEATH;31.0;A
2004;ES614;70394;LATE_FETAL_DEATH;35.0;A
2004;ES615;70395;LATE_FETAL_DEATH;11.0;A
2004;ES615;70391;LATE_FETAL_DEATH;6.0;A
2004;ES615;70394;LATE_FETAL_DEATH;5.0;A
2004;ES616;70395;LATE_FETAL_DEATH;41.0;A
2004;ES616;70391;LATE_FETAL_DEATH;20.0;A
2004;ES616;70394;LATE_FETAL_DEATH;21.0;A
2004;ES617;70395;LATE_FETAL_DEATH;124.0;A
2004;ES617;70391;LATE_FETAL_DEATH;59.0;A
2004;ES617;70394;LATE_FETAL_DEATH;65.0;A
2004;ES618;70395;LATE_FETAL_DEATH;217.0;A
2004;ES618;70391;LATE_FETAL_DEATH;107.0;A
2004;ES618;70394;LATE_FETAL_DEATH;110.0;A
2004;ES61;70395;LATE_FETAL_DEATH;662.0;A
2004;ES61;70391;LATE_FETAL_DEATH;329.0;A
2004;ES61;70394;LATE_FETAL_DEATH;333.0;A
2003;ES611;70395;LATE_FETAL_DEATH;23.0;A
2003;ES611;70391;LATE_FETAL_DEATH;12.0;A
2003;ES611;70394;LATE_FETAL_DEATH;11.0;A
2003;ES612;70395;LATE_FETAL_DEATH;132.0;A
2003;ES612;70391;LATE_FETAL_DEATH;65.0;A
2003;ES612;70394;LATE_FETAL_DEATH;67.0;A
2003;ES613;70395;LATE_FETAL_DEATH;69.0;A
2003;ES613;70391;LATE_FETAL_DEATH;33.0;A
2003;ES613;70394;LATE_FETAL_DEATH;36.0;A
2003;ES614;70395;LATE_FETAL_DEATH;82.0;A
2003;ES614;70391;LATE_FETAL_DEATH;37.0;A
2003;ES614;70394;LATE_FETAL_DEATH;45.0;A
2003;ES615;70395;LATE_FETAL_DEATH;5.0;A
2003;ES615;70391;LATE_FETAL_DEATH;4.0;A
2003;ES615;70394;LATE_FETAL_DEATH;1.0;A
2003;ES616;70395;LATE_FETAL_DEATH;52.0;A
2003;ES616;70391;LATE_FETAL_DEATH;30.0;A
2003;ES616;70394;LATE_FETAL_DEATH;22.0;A
2003;ES617;70395;LATE_FETAL_DEATH;123.0;A
2003;ES617;70391;LATE_FETAL_DEATH;60.0;A
2003;ES617;70394;LATE_FETAL_DEATH;63.0;A
2003;ES618;70395;LATE_FETAL_DEATH;193.0;A
2003;ES618;70391;LATE_FETAL_DEATH;96.0;A
2003;ES618;70394;LATE_FETAL_DEATH;97.0;A
2003;ES61;70395;LATE_FETAL_DEATH;679.0;A
2003;ES61;70391;LATE_FETAL_DEATH;337.0;A
2003;ES61;70394;LATE_FETAL_DEATH;342.0;A
2002;ES611;70395;LATE_FETAL_DEATH;40.0;A
2002;ES611;70391;LATE_FETAL_DEATH;20.0;A
2002;ES611;70394;LATE_FETAL_DEATH;20.0;A
2002;ES612;70395;LATE_FETAL_DEATH;140.0;A
2002;ES612;70391;LATE_FETAL_DEATH;72.0;A
2002;ES612;70394;LATE_FETAL_DEATH;68.0;A
2002;ES613;70395;LATE_FETAL_DEATH;76.0;A
2002;ES613;70391;LATE_FETAL_DEATH;38.0;A
2002;ES613;70394;LATE_FETAL_DEATH;38.0;A
2002;ES614;70395;LATE_FETAL_DEATH;71.0;A
2002;ES614;70391;LATE_FETAL_DEATH;35.0;A
2002;ES614;70394;LATE_FETAL_DEATH;36.0;A
2002;ES615;70395;LATE_FETAL_DEATH;6.0;A
2002;ES615;70391;LATE_FETAL_DEATH;4.0;A
2002;ES615;70394;LATE_FETAL_DEATH;2.0;A
2002;ES616;70395;LATE_FETAL_DEATH;54.0;A
2002;ES616;70391;LATE_FETAL_DEATH;27.0;A
2002;ES616;70394;LATE_FETAL_DEATH;27.0;A
2002;ES617;70395;LATE_FETAL_DEATH;104.0;A
2002;ES617;70391;LATE_FETAL_DEATH;49.0;A
2002;ES617;70394;LATE_FETAL_DEATH;55.0;A
2002;ES618;70395;LATE_FETAL_DEATH;203.0;A
2002;ES618;70391;LATE_FETAL_DEATH;100.0;A
2002;ES618;70394;LATE_FETAL_DEATH;103.0;A
2002;ES61;70395;LATE_FETAL_DEATH;694.0;A
2002;ES61;70391;LATE_FETAL_DEATH;345.0;A
2002;ES61;70394;LATE_FETAL_DEATH;349.0;A
2001;ES611;70395;LATE_FETAL_DEATH;48.0;A
2001;ES611;70391;LATE_FETAL_DEATH;24.0;A
2001;ES611;70394;LATE_FETAL_DEATH;24.0;A
2001;ES612;70395;LATE_FETAL_DEATH;138.0;A
2001;ES612;70391;LATE_FETAL_DEATH;69.0;A
2001;ES612;70394;LATE_FETAL_DEATH;69.0;A
2001;ES613;70395;LATE_FETAL_DEATH;65.0;A
2001;ES613;70391;LATE_FETAL_DEATH;33.0;A
2001;ES613;70394;LATE_FETAL_DEATH;32.0;A
2001;ES614;70395;LATE_FETAL_DEATH;74.0;A
2001;ES614;70391;LATE_FETAL_DEATH;37.0;A
2001;ES614;70394;LATE_FETAL_DEATH;37.0;A
2001;ES615;70395;LATE_FETAL_DEATH;1.0;A
2001;ES615;70391;LATE_FETAL_DEATH;1.0;A
2001;ES616;70395;LATE_FETAL_DEATH;48.0;A
2001;ES616;70391;LATE_FETAL_DEATH;25.0;A
2001;ES616;70394;LATE_FETAL_DEATH;23.0;A
2001;ES617;70395;LATE_FETAL_DEATH;98.0;A
2001;ES617;70391;LATE_FETAL_DEATH;47.0;A
2001;ES617;70394;LATE_FETAL_DEATH;51.0;A
2001;ES618;70395;LATE_FETAL_DEATH;241.0;A
2001;ES618;70391;LATE_FETAL_DEATH;119.0;A
2001;ES618;70394;LATE_FETAL_DEATH;122.0;A
2001;ES61;70395;LATE_FETAL_DEATH;713.0;A
2001;ES61;70391;LATE_FETAL_DEATH;355.0;A
2001;ES61;70394;LATE_FETAL_DEATH;358.0;A
2000;ES611;70395;LATE_FETAL_DEATH;50.0;A
2000;ES611;70391;LATE_FETAL_DEATH;25.0;A
2000;ES611;70394;LATE_FETAL_DEATH;25.0;A
2000;ES612;70395;LATE_FETAL_DEATH;104.0;A
2000;ES612;70391;LATE_FETAL_DEATH;52.0;A
2000;ES612;70394;LATE_FETAL_DEATH;52.0;A
2000;ES613;70395;LATE_FETAL_DEATH;67.0;A
2000;ES613;70391;LATE_FETAL_DEATH;34.0;A
2000;ES613;70394;LATE_FETAL_DEATH;33.0;A
2000;ES614;70395;LATE_FETAL_DEATH;88.0;A
2000;ES614;70391;LATE_FETAL_DEATH;42.0;A
2000;ES614;70394;LATE_FETAL_DEATH;46.0;A
2000;ES615;70395;LATE_FETAL_DEATH;6.0;A
2000;ES615;70391;LATE_FETAL_DEATH;5.0;A
2000;ES615;70394;LATE_FETAL_DEATH;1.0;A
2000;ES616;70395;LATE_FETAL_DEATH;50.0;A
2000;ES616;70391;LATE_FETAL_DEATH;26.0;A
2000;ES616;70394;LATE_FETAL_DEATH;24.0;A
2000;ES617;70395;LATE_FETAL_DEATH;100.0;A
2000;ES617;70391;LATE_FETAL_DEATH;49.0;A
2000;ES617;70394;LATE_FETAL_DEATH;51.0;A
2000;ES618;70395;LATE_FETAL_DEATH;221.0;A
2000;ES618;70391;LATE_FETAL_DEATH;110.0;A
2000;ES618;70394;LATE_FETAL_DEATH;111.0;A
2000;ES61;70395;LATE_FETAL_DEATH;686.0;A
2000;ES61;70391;LATE_FETAL_DEATH;343.0;A
2000;ES61;70394;LATE_FETAL_DEATH;343.0;A
1999;ES611;70395;LATE_FETAL_DEATH;39.0;A
1999;ES611;70391;LATE_FETAL_DEATH;20.0;A
1999;ES611;70394;LATE_FETAL_DEATH;19.0;A
1999;ES612;70395;LATE_FETAL_DEATH;125.0;A
1999;ES612;70391;LATE_FETAL_DEATH;63.0;A
1999;ES612;70394;LATE_FETAL_DEATH;62.0;A
1999;ES613;70395;LATE_FETAL_DEATH;101.0;A
1999;ES613;70391;LATE_FETAL_DEATH;51.0;A
1999;ES613;70394;LATE_FETAL_DEATH;50.0;A
1999;ES614;70395;LATE_FETAL_DEATH;97.0;A
1999;ES614;70391;LATE_FETAL_DEATH;46.0;A
1999;ES614;70394;LATE_FETAL_DEATH;51.0;A
1999;ES615;70395;LATE_FETAL_DEATH;1.0;A
1999;ES615;70391;LATE_FETAL_DEATH;1.0;A
1999;ES616;70395;LATE_FETAL_DEATH;51.0;A
1999;ES616;70391;LATE_FETAL_DEATH;27.0;A
1999;ES616;70394;LATE_FETAL_DEATH;24.0;A
1999;ES617;70395;LATE_FETAL_DEATH;110.0;A
1999;ES617;70391;LATE_FETAL_DEATH;54.0;A
1999;ES617;70394;LATE_FETAL_DEATH;56.0;A
1999;ES618;70395;LATE_FETAL_DEATH;201.0;A
1999;ES618;70391;LATE_FETAL_DEATH;99.0;A
1999;ES618;70394;LATE_FETAL_DEATH;102.0;A
1999;ES61;70395;LATE_FETAL_DEATH;725.0;A
1999;ES61;70391;LATE_FETAL_DEATH;361.0;A
1999;ES61;70394;LATE_FETAL_DEATH;364.0;A
1998;ES611;70395;LATE_FETAL_DEATH;27.0;A
1998;ES611;70391;LATE_FETAL_DEATH;14.0;A
1998;ES611;70394;LATE_FETAL_DEATH;13.0;A
1998;ES612;70395;LATE_FETAL_DEATH;131.0;A
1998;ES612;70391;LATE_FETAL_DEATH;67.0;A
1998;ES612;70394;LATE_FETAL_DEATH;64.0;A
1998;ES613;70395;LATE_FETAL_DEATH;100.0;A
1998;ES613;70391;LATE_FETAL_DEATH;49.0;A
1998;ES613;70394;LATE_FETAL_DEATH;51.0;A
1998;ES614;70395;LATE_FETAL_DEATH;81.0;A
1998;ES614;70391;LATE_FETAL_DEATH;39.0;A
1998;ES614;70394;LATE_FETAL_DEATH;42.0;A
1998;ES615;70395;LATE_FETAL_DEATH;1.0;A
1998;ES615;70391;LATE_FETAL_DEATH;1.0;A
1998;ES616;70395;LATE_FETAL_DEATH;32.0;A
1998;ES616;70391;LATE_FETAL_DEATH;18.0;A
1998;ES616;70394;LATE_FETAL_DEATH;14.0;A
1998;ES617;70395;LATE_FETAL_DEATH;130.0;A
1998;ES617;70391;LATE_FETAL_DEATH;62.0;A
1998;ES617;70394;LATE_FETAL_DEATH;68.0;A
1998;ES618;70395;LATE_FETAL_DEATH;187.0;A
1998;ES618;70391;LATE_FETAL_DEATH;93.0;A
1998;ES618;70394;LATE_FETAL_DEATH;94.0;A
1998;ES61;70395;LATE_FETAL_DEATH;689.0;A
1998;ES61;70391;LATE_FETAL_DEATH;343.0;A
1998;ES61;70394;LATE_FETAL_DEATH;346.0;A
1997;ES611;70395;LATE_FETAL_DEATH;60.0;A
1997;ES611;70391;LATE_FETAL_DEATH;30.0;A
1997;ES611;70394;LATE_FETAL_DEATH;30.0;A
1997;ES612;70395;LATE_FETAL_DEATH;104.0;A
1997;ES612;70391;LATE_FETAL_DEATH;52.0;A
1997;ES612;70394;LATE_FETAL_DEATH;52.0;A
1997;ES613;70395;LATE_FETAL_DEATH;88.0;A
1997;ES613;70391;LATE_FETAL_DEATH;44.0;A
1997;ES613;70394;LATE_FETAL_DEATH;44.0;A
1997;ES614;70395;LATE_FETAL_DEATH;90.0;A
1997;ES614;70391;LATE_FETAL_DEATH;44.0;A
1997;ES614;70394;LATE_FETAL_DEATH;46.0;A
1997;ES615;70395;LATE_FETAL_DEATH;25.0;A
1997;ES615;70391;LATE_FETAL_DEATH;13.0;A
1997;ES615;70394;LATE_FETAL_DEATH;12.0;A
1997;ES616;70395;LATE_FETAL_DEATH;69.0;A
1997;ES616;70391;LATE_FETAL_DEATH;36.0;A
1997;ES616;70394;LATE_FETAL_DEATH;33.0;A
1997;ES617;70395;LATE_FETAL_DEATH;121.0;A
1997;ES617;70391;LATE_FETAL_DEATH;60.0;A
1997;ES617;70394;LATE_FETAL_DEATH;61.0;A
1997;ES618;70395;LATE_FETAL_DEATH;209.0;A
1997;ES618;70391;LATE_FETAL_DEATH;104.0;A
1997;ES618;70394;LATE_FETAL_DEATH;105.0;A
1997;ES61;70395;LATE_FETAL_DEATH;766.0;A
1997;ES61;70391;LATE_FETAL_DEATH;383.0;A
1997;ES61;70394;LATE_FETAL_DEATH;383.0;A
1996;ES611;70395;LATE_FETAL_DEATH;67.0;A
1996;ES611;70391;LATE_FETAL_DEATH;33.0;A
1996;ES611;70394;LATE_FETAL_DEATH;34.0;A
1996;ES612;70395;LATE_FETAL_DEATH;121.0;A
1996;ES612;70391;LATE_FETAL_DEATH;63.0;A
1996;ES612;70394;LATE_FETAL_DEATH;58.0;A
1996;ES613;70395;LATE_FETAL_DEATH;82.0;A
1996;ES613;70391;LATE_FETAL_DEATH;40.0;A
1996;ES613;70394;LATE_FETAL_DEATH;42.0;A
1996;ES614;70395;LATE_FETAL_DEATH;98.0;A
1996;ES614;70391;LATE_FETAL_DEATH;49.0;A
1996;ES614;70394;LATE_FETAL_DEATH;49.0;A
1996;ES615;70395;LATE_FETAL_DEATH;58.0;A
1996;ES615;70391;LATE_FETAL_DEATH;29.0;A
1996;ES615;70394;LATE_FETAL_DEATH;29.0;A
1996;ES616;70395;LATE_FETAL_DEATH;63.0;A
1996;ES616;70391;LATE_FETAL_DEATH;32.0;A
1996;ES616;70394;LATE_FETAL_DEATH;31.0;A
1996;ES617;70395;LATE_FETAL_DEATH;113.0;A
1996;ES617;70391;LATE_FETAL_DEATH;55.0;A
1996;ES617;70394;LATE_FETAL_DEATH;58.0;A
1996;ES618;70395;LATE_FETAL_DEATH;178.0;A
1996;ES618;70391;LATE_FETAL_DEATH;88.0;A
1996;ES618;70394;LATE_FETAL_DEATH;90.0;A
1996;ES61;70395;LATE_FETAL_DEATH;780.0;A
1996;ES61;70391;LATE_FETAL_DEATH;389.0;A
1996;ES61;70394;LATE_FETAL_DEATH;391.0;A
