D_EDCA_LUGDEF_0;D_MES_0;D_G102_0;D_SEXO_0;D_TEMPORAL_0;D_TERRITORIO_0;INDICATOR;OBS_VALUE;FREQ
838404;55908;838410;3689;2020;3143;Defunciones;;A
838404;55908;838410;3690;2020;3143;Defunciones;;A
838404;55908;838410;3691;2020;3143;Defunciones;;A
838404;55908;838411;3689;2020;3143;Defunciones;;A
838404;55908;838411;3690;2020;3143;Defunciones;;A
838404;55908;838411;3691;2020;3143;Defunciones;;A
838404;55908;57731;3689;2020;3143;Defunciones;1132.0;A
838404;55908;57731;3690;2020;3143;Defunciones;1214.0;A
838404;55908;57731;3691;2020;3143;Defunciones;2346.0;A
838404;55908;583;3689;2020;3143;Defunciones;1132.0;A
838404;55908;583;3690;2020;3143;Defunciones;1214.0;A
838404;55908;583;3691;2020;3143;Defunciones;2346.0;A
838404;55909;838410;3689;2020;3143;Defunciones;;A
838404;55909;838410;3690;2020;3143;Defunciones;;A
838404;55909;838410;3691;2020;3143;Defunciones;;A
838404;55909;838411;3689;2020;3143;Defunciones;;A
838404;55909;838411;3690;2020;3143;Defunciones;;A
838404;55909;838411;3691;2020;3143;Defunciones;;A
838404;55909;57731;3689;2020;3143;Defunciones;966.0;A
838404;55909;57731;3690;2020;3143;Defunciones;1032.0;A
838404;55909;57731;3691;2020;3143;Defunciones;1998.0;A
838404;55909;583;3689;2020;3143;Defunciones;966.0;A
838404;55909;583;3690;2020;3143;Defunciones;1032.0;A
838404;55909;583;3691;2020;3143;Defunciones;1998.0;A
838404;55910;838410;3689;2020;3143;Defunciones;5.0;A
838404;55910;838410;3690;2020;3143;Defunciones;6.0;A
838404;55910;838410;3691;2020;3143;Defunciones;11.0;A
838404;55910;838411;3689;2020;3143;Defunciones;20.0;A
838404;55910;838411;3690;2020;3143;Defunciones;22.0;A
838404;55910;838411;3691;2020;3143;Defunciones;42.0;A
838404;55910;57731;3689;2020;3143;Defunciones;1215.0;A
838404;55910;57731;3690;2020;3143;Defunciones;1282.0;A
838404;55910;57731;3691;2020;3143;Defunciones;2497.0;A
838404;55910;583;3689;2020;3143;Defunciones;1240.0;A
838404;55910;583;3690;2020;3143;Defunciones;1310.0;A
838404;55910;583;3691;2020;3143;Defunciones;2550.0;A
838404;55911;838410;3689;2020;3143;Defunciones;10.0;A
838404;55911;838410;3690;2020;3143;Defunciones;6.0;A
838404;55911;838410;3691;2020;3143;Defunciones;16.0;A
838404;55911;838411;3689;2020;3143;Defunciones;47.0;A
838404;55911;838411;3690;2020;3143;Defunciones;44.0;A
838404;55911;838411;3691;2020;3143;Defunciones;91.0;A
838404;55911;57731;3689;2020;3143;Defunciones;1156.0;A
838404;55911;57731;3690;2020;3143;Defunciones;1201.0;A
838404;55911;57731;3691;2020;3143;Defunciones;2357.0;A
838404;55911;583;3689;2020;3143;Defunciones;1213.0;A
838404;55911;583;3690;2020;3143;Defunciones;1251.0;A
838404;55911;583;3691;2020;3143;Defunciones;2464.0;A
838404;55912;838410;3689;2020;3143;Defunciones;1.0;A
838404;55912;838410;3690;2020;3143;Defunciones;4.0;A
838404;55912;838410;3691;2020;3143;Defunciones;5.0;A
838404;55912;838411;3689;2020;3143;Defunciones;7.0;A
838404;55912;838411;3690;2020;3143;Defunciones;12.0;A
838404;55912;838411;3691;2020;3143;Defunciones;19.0;A
838404;55912;57731;3689;2020;3143;Defunciones;1049.0;A
838404;55912;57731;3690;2020;3143;Defunciones;1114.0;A
838404;55912;57731;3691;2020;3143;Defunciones;2163.0;A
838404;55912;583;3689;2020;3143;Defunciones;1057.0;A
838404;55912;583;3690;2020;3143;Defunciones;1130.0;A
838404;55912;583;3691;2020;3143;Defunciones;2187.0;A
838404;55913;838410;3689;2020;3143;Defunciones;1.0;A
838404;55913;838410;3690;2020;3143;Defunciones;1.0;A
838404;55913;838410;3691;2020;3143;Defunciones;2.0;A
838404;55913;838411;3689;2020;3143;Defunciones;;A
838404;55913;838411;3690;2020;3143;Defunciones;1.0;A
838404;55913;838411;3691;2020;3143;Defunciones;1.0;A
838404;55913;57731;3689;2020;3143;Defunciones;920.0;A
838404;55913;57731;3690;2020;3143;Defunciones;936.0;A
838404;55913;57731;3691;2020;3143;Defunciones;1856.0;A
838404;55913;583;3689;2020;3143;Defunciones;921.0;A
838404;55913;583;3690;2020;3143;Defunciones;938.0;A
838404;55913;583;3691;2020;3143;Defunciones;1859.0;A
838404;55914;838410;3689;2020;3143;Defunciones;;A
838404;55914;838410;3690;2020;3143;Defunciones;;A
838404;55914;838410;3691;2020;3143;Defunciones;;A
838404;55914;838411;3689;2020;3143;Defunciones;3.0;A
838404;55914;838411;3690;2020;3143;Defunciones;4.0;A
838404;55914;838411;3691;2020;3143;Defunciones;7.0;A
838404;55914;57731;3689;2020;3143;Defunciones;1147.0;A
838404;55914;57731;3690;2020;3143;Defunciones;1170.0;A
838404;55914;57731;3691;2020;3143;Defunciones;2317.0;A
838404;55914;583;3689;2020;3143;Defunciones;1150.0;A
838404;55914;583;3690;2020;3143;Defunciones;1174.0;A
838404;55914;583;3691;2020;3143;Defunciones;2324.0;A
838404;55915;838410;3689;2020;3143;Defunciones;1.0;A
838404;55915;838410;3690;2020;3143;Defunciones;;A
838404;55915;838410;3691;2020;3143;Defunciones;1.0;A
838404;55915;838411;3689;2020;3143;Defunciones;4.0;A
838404;55915;838411;3690;2020;3143;Defunciones;4.0;A
838404;55915;838411;3691;2020;3143;Defunciones;8.0;A
838404;55915;57731;3689;2020;3143;Defunciones;1032.0;A
838404;55915;57731;3690;2020;3143;Defunciones;1098.0;A
838404;55915;57731;3691;2020;3143;Defunciones;2130.0;A
838404;55915;583;3689;2020;3143;Defunciones;1037.0;A
838404;55915;583;3690;2020;3143;Defunciones;1102.0;A
838404;55915;583;3691;2020;3143;Defunciones;2139.0;A
838404;55916;838410;3689;2020;3143;Defunciones;14.0;A
838404;55916;838410;3690;2020;3143;Defunciones;15.0;A
838404;55916;838410;3691;2020;3143;Defunciones;29.0;A
838404;55916;838411;3689;2020;3143;Defunciones;3.0;A
838404;55916;838411;3690;2020;3143;Defunciones;2.0;A
838404;55916;838411;3691;2020;3143;Defunciones;5.0;A
838404;55916;57731;3689;2020;3143;Defunciones;969.0;A
838404;55916;57731;3690;2020;3143;Defunciones;940.0;A
838404;55916;57731;3691;2020;3143;Defunciones;1909.0;A
838404;55916;583;3689;2020;3143;Defunciones;986.0;A
838404;55916;583;3690;2020;3143;Defunciones;957.0;A
838404;55916;583;3691;2020;3143;Defunciones;1943.0;A
838404;55917;838410;3689;2020;3143;Defunciones;26.0;A
838404;55917;838410;3690;2020;3143;Defunciones;24.0;A
838404;55917;838410;3691;2020;3143;Defunciones;50.0;A
838404;55917;838411;3689;2020;3143;Defunciones;2.0;A
838404;55917;838411;3690;2020;3143;Defunciones;1.0;A
838404;55917;838411;3691;2020;3143;Defunciones;3.0;A
838404;55917;57731;3689;2020;3143;Defunciones;1054.0;A
838404;55917;57731;3690;2020;3143;Defunciones;1079.0;A
838404;55917;57731;3691;2020;3143;Defunciones;2133.0;A
838404;55917;583;3689;2020;3143;Defunciones;1082.0;A
838404;55917;583;3690;2020;3143;Defunciones;1104.0;A
838404;55917;583;3691;2020;3143;Defunciones;2186.0;A
838404;55918;838410;3689;2020;3143;Defunciones;71.0;A
838404;55918;838410;3690;2020;3143;Defunciones;71.0;A
838404;55918;838410;3691;2020;3143;Defunciones;142.0;A
838404;55918;838411;3689;2020;3143;Defunciones;4.0;A
838404;55918;838411;3690;2020;3143;Defunciones;5.0;A
838404;55918;838411;3691;2020;3143;Defunciones;9.0;A
838404;55918;57731;3689;2020;3143;Defunciones;1154.0;A
838404;55918;57731;3690;2020;3143;Defunciones;1158.0;A
838404;55918;57731;3691;2020;3143;Defunciones;2312.0;A
838404;55918;583;3689;2020;3143;Defunciones;1229.0;A
838404;55918;583;3690;2020;3143;Defunciones;1234.0;A
838404;55918;583;3691;2020;3143;Defunciones;2463.0;A
838404;55919;838410;3689;2020;3143;Defunciones;30.0;A
838404;55919;838410;3690;2020;3143;Defunciones;25.0;A
838404;55919;838410;3691;2020;3143;Defunciones;55.0;A
838404;55919;838411;3689;2020;3143;Defunciones;3.0;A
838404;55919;838411;3690;2020;3143;Defunciones;;A
838404;55919;838411;3691;2020;3143;Defunciones;3.0;A
838404;55919;57731;3689;2020;3143;Defunciones;1145.0;A
838404;55919;57731;3690;2020;3143;Defunciones;1266.0;A
838404;55919;57731;3691;2020;3143;Defunciones;2411.0;A
838404;55919;583;3689;2020;3143;Defunciones;1178.0;A
838404;55919;583;3690;2020;3143;Defunciones;1291.0;A
838404;55919;583;3691;2020;3143;Defunciones;2469.0;A
838404;55920;838410;3689;2020;3143;Defunciones;159.0;A
838404;55920;838410;3690;2020;3143;Defunciones;152.0;A
838404;55920;838410;3691;2020;3143;Defunciones;311.0;A
838404;55920;838411;3689;2020;3143;Defunciones;93.0;A
838404;55920;838411;3690;2020;3143;Defunciones;95.0;A
838404;55920;838411;3691;2020;3143;Defunciones;188.0;A
838404;55920;57731;3689;2020;3143;Defunciones;12939.0;A
838404;55920;57731;3690;2020;3143;Defunciones;13490.0;A
838404;55920;57731;3691;2020;3143;Defunciones;26429.0;A
838404;55920;583;3689;2020;3143;Defunciones;13191.0;A
838404;55920;583;3690;2020;3143;Defunciones;13737.0;A
838404;55920;583;3691;2020;3143;Defunciones;26928.0;A
838405;55908;838410;3689;2020;3143;Defunciones;;A
838405;55908;838410;3690;2020;3143;Defunciones;;A
838405;55908;838410;3691;2020;3143;Defunciones;;A
838405;55908;838411;3689;2020;3143;Defunciones;;A
838405;55908;838411;3690;2020;3143;Defunciones;;A
838405;55908;838411;3691;2020;3143;Defunciones;;A
838405;55908;57731;3689;2020;3143;Defunciones;2196.0;A
838405;55908;57731;3690;2020;3143;Defunciones;1954.0;A
838405;55908;57731;3691;2020;3143;Defunciones;4150.0;A
838405;55908;583;3689;2020;3143;Defunciones;2196.0;A
838405;55908;583;3690;2020;3143;Defunciones;1954.0;A
838405;55908;583;3691;2020;3143;Defunciones;4150.0;A
838405;55909;838410;3689;2020;3143;Defunciones;;A
838405;55909;838410;3690;2020;3143;Defunciones;;A
838405;55909;838410;3691;2020;3143;Defunciones;;A
838405;55909;838411;3689;2020;3143;Defunciones;;A
838405;55909;838411;3690;2020;3143;Defunciones;;A
838405;55909;838411;3691;2020;3143;Defunciones;;A
838405;55909;57731;3689;2020;3143;Defunciones;1729.0;A
838405;55909;57731;3690;2020;3143;Defunciones;1579.0;A
838405;55909;57731;3691;2020;3143;Defunciones;3308.0;A
838405;55909;583;3689;2020;3143;Defunciones;1729.0;A
838405;55909;583;3690;2020;3143;Defunciones;1579.0;A
838405;55909;583;3691;2020;3143;Defunciones;3308.0;A
838405;55910;838410;3689;2020;3143;Defunciones;238.0;A
838405;55910;838410;3690;2020;3143;Defunciones;168.0;A
838405;55910;838410;3691;2020;3143;Defunciones;406.0;A
838405;55910;838411;3689;2020;3143;Defunciones;29.0;A
838405;55910;838411;3690;2020;3143;Defunciones;29.0;A
838405;55910;838411;3691;2020;3143;Defunciones;58.0;A
838405;55910;57731;3689;2020;3143;Defunciones;1574.0;A
838405;55910;57731;3690;2020;3143;Defunciones;1365.0;A
838405;55910;57731;3691;2020;3143;Defunciones;2939.0;A
838405;55910;583;3689;2020;3143;Defunciones;1841.0;A
838405;55910;583;3690;2020;3143;Defunciones;1562.0;A
838405;55910;583;3691;2020;3143;Defunciones;3403.0;A
838405;55911;838410;3689;2020;3143;Defunciones;374.0;A
838405;55911;838410;3690;2020;3143;Defunciones;299.0;A
838405;55911;838410;3691;2020;3143;Defunciones;673.0;A
838405;55911;838411;3689;2020;3143;Defunciones;88.0;A
838405;55911;838411;3690;2020;3143;Defunciones;84.0;A
838405;55911;838411;3691;2020;3143;Defunciones;172.0;A
838405;55911;57731;3689;2020;3143;Defunciones;1227.0;A
838405;55911;57731;3690;2020;3143;Defunciones;1056.0;A
838405;55911;57731;3691;2020;3143;Defunciones;2283.0;A
838405;55911;583;3689;2020;3143;Defunciones;1689.0;A
838405;55911;583;3690;2020;3143;Defunciones;1439.0;A
838405;55911;583;3691;2020;3143;Defunciones;3128.0;A
838405;55912;838410;3689;2020;3143;Defunciones;45.0;A
838405;55912;838410;3690;2020;3143;Defunciones;43.0;A
838405;55912;838410;3691;2020;3143;Defunciones;88.0;A
838405;55912;838411;3689;2020;3143;Defunciones;27.0;A
838405;55912;838411;3690;2020;3143;Defunciones;21.0;A
838405;55912;838411;3691;2020;3143;Defunciones;48.0;A
838405;55912;57731;3689;2020;3143;Defunciones;1408.0;A
838405;55912;57731;3690;2020;3143;Defunciones;1222.0;A
838405;55912;57731;3691;2020;3143;Defunciones;2630.0;A
838405;55912;583;3689;2020;3143;Defunciones;1480.0;A
838405;55912;583;3690;2020;3143;Defunciones;1286.0;A
838405;55912;583;3691;2020;3143;Defunciones;2766.0;A
838405;55913;838410;3689;2020;3143;Defunciones;14.0;A
838405;55913;838410;3690;2020;3143;Defunciones;2.0;A
838405;55913;838410;3691;2020;3143;Defunciones;16.0;A
838405;55913;838411;3689;2020;3143;Defunciones;5.0;A
838405;55913;838411;3690;2020;3143;Defunciones;4.0;A
838405;55913;838411;3691;2020;3143;Defunciones;9.0;A
838405;55913;57731;3689;2020;3143;Defunciones;1358.0;A
838405;55913;57731;3690;2020;3143;Defunciones;1164.0;A
838405;55913;57731;3691;2020;3143;Defunciones;2522.0;A
838405;55913;583;3689;2020;3143;Defunciones;1377.0;A
838405;55913;583;3690;2020;3143;Defunciones;1170.0;A
838405;55913;583;3691;2020;3143;Defunciones;2547.0;A
838405;55914;838410;3689;2020;3143;Defunciones;5.0;A
838405;55914;838410;3690;2020;3143;Defunciones;1.0;A
838405;55914;838410;3691;2020;3143;Defunciones;6.0;A
838405;55914;838411;3689;2020;3143;Defunciones;5.0;A
838405;55914;838411;3690;2020;3143;Defunciones;4.0;A
838405;55914;838411;3691;2020;3143;Defunciones;9.0;A
838405;55914;57731;3689;2020;3143;Defunciones;1547.0;A
838405;55914;57731;3690;2020;3143;Defunciones;1345.0;A
838405;55914;57731;3691;2020;3143;Defunciones;2892.0;A
838405;55914;583;3689;2020;3143;Defunciones;1557.0;A
838405;55914;583;3690;2020;3143;Defunciones;1350.0;A
838405;55914;583;3691;2020;3143;Defunciones;2907.0;A
838405;55915;838410;3689;2020;3143;Defunciones;37.0;A
838405;55915;838410;3690;2020;3143;Defunciones;21.0;A
838405;55915;838410;3691;2020;3143;Defunciones;58.0;A
838405;55915;838411;3689;2020;3143;Defunciones;10.0;A
838405;55915;838411;3690;2020;3143;Defunciones;7.0;A
838405;55915;838411;3691;2020;3143;Defunciones;17.0;A
838405;55915;57731;3689;2020;3143;Defunciones;1547.0;A
838405;55915;57731;3690;2020;3143;Defunciones;1393.0;A
838405;55915;57731;3691;2020;3143;Defunciones;2940.0;A
838405;55915;583;3689;2020;3143;Defunciones;1594.0;A
838405;55915;583;3690;2020;3143;Defunciones;1421.0;A
838405;55915;583;3691;2020;3143;Defunciones;3015.0;A
838405;55916;838410;3689;2020;3143;Defunciones;199.0;A
838405;55916;838410;3690;2020;3143;Defunciones;146.0;A
838405;55916;838410;3691;2020;3143;Defunciones;345.0;A
838405;55916;838411;3689;2020;3143;Defunciones;8.0;A
838405;55916;838411;3690;2020;3143;Defunciones;9.0;A
838405;55916;838411;3691;2020;3143;Defunciones;17.0;A
838405;55916;57731;3689;2020;3143;Defunciones;1389.0;A
838405;55916;57731;3690;2020;3143;Defunciones;1243.0;A
838405;55916;57731;3691;2020;3143;Defunciones;2632.0;A
838405;55916;583;3689;2020;3143;Defunciones;1596.0;A
838405;55916;583;3690;2020;3143;Defunciones;1398.0;A
838405;55916;583;3691;2020;3143;Defunciones;2994.0;A
838405;55917;838410;3689;2020;3143;Defunciones;495.0;A
838405;55917;838410;3690;2020;3143;Defunciones;386.0;A
838405;55917;838410;3691;2020;3143;Defunciones;881.0;A
838405;55917;838411;3689;2020;3143;Defunciones;8.0;A
838405;55917;838411;3690;2020;3143;Defunciones;7.0;A
838405;55917;838411;3691;2020;3143;Defunciones;15.0;A
838405;55917;57731;3689;2020;3143;Defunciones;1541.0;A
838405;55917;57731;3690;2020;3143;Defunciones;1315.0;A
838405;55917;57731;3691;2020;3143;Defunciones;2856.0;A
838405;55917;583;3689;2020;3143;Defunciones;2044.0;A
838405;55917;583;3690;2020;3143;Defunciones;1708.0;A
838405;55917;583;3691;2020;3143;Defunciones;3752.0;A
838405;55918;838410;3689;2020;3143;Defunciones;947.0;A
838405;55918;838410;3690;2020;3143;Defunciones;697.0;A
838405;55918;838410;3691;2020;3143;Defunciones;1644.0;A
838405;55918;838411;3689;2020;3143;Defunciones;11.0;A
838405;55918;838411;3690;2020;3143;Defunciones;8.0;A
838405;55918;838411;3691;2020;3143;Defunciones;19.0;A
838405;55918;57731;3689;2020;3143;Defunciones;1410.0;A
838405;55918;57731;3690;2020;3143;Defunciones;1220.0;A
838405;55918;57731;3691;2020;3143;Defunciones;2630.0;A
838405;55918;583;3689;2020;3143;Defunciones;2368.0;A
838405;55918;583;3690;2020;3143;Defunciones;1925.0;A
838405;55918;583;3691;2020;3143;Defunciones;4293.0;A
838405;55919;838410;3689;2020;3143;Defunciones;405.0;A
838405;55919;838410;3690;2020;3143;Defunciones;278.0;A
838405;55919;838410;3691;2020;3143;Defunciones;683.0;A
838405;55919;838411;3689;2020;3143;Defunciones;13.0;A
838405;55919;838411;3690;2020;3143;Defunciones;4.0;A
838405;55919;838411;3691;2020;3143;Defunciones;17.0;A
838405;55919;57731;3689;2020;3143;Defunciones;1621.0;A
838405;55919;57731;3690;2020;3143;Defunciones;1350.0;A
838405;55919;57731;3691;2020;3143;Defunciones;2971.0;A
838405;55919;583;3689;2020;3143;Defunciones;2039.0;A
838405;55919;583;3690;2020;3143;Defunciones;1632.0;A
838405;55919;583;3691;2020;3143;Defunciones;3671.0;A
838405;55920;838410;3689;2020;3143;Defunciones;2759.0;A
838405;55920;838410;3690;2020;3143;Defunciones;2041.0;A
838405;55920;838410;3691;2020;3143;Defunciones;4800.0;A
838405;55920;838411;3689;2020;3143;Defunciones;204.0;A
838405;55920;838411;3690;2020;3143;Defunciones;177.0;A
838405;55920;838411;3691;2020;3143;Defunciones;381.0;A
838405;55920;57731;3689;2020;3143;Defunciones;18547.0;A
838405;55920;57731;3690;2020;3143;Defunciones;16206.0;A
838405;55920;57731;3691;2020;3143;Defunciones;34753.0;A
838405;55920;583;3689;2020;3143;Defunciones;21510.0;A
838405;55920;583;3690;2020;3143;Defunciones;18424.0;A
838405;55920;583;3691;2020;3143;Defunciones;39934.0;A
838406;55908;838410;3689;2020;3143;Defunciones;;A
838406;55908;838410;3690;2020;3143;Defunciones;;A
838406;55908;838410;3691;2020;3143;Defunciones;;A
838406;55908;838411;3689;2020;3143;Defunciones;;A
838406;55908;838411;3690;2020;3143;Defunciones;;A
838406;55908;838411;3691;2020;3143;Defunciones;;A
838406;55908;57731;3689;2020;3143;Defunciones;250.0;A
838406;55908;57731;3690;2020;3143;Defunciones;409.0;A
838406;55908;57731;3691;2020;3143;Defunciones;659.0;A
838406;55908;583;3689;2020;3143;Defunciones;250.0;A
838406;55908;583;3690;2020;3143;Defunciones;409.0;A
838406;55908;583;3691;2020;3143;Defunciones;659.0;A
838406;55909;838410;3689;2020;3143;Defunciones;;A
838406;55909;838410;3690;2020;3143;Defunciones;;A
838406;55909;838410;3691;2020;3143;Defunciones;;A
838406;55909;838411;3689;2020;3143;Defunciones;;A
838406;55909;838411;3690;2020;3143;Defunciones;;A
838406;55909;838411;3691;2020;3143;Defunciones;;A
838406;55909;57731;3689;2020;3143;Defunciones;208.0;A
838406;55909;57731;3690;2020;3143;Defunciones;388.0;A
838406;55909;57731;3691;2020;3143;Defunciones;596.0;A
838406;55909;583;3689;2020;3143;Defunciones;208.0;A
838406;55909;583;3690;2020;3143;Defunciones;388.0;A
838406;55909;583;3691;2020;3143;Defunciones;596.0;A
838406;55910;838410;3689;2020;3143;Defunciones;8.0;A
838406;55910;838410;3690;2020;3143;Defunciones;28.0;A
838406;55910;838410;3691;2020;3143;Defunciones;36.0;A
838406;55910;838411;3689;2020;3143;Defunciones;12.0;A
838406;55910;838411;3690;2020;3143;Defunciones;23.0;A
838406;55910;838411;3691;2020;3143;Defunciones;35.0;A
838406;55910;57731;3689;2020;3143;Defunciones;283.0;A
838406;55910;57731;3690;2020;3143;Defunciones;451.0;A
838406;55910;57731;3691;2020;3143;Defunciones;734.0;A
838406;55910;583;3689;2020;3143;Defunciones;303.0;A
838406;55910;583;3690;2020;3143;Defunciones;502.0;A
838406;55910;583;3691;2020;3143;Defunciones;805.0;A
838406;55911;838410;3689;2020;3143;Defunciones;57.0;A
838406;55911;838410;3690;2020;3143;Defunciones;107.0;A
838406;55911;838410;3691;2020;3143;Defunciones;164.0;A
838406;55911;838411;3689;2020;3143;Defunciones;31.0;A
838406;55911;838411;3690;2020;3143;Defunciones;49.0;A
838406;55911;838411;3691;2020;3143;Defunciones;80.0;A
838406;55911;57731;3689;2020;3143;Defunciones;197.0;A
838406;55911;57731;3690;2020;3143;Defunciones;440.0;A
838406;55911;57731;3691;2020;3143;Defunciones;637.0;A
838406;55911;583;3689;2020;3143;Defunciones;285.0;A
838406;55911;583;3690;2020;3143;Defunciones;596.0;A
838406;55911;583;3691;2020;3143;Defunciones;881.0;A
838406;55912;838410;3689;2020;3143;Defunciones;5.0;A
838406;55912;838410;3690;2020;3143;Defunciones;11.0;A
838406;55912;838410;3691;2020;3143;Defunciones;16.0;A
838406;55912;838411;3689;2020;3143;Defunciones;1.0;A
838406;55912;838411;3690;2020;3143;Defunciones;3.0;A
838406;55912;838411;3691;2020;3143;Defunciones;4.0;A
838406;55912;57731;3689;2020;3143;Defunciones;185.0;A
838406;55912;57731;3690;2020;3143;Defunciones;295.0;A
838406;55912;57731;3691;2020;3143;Defunciones;480.0;A
838406;55912;583;3689;2020;3143;Defunciones;191.0;A
838406;55912;583;3690;2020;3143;Defunciones;309.0;A
838406;55912;583;3691;2020;3143;Defunciones;500.0;A
838406;55913;838410;3689;2020;3143;Defunciones;1.0;A
838406;55913;838410;3690;2020;3143;Defunciones;;A
838406;55913;838410;3691;2020;3143;Defunciones;1.0;A
838406;55913;838411;3689;2020;3143;Defunciones;2.0;A
838406;55913;838411;3690;2020;3143;Defunciones;;A
838406;55913;838411;3691;2020;3143;Defunciones;2.0;A
838406;55913;57731;3689;2020;3143;Defunciones;173.0;A
838406;55913;57731;3690;2020;3143;Defunciones;302.0;A
838406;55913;57731;3691;2020;3143;Defunciones;475.0;A
838406;55913;583;3689;2020;3143;Defunciones;176.0;A
838406;55913;583;3690;2020;3143;Defunciones;302.0;A
838406;55913;583;3691;2020;3143;Defunciones;478.0;A
838406;55914;838410;3689;2020;3143;Defunciones;;A
838406;55914;838410;3690;2020;3143;Defunciones;;A
838406;55914;838410;3691;2020;3143;Defunciones;;A
838406;55914;838411;3689;2020;3143;Defunciones;;A
838406;55914;838411;3690;2020;3143;Defunciones;;A
838406;55914;838411;3691;2020;3143;Defunciones;;A
838406;55914;57731;3689;2020;3143;Defunciones;186.0;A
838406;55914;57731;3690;2020;3143;Defunciones;351.0;A
838406;55914;57731;3691;2020;3143;Defunciones;537.0;A
838406;55914;583;3689;2020;3143;Defunciones;186.0;A
838406;55914;583;3690;2020;3143;Defunciones;351.0;A
838406;55914;583;3691;2020;3143;Defunciones;537.0;A
838406;55915;838410;3689;2020;3143;Defunciones;1.0;A
838406;55915;838410;3690;2020;3143;Defunciones;5.0;A
838406;55915;838410;3691;2020;3143;Defunciones;6.0;A
838406;55915;838411;3689;2020;3143;Defunciones;1.0;A
838406;55915;838411;3690;2020;3143;Defunciones;;A
838406;55915;838411;3691;2020;3143;Defunciones;1.0;A
838406;55915;57731;3689;2020;3143;Defunciones;180.0;A
838406;55915;57731;3690;2020;3143;Defunciones;341.0;A
838406;55915;57731;3691;2020;3143;Defunciones;521.0;A
838406;55915;583;3689;2020;3143;Defunciones;182.0;A
838406;55915;583;3690;2020;3143;Defunciones;346.0;A
838406;55915;583;3691;2020;3143;Defunciones;528.0;A
838406;55916;838410;3689;2020;3143;Defunciones;13.0;A
838406;55916;838410;3690;2020;3143;Defunciones;26.0;A
838406;55916;838410;3691;2020;3143;Defunciones;39.0;A
838406;55916;838411;3689;2020;3143;Defunciones;;A
838406;55916;838411;3690;2020;3143;Defunciones;3.0;A
838406;55916;838411;3691;2020;3143;Defunciones;3.0;A
838406;55916;57731;3689;2020;3143;Defunciones;165.0;A
838406;55916;57731;3690;2020;3143;Defunciones;297.0;A
838406;55916;57731;3691;2020;3143;Defunciones;462.0;A
838406;55916;583;3689;2020;3143;Defunciones;178.0;A
838406;55916;583;3690;2020;3143;Defunciones;326.0;A
838406;55916;583;3691;2020;3143;Defunciones;504.0;A
838406;55917;838410;3689;2020;3143;Defunciones;31.0;A
838406;55917;838410;3690;2020;3143;Defunciones;89.0;A
838406;55917;838410;3691;2020;3143;Defunciones;120.0;A
838406;55917;838411;3689;2020;3143;Defunciones;;A
838406;55917;838411;3690;2020;3143;Defunciones;;A
838406;55917;838411;3691;2020;3143;Defunciones;;A
838406;55917;57731;3689;2020;3143;Defunciones;183.0;A
838406;55917;57731;3690;2020;3143;Defunciones;312.0;A
838406;55917;57731;3691;2020;3143;Defunciones;495.0;A
838406;55917;583;3689;2020;3143;Defunciones;214.0;A
838406;55917;583;3690;2020;3143;Defunciones;401.0;A
838406;55917;583;3691;2020;3143;Defunciones;615.0;A
838406;55918;838410;3689;2020;3143;Defunciones;79.0;A
838406;55918;838410;3690;2020;3143;Defunciones;130.0;A
838406;55918;838410;3691;2020;3143;Defunciones;209.0;A
838406;55918;838411;3689;2020;3143;Defunciones;3.0;A
838406;55918;838411;3690;2020;3143;Defunciones;;A
838406;55918;838411;3691;2020;3143;Defunciones;3.0;A
838406;55918;57731;3689;2020;3143;Defunciones;189.0;A
838406;55918;57731;3690;2020;3143;Defunciones;318.0;A
838406;55918;57731;3691;2020;3143;Defunciones;507.0;A
838406;55918;583;3689;2020;3143;Defunciones;271.0;A
838406;55918;583;3690;2020;3143;Defunciones;448.0;A
838406;55918;583;3691;2020;3143;Defunciones;719.0;A
838406;55919;838410;3689;2020;3143;Defunciones;19.0;A
838406;55919;838410;3690;2020;3143;Defunciones;37.0;A
838406;55919;838410;3691;2020;3143;Defunciones;56.0;A
838406;55919;838411;3689;2020;3143;Defunciones;;A
838406;55919;838411;3690;2020;3143;Defunciones;2.0;A
838406;55919;838411;3691;2020;3143;Defunciones;2.0;A
838406;55919;57731;3689;2020;3143;Defunciones;182.0;A
838406;55919;57731;3690;2020;3143;Defunciones;341.0;A
838406;55919;57731;3691;2020;3143;Defunciones;523.0;A
838406;55919;583;3689;2020;3143;Defunciones;201.0;A
838406;55919;583;3690;2020;3143;Defunciones;380.0;A
838406;55919;583;3691;2020;3143;Defunciones;581.0;A
838406;55920;838410;3689;2020;3143;Defunciones;214.0;A
838406;55920;838410;3690;2020;3143;Defunciones;433.0;A
838406;55920;838410;3691;2020;3143;Defunciones;647.0;A
838406;55920;838411;3689;2020;3143;Defunciones;50.0;A
838406;55920;838411;3690;2020;3143;Defunciones;80.0;A
838406;55920;838411;3691;2020;3143;Defunciones;130.0;A
838406;55920;57731;3689;2020;3143;Defunciones;2381.0;A
838406;55920;57731;3690;2020;3143;Defunciones;4245.0;A
838406;55920;57731;3691;2020;3143;Defunciones;6626.0;A
838406;55920;583;3689;2020;3143;Defunciones;2645.0;A
838406;55920;583;3690;2020;3143;Defunciones;4758.0;A
838406;55920;583;3691;2020;3143;Defunciones;7403.0;A
OTRO_LUGAR;55908;838410;3689;2020;3143;Defunciones;;A
OTRO_LUGAR;55908;838410;3690;2020;3143;Defunciones;;A
OTRO_LUGAR;55908;838410;3691;2020;3143;Defunciones;;A
OTRO_LUGAR;55908;838411;3689;2020;3143;Defunciones;;A
OTRO_LUGAR;55908;838411;3690;2020;3143;Defunciones;;A
OTRO_LUGAR;55908;838411;3691;2020;3143;Defunciones;;A
OTRO_LUGAR;55908;57731;3689;2020;3143;Defunciones;268.0;A
OTRO_LUGAR;55908;57731;3690;2020;3143;Defunciones;101.0;A
OTRO_LUGAR;55908;57731;3691;2020;3143;Defunciones;369.0;A
OTRO_LUGAR;55908;583;3689;2020;3143;Defunciones;268.0;A
OTRO_LUGAR;55908;583;3690;2020;3143;Defunciones;101.0;A
OTRO_LUGAR;55908;583;3691;2020;3143;Defunciones;369.0;A
OTRO_LUGAR;55909;838410;3689;2020;3143;Defunciones;;A
OTRO_LUGAR;55909;838410;3690;2020;3143;Defunciones;;A
OTRO_LUGAR;55909;838410;3691;2020;3143;Defunciones;;A
OTRO_LUGAR;55909;838411;3689;2020;3143;Defunciones;;A
OTRO_LUGAR;55909;838411;3690;2020;3143;Defunciones;;A
OTRO_LUGAR;55909;838411;3691;2020;3143;Defunciones;;A
OTRO_LUGAR;55909;57731;3689;2020;3143;Defunciones;218.0;A
OTRO_LUGAR;55909;57731;3690;2020;3143;Defunciones;90.0;A
OTRO_LUGAR;55909;57731;3691;2020;3143;Defunciones;308.0;A
OTRO_LUGAR;55909;583;3689;2020;3143;Defunciones;218.0;A
OTRO_LUGAR;55909;583;3690;2020;3143;Defunciones;90.0;A
OTRO_LUGAR;55909;583;3691;2020;3143;Defunciones;308.0;A
OTRO_LUGAR;55910;838410;3689;2020;3143;Defunciones;1.0;A
OTRO_LUGAR;55910;838410;3690;2020;3143;Defunciones;;A
OTRO_LUGAR;55910;838410;3691;2020;3143;Defunciones;1.0;A
OTRO_LUGAR;55910;838411;3689;2020;3143;Defunciones;3.0;A
OTRO_LUGAR;55910;838411;3690;2020;3143;Defunciones;;A
OTRO_LUGAR;55910;838411;3691;2020;3143;Defunciones;3.0;A
OTRO_LUGAR;55910;57731;3689;2020;3143;Defunciones;170.0;A
OTRO_LUGAR;55910;57731;3690;2020;3143;Defunciones;63.0;A
OTRO_LUGAR;55910;57731;3691;2020;3143;Defunciones;233.0;A
OTRO_LUGAR;55910;583;3689;2020;3143;Defunciones;174.0;A
OTRO_LUGAR;55910;583;3690;2020;3143;Defunciones;63.0;A
OTRO_LUGAR;55910;583;3691;2020;3143;Defunciones;237.0;A
OTRO_LUGAR;55911;838410;3689;2020;3143;Defunciones;;A
OTRO_LUGAR;55911;838410;3690;2020;3143;Defunciones;1.0;A
OTRO_LUGAR;55911;838410;3691;2020;3143;Defunciones;1.0;A
OTRO_LUGAR;55911;838411;3689;2020;3143;Defunciones;1.0;A
OTRO_LUGAR;55911;838411;3690;2020;3143;Defunciones;;A
OTRO_LUGAR;55911;838411;3691;2020;3143;Defunciones;1.0;A
OTRO_LUGAR;55911;57731;3689;2020;3143;Defunciones;92.0;A
OTRO_LUGAR;55911;57731;3690;2020;3143;Defunciones;34.0;A
OTRO_LUGAR;55911;57731;3691;2020;3143;Defunciones;126.0;A
OTRO_LUGAR;55911;583;3689;2020;3143;Defunciones;93.0;A
OTRO_LUGAR;55911;583;3690;2020;3143;Defunciones;35.0;A
OTRO_LUGAR;55911;583;3691;2020;3143;Defunciones;128.0;A
OTRO_LUGAR;55912;838410;3689;2020;3143;Defunciones;;A
OTRO_LUGAR;55912;838410;3690;2020;3143;Defunciones;;A
OTRO_LUGAR;55912;838410;3691;2020;3143;Defunciones;;A
OTRO_LUGAR;55912;838411;3689;2020;3143;Defunciones;;A
OTRO_LUGAR;55912;838411;3690;2020;3143;Defunciones;;A
OTRO_LUGAR;55912;838411;3691;2020;3143;Defunciones;;A
OTRO_LUGAR;55912;57731;3689;2020;3143;Defunciones;150.0;A
OTRO_LUGAR;55912;57731;3690;2020;3143;Defunciones;40.0;A
OTRO_LUGAR;55912;57731;3691;2020;3143;Defunciones;190.0;A
OTRO_LUGAR;55912;583;3689;2020;3143;Defunciones;150.0;A
OTRO_LUGAR;55912;583;3690;2020;3143;Defunciones;40.0;A
OTRO_LUGAR;55912;583;3691;2020;3143;Defunciones;190.0;A
OTRO_LUGAR;55913;838410;3689;2020;3143;Defunciones;;A
OTRO_LUGAR;55913;838410;3690;2020;3143;Defunciones;;A
OTRO_LUGAR;55913;838410;3691;2020;3143;Defunciones;;A
OTRO_LUGAR;55913;838411;3689;2020;3143;Defunciones;;A
OTRO_LUGAR;55913;838411;3690;2020;3143;Defunciones;;A
OTRO_LUGAR;55913;838411;3691;2020;3143;Defunciones;;A
OTRO_LUGAR;55913;57731;3689;2020;3143;Defunciones;170.0;A
OTRO_LUGAR;55913;57731;3690;2020;3143;Defunciones;42.0;A
OTRO_LUGAR;55913;57731;3691;2020;3143;Defunciones;212.0;A
OTRO_LUGAR;55913;583;3689;2020;3143;Defunciones;170.0;A
OTRO_LUGAR;55913;583;3690;2020;3143;Defunciones;42.0;A
OTRO_LUGAR;55913;583;3691;2020;3143;Defunciones;212.0;A
OTRO_LUGAR;55914;838410;3689;2020;3143;Defunciones;;A
OTRO_LUGAR;55914;838410;3690;2020;3143;Defunciones;;A
OTRO_LUGAR;55914;838410;3691;2020;3143;Defunciones;;A
OTRO_LUGAR;55914;838411;3689;2020;3143;Defunciones;;A
OTRO_LUGAR;55914;838411;3690;2020;3143;Defunciones;;A
OTRO_LUGAR;55914;838411;3691;2020;3143;Defunciones;;A
OTRO_LUGAR;55914;57731;3689;2020;3143;Defunciones;201.0;A
OTRO_LUGAR;55914;57731;3690;2020;3143;Defunciones;51.0;A
OTRO_LUGAR;55914;57731;3691;2020;3143;Defunciones;252.0;A
OTRO_LUGAR;55914;583;3689;2020;3143;Defunciones;201.0;A
OTRO_LUGAR;55914;583;3690;2020;3143;Defunciones;51.0;A
OTRO_LUGAR;55914;583;3691;2020;3143;Defunciones;252.0;A
OTRO_LUGAR;55915;838410;3689;2020;3143;Defunciones;;A
OTRO_LUGAR;55915;838410;3690;2020;3143;Defunciones;;A
OTRO_LUGAR;55915;838410;3691;2020;3143;Defunciones;;A
OTRO_LUGAR;55915;838411;3689;2020;3143;Defunciones;;A
OTRO_LUGAR;55915;838411;3690;2020;3143;Defunciones;;A
OTRO_LUGAR;55915;838411;3691;2020;3143;Defunciones;;A
OTRO_LUGAR;55915;57731;3689;2020;3143;Defunciones;195.0;A
OTRO_LUGAR;55915;57731;3690;2020;3143;Defunciones;66.0;A
OTRO_LUGAR;55915;57731;3691;2020;3143;Defunciones;261.0;A
OTRO_LUGAR;55915;583;3689;2020;3143;Defunciones;195.0;A
OTRO_LUGAR;55915;583;3690;2020;3143;Defunciones;66.0;A
OTRO_LUGAR;55915;583;3691;2020;3143;Defunciones;261.0;A
OTRO_LUGAR;55916;838410;3689;2020;3143;Defunciones;1.0;A
OTRO_LUGAR;55916;838410;3690;2020;3143;Defunciones;1.0;A
OTRO_LUGAR;55916;838410;3691;2020;3143;Defunciones;2.0;A
OTRO_LUGAR;55916;838411;3689;2020;3143;Defunciones;;A
OTRO_LUGAR;55916;838411;3690;2020;3143;Defunciones;;A
OTRO_LUGAR;55916;838411;3691;2020;3143;Defunciones;;A
OTRO_LUGAR;55916;57731;3689;2020;3143;Defunciones;169.0;A
OTRO_LUGAR;55916;57731;3690;2020;3143;Defunciones;73.0;A
OTRO_LUGAR;55916;57731;3691;2020;3143;Defunciones;242.0;A
OTRO_LUGAR;55916;583;3689;2020;3143;Defunciones;170.0;A
OTRO_LUGAR;55916;583;3690;2020;3143;Defunciones;74.0;A
OTRO_LUGAR;55916;583;3691;2020;3143;Defunciones;244.0;A
OTRO_LUGAR;55917;838410;3689;2020;3143;Defunciones;;A
OTRO_LUGAR;55917;838410;3690;2020;3143;Defunciones;3.0;A
OTRO_LUGAR;55917;838410;3691;2020;3143;Defunciones;3.0;A
OTRO_LUGAR;55917;838411;3689;2020;3143;Defunciones;;A
OTRO_LUGAR;55917;838411;3690;2020;3143;Defunciones;;A
OTRO_LUGAR;55917;838411;3691;2020;3143;Defunciones;;A
OTRO_LUGAR;55917;57731;3689;2020;3143;Defunciones;199.0;A
OTRO_LUGAR;55917;57731;3690;2020;3143;Defunciones;75.0;A
OTRO_LUGAR;55917;57731;3691;2020;3143;Defunciones;274.0;A
OTRO_LUGAR;55917;583;3689;2020;3143;Defunciones;199.0;A
OTRO_LUGAR;55917;583;3690;2020;3143;Defunciones;78.0;A
OTRO_LUGAR;55917;583;3691;2020;3143;Defunciones;277.0;A
OTRO_LUGAR;55918;838410;3689;2020;3143;Defunciones;8.0;A
OTRO_LUGAR;55918;838410;3690;2020;3143;Defunciones;1.0;A
OTRO_LUGAR;55918;838410;3691;2020;3143;Defunciones;9.0;A
OTRO_LUGAR;55918;838411;3689;2020;3143;Defunciones;;A
OTRO_LUGAR;55918;838411;3690;2020;3143;Defunciones;;A
OTRO_LUGAR;55918;838411;3691;2020;3143;Defunciones;;A
OTRO_LUGAR;55918;57731;3689;2020;3143;Defunciones;178.0;A
OTRO_LUGAR;55918;57731;3690;2020;3143;Defunciones;61.0;A
OTRO_LUGAR;55918;57731;3691;2020;3143;Defunciones;239.0;A
OTRO_LUGAR;55918;583;3689;2020;3143;Defunciones;186.0;A
OTRO_LUGAR;55918;583;3690;2020;3143;Defunciones;62.0;A
OTRO_LUGAR;55918;583;3691;2020;3143;Defunciones;248.0;A
OTRO_LUGAR;55919;838410;3689;2020;3143;Defunciones;;A
OTRO_LUGAR;55919;838410;3690;2020;3143;Defunciones;3.0;A
OTRO_LUGAR;55919;838410;3691;2020;3143;Defunciones;3.0;A
OTRO_LUGAR;55919;838411;3689;2020;3143;Defunciones;;A
OTRO_LUGAR;55919;838411;3690;2020;3143;Defunciones;;A
OTRO_LUGAR;55919;838411;3691;2020;3143;Defunciones;;A
OTRO_LUGAR;55919;57731;3689;2020;3143;Defunciones;235.0;A
OTRO_LUGAR;55919;57731;3690;2020;3143;Defunciones;73.0;A
OTRO_LUGAR;55919;57731;3691;2020;3143;Defunciones;308.0;A
OTRO_LUGAR;55919;583;3689;2020;3143;Defunciones;235.0;A
OTRO_LUGAR;55919;583;3690;2020;3143;Defunciones;76.0;A
OTRO_LUGAR;55919;583;3691;2020;3143;Defunciones;311.0;A
OTRO_LUGAR;55920;838410;3689;2020;3143;Defunciones;10.0;A
OTRO_LUGAR;55920;838410;3690;2020;3143;Defunciones;9.0;A
OTRO_LUGAR;55920;838410;3691;2020;3143;Defunciones;19.0;A
OTRO_LUGAR;55920;838411;3689;2020;3143;Defunciones;4.0;A
OTRO_LUGAR;55920;838411;3690;2020;3143;Defunciones;;A
OTRO_LUGAR;55920;838411;3691;2020;3143;Defunciones;4.0;A
OTRO_LUGAR;55920;57731;3689;2020;3143;Defunciones;2245.0;A
OTRO_LUGAR;55920;57731;3690;2020;3143;Defunciones;769.0;A
OTRO_LUGAR;55920;57731;3691;2020;3143;Defunciones;3014.0;A
OTRO_LUGAR;55920;583;3689;2020;3143;Defunciones;2259.0;A
OTRO_LUGAR;55920;583;3690;2020;3143;Defunciones;778.0;A
OTRO_LUGAR;55920;583;3691;2020;3143;Defunciones;3037.0;A
838409;55908;838410;3689;2020;3143;Defunciones;;A
838409;55908;838410;3690;2020;3143;Defunciones;;A
838409;55908;838410;3691;2020;3143;Defunciones;;A
838409;55908;838411;3689;2020;3143;Defunciones;;A
838409;55908;838411;3690;2020;3143;Defunciones;;A
838409;55908;838411;3691;2020;3143;Defunciones;;A
838409;55908;57731;3689;2020;3143;Defunciones;77.0;A
838409;55908;57731;3690;2020;3143;Defunciones;47.0;A
838409;55908;57731;3691;2020;3143;Defunciones;124.0;A
838409;55908;583;3689;2020;3143;Defunciones;77.0;A
838409;55908;583;3690;2020;3143;Defunciones;47.0;A
838409;55908;583;3691;2020;3143;Defunciones;124.0;A
838409;55909;838410;3689;2020;3143;Defunciones;;A
838409;55909;838410;3690;2020;3143;Defunciones;;A
838409;55909;838410;3691;2020;3143;Defunciones;;A
838409;55909;838411;3689;2020;3143;Defunciones;;A
838409;55909;838411;3690;2020;3143;Defunciones;;A
838409;55909;838411;3691;2020;3143;Defunciones;;A
838409;55909;57731;3689;2020;3143;Defunciones;98.0;A
838409;55909;57731;3690;2020;3143;Defunciones;73.0;A
838409;55909;57731;3691;2020;3143;Defunciones;171.0;A
838409;55909;583;3689;2020;3143;Defunciones;98.0;A
838409;55909;583;3690;2020;3143;Defunciones;73.0;A
838409;55909;583;3691;2020;3143;Defunciones;171.0;A
838409;55910;838410;3689;2020;3143;Defunciones;3.0;A
838409;55910;838410;3690;2020;3143;Defunciones;2.0;A
838409;55910;838410;3691;2020;3143;Defunciones;5.0;A
838409;55910;838411;3689;2020;3143;Defunciones;2.0;A
838409;55910;838411;3690;2020;3143;Defunciones;;A
838409;55910;838411;3691;2020;3143;Defunciones;2.0;A
838409;55910;57731;3689;2020;3143;Defunciones;62.0;A
838409;55910;57731;3690;2020;3143;Defunciones;32.0;A
838409;55910;57731;3691;2020;3143;Defunciones;94.0;A
838409;55910;583;3689;2020;3143;Defunciones;67.0;A
838409;55910;583;3690;2020;3143;Defunciones;34.0;A
838409;55910;583;3691;2020;3143;Defunciones;101.0;A
838409;55911;838410;3689;2020;3143;Defunciones;3.0;A
838409;55911;838410;3690;2020;3143;Defunciones;;A
838409;55911;838410;3691;2020;3143;Defunciones;3.0;A
838409;55911;838411;3689;2020;3143;Defunciones;;A
838409;55911;838411;3690;2020;3143;Defunciones;3.0;A
838409;55911;838411;3691;2020;3143;Defunciones;3.0;A
838409;55911;57731;3689;2020;3143;Defunciones;50.0;A
838409;55911;57731;3690;2020;3143;Defunciones;39.0;A
838409;55911;57731;3691;2020;3143;Defunciones;89.0;A
838409;55911;583;3689;2020;3143;Defunciones;53.0;A
838409;55911;583;3690;2020;3143;Defunciones;42.0;A
838409;55911;583;3691;2020;3143;Defunciones;95.0;A
838409;55912;838410;3689;2020;3143;Defunciones;;A
838409;55912;838410;3690;2020;3143;Defunciones;;A
838409;55912;838410;3691;2020;3143;Defunciones;;A
838409;55912;838411;3689;2020;3143;Defunciones;1.0;A
838409;55912;838411;3690;2020;3143;Defunciones;;A
838409;55912;838411;3691;2020;3143;Defunciones;1.0;A
838409;55912;57731;3689;2020;3143;Defunciones;44.0;A
838409;55912;57731;3690;2020;3143;Defunciones;34.0;A
838409;55912;57731;3691;2020;3143;Defunciones;78.0;A
838409;55912;583;3689;2020;3143;Defunciones;45.0;A
838409;55912;583;3690;2020;3143;Defunciones;34.0;A
838409;55912;583;3691;2020;3143;Defunciones;79.0;A
838409;55913;838410;3689;2020;3143;Defunciones;1.0;A
838409;55913;838410;3690;2020;3143;Defunciones;;A
838409;55913;838410;3691;2020;3143;Defunciones;1.0;A
838409;55913;838411;3689;2020;3143;Defunciones;;A
838409;55913;838411;3690;2020;3143;Defunciones;;A
838409;55913;838411;3691;2020;3143;Defunciones;;A
838409;55913;57731;3689;2020;3143;Defunciones;76.0;A
838409;55913;57731;3690;2020;3143;Defunciones;52.0;A
838409;55913;57731;3691;2020;3143;Defunciones;128.0;A
838409;55913;583;3689;2020;3143;Defunciones;77.0;A
838409;55913;583;3690;2020;3143;Defunciones;52.0;A
838409;55913;583;3691;2020;3143;Defunciones;129.0;A
838409;55914;838410;3689;2020;3143;Defunciones;;A
838409;55914;838410;3690;2020;3143;Defunciones;;A
838409;55914;838410;3691;2020;3143;Defunciones;;A
838409;55914;838411;3689;2020;3143;Defunciones;1.0;A
838409;55914;838411;3690;2020;3143;Defunciones;;A
838409;55914;838411;3691;2020;3143;Defunciones;1.0;A
838409;55914;57731;3689;2020;3143;Defunciones;46.0;A
838409;55914;57731;3690;2020;3143;Defunciones;40.0;A
838409;55914;57731;3691;2020;3143;Defunciones;86.0;A
838409;55914;583;3689;2020;3143;Defunciones;47.0;A
838409;55914;583;3690;2020;3143;Defunciones;40.0;A
838409;55914;583;3691;2020;3143;Defunciones;87.0;A
838409;55915;838410;3689;2020;3143;Defunciones;;A
838409;55915;838410;3690;2020;3143;Defunciones;1.0;A
838409;55915;838410;3691;2020;3143;Defunciones;1.0;A
838409;55915;838411;3689;2020;3143;Defunciones;;A
838409;55915;838411;3690;2020;3143;Defunciones;;A
838409;55915;838411;3691;2020;3143;Defunciones;;A
838409;55915;57731;3689;2020;3143;Defunciones;47.0;A
838409;55915;57731;3690;2020;3143;Defunciones;35.0;A
838409;55915;57731;3691;2020;3143;Defunciones;82.0;A
838409;55915;583;3689;2020;3143;Defunciones;47.0;A
838409;55915;583;3690;2020;3143;Defunciones;36.0;A
838409;55915;583;3691;2020;3143;Defunciones;83.0;A
838409;55916;838410;3689;2020;3143;Defunciones;;A
838409;55916;838410;3690;2020;3143;Defunciones;1.0;A
838409;55916;838410;3691;2020;3143;Defunciones;1.0;A
838409;55916;838411;3689;2020;3143;Defunciones;;A
838409;55916;838411;3690;2020;3143;Defunciones;;A
838409;55916;838411;3691;2020;3143;Defunciones;;A
838409;55916;57731;3689;2020;3143;Defunciones;38.0;A
838409;55916;57731;3690;2020;3143;Defunciones;25.0;A
838409;55916;57731;3691;2020;3143;Defunciones;63.0;A
838409;55916;583;3689;2020;3143;Defunciones;38.0;A
838409;55916;583;3690;2020;3143;Defunciones;26.0;A
838409;55916;583;3691;2020;3143;Defunciones;64.0;A
838409;55917;838410;3689;2020;3143;Defunciones;6.0;A
838409;55917;838410;3690;2020;3143;Defunciones;3.0;A
838409;55917;838410;3691;2020;3143;Defunciones;9.0;A
838409;55917;838411;3689;2020;3143;Defunciones;;A
838409;55917;838411;3690;2020;3143;Defunciones;;A
838409;55917;838411;3691;2020;3143;Defunciones;;A
838409;55917;57731;3689;2020;3143;Defunciones;31.0;A
838409;55917;57731;3690;2020;3143;Defunciones;28.0;A
838409;55917;57731;3691;2020;3143;Defunciones;59.0;A
838409;55917;583;3689;2020;3143;Defunciones;37.0;A
838409;55917;583;3690;2020;3143;Defunciones;31.0;A
838409;55917;583;3691;2020;3143;Defunciones;68.0;A
838409;55918;838410;3689;2020;3143;Defunciones;8.0;A
838409;55918;838410;3690;2020;3143;Defunciones;4.0;A
838409;55918;838410;3691;2020;3143;Defunciones;12.0;A
838409;55918;838411;3689;2020;3143;Defunciones;;A
838409;55918;838411;3690;2020;3143;Defunciones;;A
838409;55918;838411;3691;2020;3143;Defunciones;;A
838409;55918;57731;3689;2020;3143;Defunciones;31.0;A
838409;55918;57731;3690;2020;3143;Defunciones;31.0;A
838409;55918;57731;3691;2020;3143;Defunciones;62.0;A
838409;55918;583;3689;2020;3143;Defunciones;39.0;A
838409;55918;583;3690;2020;3143;Defunciones;35.0;A
838409;55918;583;3691;2020;3143;Defunciones;74.0;A
838409;55919;838410;3689;2020;3143;Defunciones;2.0;A
838409;55919;838410;3690;2020;3143;Defunciones;4.0;A
838409;55919;838410;3691;2020;3143;Defunciones;6.0;A
838409;55919;838411;3689;2020;3143;Defunciones;;A
838409;55919;838411;3690;2020;3143;Defunciones;;A
838409;55919;838411;3691;2020;3143;Defunciones;;A
838409;55919;57731;3689;2020;3143;Defunciones;48.0;A
838409;55919;57731;3690;2020;3143;Defunciones;30.0;A
838409;55919;57731;3691;2020;3143;Defunciones;78.0;A
838409;55919;583;3689;2020;3143;Defunciones;50.0;A
838409;55919;583;3690;2020;3143;Defunciones;34.0;A
838409;55919;583;3691;2020;3143;Defunciones;84.0;A
838409;55920;838410;3689;2020;3143;Defunciones;23.0;A
838409;55920;838410;3690;2020;3143;Defunciones;15.0;A
838409;55920;838410;3691;2020;3143;Defunciones;38.0;A
838409;55920;838411;3689;2020;3143;Defunciones;4.0;A
838409;55920;838411;3690;2020;3143;Defunciones;3.0;A
838409;55920;838411;3691;2020;3143;Defunciones;7.0;A
838409;55920;57731;3689;2020;3143;Defunciones;648.0;A
838409;55920;57731;3690;2020;3143;Defunciones;466.0;A
838409;55920;57731;3691;2020;3143;Defunciones;1114.0;A
838409;55920;583;3689;2020;3143;Defunciones;675.0;A
838409;55920;583;3690;2020;3143;Defunciones;484.0;A
838409;55920;583;3691;2020;3143;Defunciones;1159.0;A
838403;55908;838410;3689;2020;3143;Defunciones;;A
838403;55908;838410;3690;2020;3143;Defunciones;;A
838403;55908;838410;3691;2020;3143;Defunciones;;A
838403;55908;838411;3689;2020;3143;Defunciones;;A
838403;55908;838411;3690;2020;3143;Defunciones;;A
838403;55908;838411;3691;2020;3143;Defunciones;;A
838403;55908;57731;3689;2020;3143;Defunciones;3923.0;A
838403;55908;57731;3690;2020;3143;Defunciones;3725.0;A
838403;55908;57731;3691;2020;3143;Defunciones;7648.0;A
838403;55908;583;3689;2020;3143;Defunciones;3923.0;A
838403;55908;583;3690;2020;3143;Defunciones;3725.0;A
838403;55908;583;3691;2020;3143;Defunciones;7648.0;A
838403;55909;838410;3689;2020;3143;Defunciones;;A
838403;55909;838410;3690;2020;3143;Defunciones;;A
838403;55909;838410;3691;2020;3143;Defunciones;;A
838403;55909;838411;3689;2020;3143;Defunciones;;A
838403;55909;838411;3690;2020;3143;Defunciones;;A
838403;55909;838411;3691;2020;3143;Defunciones;;A
838403;55909;57731;3689;2020;3143;Defunciones;3219.0;A
838403;55909;57731;3690;2020;3143;Defunciones;3162.0;A
838403;55909;57731;3691;2020;3143;Defunciones;6381.0;A
838403;55909;583;3689;2020;3143;Defunciones;3219.0;A
838403;55909;583;3690;2020;3143;Defunciones;3162.0;A
838403;55909;583;3691;2020;3143;Defunciones;6381.0;A
838403;55910;838410;3689;2020;3143;Defunciones;255.0;A
838403;55910;838410;3690;2020;3143;Defunciones;204.0;A
838403;55910;838410;3691;2020;3143;Defunciones;459.0;A
838403;55910;838411;3689;2020;3143;Defunciones;66.0;A
838403;55910;838411;3690;2020;3143;Defunciones;74.0;A
838403;55910;838411;3691;2020;3143;Defunciones;140.0;A
838403;55910;57731;3689;2020;3143;Defunciones;3304.0;A
838403;55910;57731;3690;2020;3143;Defunciones;3193.0;A
838403;55910;57731;3691;2020;3143;Defunciones;6497.0;A
838403;55910;583;3689;2020;3143;Defunciones;3625.0;A
838403;55910;583;3690;2020;3143;Defunciones;3471.0;A
838403;55910;583;3691;2020;3143;Defunciones;7096.0;A
838403;55911;838410;3689;2020;3143;Defunciones;444.0;A
838403;55911;838410;3690;2020;3143;Defunciones;413.0;A
838403;55911;838410;3691;2020;3143;Defunciones;857.0;A
838403;55911;838411;3689;2020;3143;Defunciones;167.0;A
838403;55911;838411;3690;2020;3143;Defunciones;180.0;A
838403;55911;838411;3691;2020;3143;Defunciones;347.0;A
838403;55911;57731;3689;2020;3143;Defunciones;2722.0;A
838403;55911;57731;3690;2020;3143;Defunciones;2770.0;A
838403;55911;57731;3691;2020;3143;Defunciones;5492.0;A
838403;55911;583;3689;2020;3143;Defunciones;3333.0;A
838403;55911;583;3690;2020;3143;Defunciones;3363.0;A
838403;55911;583;3691;2020;3143;Defunciones;6696.0;A
838403;55912;838410;3689;2020;3143;Defunciones;51.0;A
838403;55912;838410;3690;2020;3143;Defunciones;58.0;A
838403;55912;838410;3691;2020;3143;Defunciones;109.0;A
838403;55912;838411;3689;2020;3143;Defunciones;36.0;A
838403;55912;838411;3690;2020;3143;Defunciones;36.0;A
838403;55912;838411;3691;2020;3143;Defunciones;72.0;A
838403;55912;57731;3689;2020;3143;Defunciones;2836.0;A
838403;55912;57731;3690;2020;3143;Defunciones;2705.0;A
838403;55912;57731;3691;2020;3143;Defunciones;5541.0;A
838403;55912;583;3689;2020;3143;Defunciones;2923.0;A
838403;55912;583;3690;2020;3143;Defunciones;2799.0;A
838403;55912;583;3691;2020;3143;Defunciones;5722.0;A
838403;55913;838410;3689;2020;3143;Defunciones;17.0;A
838403;55913;838410;3690;2020;3143;Defunciones;3.0;A
838403;55913;838410;3691;2020;3143;Defunciones;20.0;A
838403;55913;838411;3689;2020;3143;Defunciones;7.0;A
838403;55913;838411;3690;2020;3143;Defunciones;5.0;A
838403;55913;838411;3691;2020;3143;Defunciones;12.0;A
838403;55913;57731;3689;2020;3143;Defunciones;2697.0;A
838403;55913;57731;3690;2020;3143;Defunciones;2496.0;A
838403;55913;57731;3691;2020;3143;Defunciones;5193.0;A
838403;55913;583;3689;2020;3143;Defunciones;2721.0;A
838403;55913;583;3690;2020;3143;Defunciones;2504.0;A
838403;55913;583;3691;2020;3143;Defunciones;5225.0;A
838403;55914;838410;3689;2020;3143;Defunciones;5.0;A
838403;55914;838410;3690;2020;3143;Defunciones;1.0;A
838403;55914;838410;3691;2020;3143;Defunciones;6.0;A
838403;55914;838411;3689;2020;3143;Defunciones;9.0;A
838403;55914;838411;3690;2020;3143;Defunciones;8.0;A
838403;55914;838411;3691;2020;3143;Defunciones;17.0;A
838403;55914;57731;3689;2020;3143;Defunciones;3127.0;A
838403;55914;57731;3690;2020;3143;Defunciones;2957.0;A
838403;55914;57731;3691;2020;3143;Defunciones;6084.0;A
838403;55914;583;3689;2020;3143;Defunciones;3141.0;A
838403;55914;583;3690;2020;3143;Defunciones;2966.0;A
838403;55914;583;3691;2020;3143;Defunciones;6107.0;A
838403;55915;838410;3689;2020;3143;Defunciones;39.0;A
838403;55915;838410;3690;2020;3143;Defunciones;27.0;A
838403;55915;838410;3691;2020;3143;Defunciones;66.0;A
838403;55915;838411;3689;2020;3143;Defunciones;15.0;A
838403;55915;838411;3690;2020;3143;Defunciones;11.0;A
838403;55915;838411;3691;2020;3143;Defunciones;26.0;A
838403;55915;57731;3689;2020;3143;Defunciones;3001.0;A
838403;55915;57731;3690;2020;3143;Defunciones;2933.0;A
838403;55915;57731;3691;2020;3143;Defunciones;5934.0;A
838403;55915;583;3689;2020;3143;Defunciones;3055.0;A
838403;55915;583;3690;2020;3143;Defunciones;2971.0;A
838403;55915;583;3691;2020;3143;Defunciones;6026.0;A
838403;55916;838410;3689;2020;3143;Defunciones;227.0;A
838403;55916;838410;3690;2020;3143;Defunciones;189.0;A
838403;55916;838410;3691;2020;3143;Defunciones;416.0;A
838403;55916;838411;3689;2020;3143;Defunciones;11.0;A
838403;55916;838411;3690;2020;3143;Defunciones;14.0;A
838403;55916;838411;3691;2020;3143;Defunciones;25.0;A
838403;55916;57731;3689;2020;3143;Defunciones;2730.0;A
838403;55916;57731;3690;2020;3143;Defunciones;2578.0;A
838403;55916;57731;3691;2020;3143;Defunciones;5308.0;A
838403;55916;583;3689;2020;3143;Defunciones;2968.0;A
838403;55916;583;3690;2020;3143;Defunciones;2781.0;A
838403;55916;583;3691;2020;3143;Defunciones;5749.0;A
838403;55917;838410;3689;2020;3143;Defunciones;558.0;A
838403;55917;838410;3690;2020;3143;Defunciones;505.0;A
838403;55917;838410;3691;2020;3143;Defunciones;1063.0;A
838403;55917;838411;3689;2020;3143;Defunciones;10.0;A
838403;55917;838411;3690;2020;3143;Defunciones;8.0;A
838403;55917;838411;3691;2020;3143;Defunciones;18.0;A
838403;55917;57731;3689;2020;3143;Defunciones;3008.0;A
838403;55917;57731;3690;2020;3143;Defunciones;2809.0;A
838403;55917;57731;3691;2020;3143;Defunciones;5817.0;A
838403;55917;583;3689;2020;3143;Defunciones;3576.0;A
838403;55917;583;3690;2020;3143;Defunciones;3322.0;A
838403;55917;583;3691;2020;3143;Defunciones;6898.0;A
838403;55918;838410;3689;2020;3143;Defunciones;1113.0;A
838403;55918;838410;3690;2020;3143;Defunciones;903.0;A
838403;55918;838410;3691;2020;3143;Defunciones;2016.0;A
838403;55918;838411;3689;2020;3143;Defunciones;18.0;A
838403;55918;838411;3690;2020;3143;Defunciones;13.0;A
838403;55918;838411;3691;2020;3143;Defunciones;31.0;A
838403;55918;57731;3689;2020;3143;Defunciones;2962.0;A
838403;55918;57731;3690;2020;3143;Defunciones;2788.0;A
838403;55918;57731;3691;2020;3143;Defunciones;5750.0;A
838403;55918;583;3689;2020;3143;Defunciones;4093.0;A
838403;55918;583;3690;2020;3143;Defunciones;3704.0;A
838403;55918;583;3691;2020;3143;Defunciones;7797.0;A
838403;55919;838410;3689;2020;3143;Defunciones;456.0;A
838403;55919;838410;3690;2020;3143;Defunciones;347.0;A
838403;55919;838410;3691;2020;3143;Defunciones;803.0;A
838403;55919;838411;3689;2020;3143;Defunciones;16.0;A
838403;55919;838411;3690;2020;3143;Defunciones;6.0;A
838403;55919;838411;3691;2020;3143;Defunciones;22.0;A
838403;55919;57731;3689;2020;3143;Defunciones;3231.0;A
838403;55919;57731;3690;2020;3143;Defunciones;3060.0;A
838403;55919;57731;3691;2020;3143;Defunciones;6291.0;A
838403;55919;583;3689;2020;3143;Defunciones;3703.0;A
838403;55919;583;3690;2020;3143;Defunciones;3413.0;A
838403;55919;583;3691;2020;3143;Defunciones;7116.0;A
838403;55920;838410;3689;2020;3143;Defunciones;3165.0;A
838403;55920;838410;3690;2020;3143;Defunciones;2650.0;A
838403;55920;838410;3691;2020;3143;Defunciones;5815.0;A
838403;55920;838411;3689;2020;3143;Defunciones;355.0;A
838403;55920;838411;3690;2020;3143;Defunciones;355.0;A
838403;55920;838411;3691;2020;3143;Defunciones;710.0;A
838403;55920;57731;3689;2020;3143;Defunciones;36760.0;A
838403;55920;57731;3690;2020;3143;Defunciones;35176.0;A
838403;55920;57731;3691;2020;3143;Defunciones;71936.0;A
838403;55920;583;3689;2020;3143;Defunciones;40280.0;A
838403;55920;583;3690;2020;3143;Defunciones;38181.0;A
838403;55920;583;3691;2020;3143;Defunciones;78461.0;A
