TEMPORAL;CNAE09;TIPO_PERSONAL;SEXO;TERRITORIO;TIPO_EMPRESA;TIPO_ESTAB;ESTUDIOS;INDICATOR;OBS_VALUE;FREQ
2008;7859;215154;_T;ES61;215124;213227;_Z;PERSONAS;382.25432783;A
2008;7859;215154;M;ES61;215124;213227;_Z;PERSONAS;231.693225936;A
2008;7859;215154;F;ES61;215124;213227;_Z;PERSONAS;150.561101894;A
2008;7859;215155;_T;ES61;215124;213227;_Z;PERSONAS;167.04178327;A
2008;7859;215155;M;ES61;215124;213227;_Z;PERSONAS;98.539314435;A
2008;7859;215155;F;ES61;215124;213227;_Z;PERSONAS;68.502468835;A
2008;7859;215156;_T;ES61;215124;213227;_Z;PERSONAS;101.780779002;A
2008;7859;215156;M;ES61;215124;213227;_Z;PERSONAS;67.590988111;A
2008;7859;215156;F;ES61;215124;213227;_Z;PERSONAS;34.189790891;A
2008;7859;215157;_T;ES61;215124;213227;_Z;PERSONAS;113.431765558;A
2008;7859;215157;M;ES61;215124;213227;_Z;PERSONAS;65.56292339;A
2008;7859;215157;F;ES61;215124;213227;_Z;PERSONAS;47.868842168;A
2008;7958;215154;_T;ES61;215124;213227;_Z;PERSONAS;29.911538463;A
2008;7958;215154;M;ES61;215124;213227;_Z;PERSONAS;21.007692309;A
2008;7958;215154;F;ES61;215124;213227;_Z;PERSONAS;8.903846154;A
2008;7958;215155;_T;ES61;215124;213227;_Z;PERSONAS;18.180769231;A
2008;7958;215155;M;ES61;215124;213227;_Z;PERSONAS;14.642307693;A
2008;7958;215155;F;ES61;215124;213227;_Z;PERSONAS;3.538461538;A
2008;7958;215156;_T;ES61;215124;213227;_Z;PERSONAS;7.500000001;A
2008;7958;215156;M;ES61;215124;213227;_Z;PERSONAS;6.365384616;A
2008;7958;215156;F;ES61;215124;213227;_Z;PERSONAS;1.134615385;A
2008;7958;215157;_T;ES61;215124;213227;_Z;PERSONAS;4.230769231;A
2008;7958;215157;M;ES61;215124;213227;_Z;PERSONAS;0.0;A
2008;7958;215157;F;ES61;215124;213227;_Z;PERSONAS;4.230769231;A
2008;7888;215154;_T;ES61;215124;213227;_Z;PERSONAS;9.018952064;A
2008;7888;215154;M;ES61;215124;213227;_Z;PERSONAS;6.84503902;A
2008;7888;215154;F;ES61;215124;213227;_Z;PERSONAS;2.173913044;A
2008;7888;215155;_T;ES61;215124;213227;_Z;PERSONAS;6.84503902;A
2008;7888;215155;M;ES61;215124;213227;_Z;PERSONAS;5.758082498;A
2008;7888;215155;F;ES61;215124;213227;_Z;PERSONAS;1.086956522;A
2008;7888;215156;_T;ES61;215124;213227;_Z;PERSONAS;2.173913044;A
2008;7888;215156;M;ES61;215124;213227;_Z;PERSONAS;1.086956522;A
2008;7888;215156;F;ES61;215124;213227;_Z;PERSONAS;1.086956522;A
2008;7888;215157;_T;ES61;215124;213227;_Z;PERSONAS;0.0;A
2008;7888;215157;M;ES61;215124;213227;_Z;PERSONAS;0.0;A
2008;7888;215157;F;ES61;215124;213227;_Z;PERSONAS;0.0;A
2008;8031;215154;_T;ES61;215124;213227;_Z;PERSONAS;1033.148053973;A
2008;8031;215154;M;ES61;215124;213227;_Z;PERSONAS;795.584852465;A
2008;8031;215154;F;ES61;215124;213227;_Z;PERSONAS;237.563201508;A
2008;8031;215155;_T;ES61;215124;213227;_Z;PERSONAS;385.127540783;A
2008;8031;215155;M;ES61;215124;213227;_Z;PERSONAS;310.803895021;A
2008;8031;215155;F;ES61;215124;213227;_Z;PERSONAS;74.323645762;A
2008;8031;215156;_T;ES61;215124;213227;_Z;PERSONAS;599.180515202;A
2008;8031;215156;M;ES61;215124;213227;_Z;PERSONAS;459.496586259;A
2008;8031;215156;F;ES61;215124;213227;_Z;PERSONAS;139.683928943;A
2008;8031;215157;_T;ES61;215124;213227;_Z;PERSONAS;48.839997988;A
2008;8031;215157;M;ES61;215124;213227;_Z;PERSONAS;25.284371185;A
2008;8031;215157;F;ES61;215124;213227;_Z;PERSONAS;23.555626803;A
2008;8080;215154;_T;ES61;215124;213227;_Z;PERSONAS;71.219641745;A
2008;8080;215154;M;ES61;215124;213227;_Z;PERSONAS;47.709417226;A
2008;8080;215154;F;ES61;215124;213227;_Z;PERSONAS;23.510224519;A
2008;8080;215155;_T;ES61;215124;213227;_Z;PERSONAS;18.746698003;A
2008;8080;215155;M;ES61;215124;213227;_Z;PERSONAS;13.583034338;A
2008;8080;215155;F;ES61;215124;213227;_Z;PERSONAS;5.163663665;A
2008;8080;215156;_T;ES61;215124;213227;_Z;PERSONAS;41.269240033;A
2008;8080;215156;M;ES61;215124;213227;_Z;PERSONAS;30.052308812;A
2008;8080;215156;F;ES61;215124;213227;_Z;PERSONAS;11.216931221;A
2008;8080;215157;_T;ES61;215124;213227;_Z;PERSONAS;11.203703709;A
2008;8080;215157;M;ES61;215124;213227;_Z;PERSONAS;4.074074076;A
2008;8080;215157;F;ES61;215124;213227;_Z;PERSONAS;7.129629633;A
2008;8165;215154;_T;ES61;215124;213227;_Z;PERSONAS;2436.64396811;A
2008;8165;215154;M;ES61;215124;213227;_Z;PERSONAS;1549.79608816;A
2008;8165;215154;F;ES61;215124;213227;_Z;PERSONAS;886.84787995;A
2008;8165;215155;_T;ES61;215124;213227;_Z;PERSONAS;1272.513257724;A
2008;8165;215155;M;ES61;215124;213227;_Z;PERSONAS;840.282428555;A
2008;8165;215155;F;ES61;215124;213227;_Z;PERSONAS;432.230829169;A
2008;8165;215156;_T;ES61;215124;213227;_Z;PERSONAS;762.117139109;A
2008;8165;215156;M;ES61;215124;213227;_Z;PERSONAS;480.43412686;A
2008;8165;215156;F;ES61;215124;213227;_Z;PERSONAS;281.683012249;A
2008;8165;215157;_T;ES61;215124;213227;_Z;PERSONAS;402.013571277;A
2008;8165;215157;M;ES61;215124;213227;_Z;PERSONAS;229.079532745;A
2008;8165;215157;F;ES61;215124;213227;_Z;PERSONAS;172.934038532;A
2008;8255;215154;_T;ES61;215124;213227;_Z;PERSONAS;63.112375987;A
2008;8255;215154;M;ES61;215124;213227;_Z;PERSONAS;42.919413022;A
2008;8255;215154;F;ES61;215124;213227;_Z;PERSONAS;20.192962965;A
2008;8255;215155;_T;ES61;215124;213227;_Z;PERSONAS;46.552114636;A
2008;8255;215155;M;ES61;215124;213227;_Z;PERSONAS;31.598533911;A
2008;8255;215155;F;ES61;215124;213227;_Z;PERSONAS;14.953580725;A
2008;8255;215156;_T;ES61;215124;213227;_Z;PERSONAS;15.440570231;A
2008;8255;215156;M;ES61;215124;213227;_Z;PERSONAS;10.201187991;A
2008;8255;215156;F;ES61;215124;213227;_Z;PERSONAS;5.23938224;A
2008;8255;215157;_T;ES61;215124;213227;_Z;PERSONAS;1.11969112;A
2008;8255;215157;M;ES61;215124;213227;_Z;PERSONAS;1.11969112;A
2008;8255;215157;F;ES61;215124;213227;_Z;PERSONAS;0.0;A
2008;8345;215154;_T;ES61;215124;213227;_Z;PERSONAS;186.666565325;A
2008;8345;215154;M;ES61;215124;213227;_Z;PERSONAS;88.17134574;A
2008;8345;215154;F;ES61;215124;213227;_Z;PERSONAS;98.495219585;A
2008;8345;215155;_T;ES61;215124;213227;_Z;PERSONAS;106.761006885;A
2008;8345;215155;M;ES61;215124;213227;_Z;PERSONAS;65.333584952;A
2008;8345;215155;F;ES61;215124;213227;_Z;PERSONAS;41.427421933;A
2008;8345;215156;_T;ES61;215124;213227;_Z;PERSONAS;53.411974561;A
2008;8345;215156;M;ES61;215124;213227;_Z;PERSONAS;12.673722368;A
2008;8345;215156;F;ES61;215124;213227;_Z;PERSONAS;40.738252193;A
2008;8345;215157;_T;ES61;215124;213227;_Z;PERSONAS;26.493583879;A
2008;8345;215157;M;ES61;215124;213227;_Z;PERSONAS;10.16403842;A
2008;8345;215157;F;ES61;215124;213227;_Z;PERSONAS;16.329545459;A
2008;8385;215154;_T;ES61;215124;213227;_Z;PERSONAS;24.827931656;A
2008;8385;215154;M;ES61;215124;213227;_Z;PERSONAS;18.497978561;A
2008;8385;215154;F;ES61;215124;213227;_Z;PERSONAS;6.329953095;A
2008;8385;215155;_T;ES61;215124;213227;_Z;PERSONAS;12.609839181;A
2008;8385;215155;M;ES61;215124;213227;_Z;PERSONAS;6.279886086;A
2008;8385;215155;F;ES61;215124;213227;_Z;PERSONAS;6.329953095;A
2008;8385;215156;_T;ES61;215124;213227;_Z;PERSONAS;12.218092475;A
2008;8385;215156;M;ES61;215124;213227;_Z;PERSONAS;12.218092475;A
2008;8385;215156;F;ES61;215124;213227;_Z;PERSONAS;0.0;A
2008;8385;215157;_T;ES61;215124;213227;_Z;PERSONAS;0.0;A
2008;8385;215157;M;ES61;215124;213227;_Z;PERSONAS;0.0;A
2008;8385;215157;F;ES61;215124;213227;_Z;PERSONAS;0.0;A
2008;8426;215154;_T;ES61;215124;213227;_Z;PERSONAS;230.379927304;A
2008;8426;215154;M;ES61;215124;213227;_Z;PERSONAS;105.827889728;A
2008;8426;215154;F;ES61;215124;213227;_Z;PERSONAS;124.552037576;A
2008;8426;215155;_T;ES61;215124;213227;_Z;PERSONAS;145.97836247;A
2008;8426;215155;M;ES61;215124;213227;_Z;PERSONAS;73.53851653;A
2008;8426;215155;F;ES61;215124;213227;_Z;PERSONAS;72.43984594;A
2008;8426;215156;_T;ES61;215124;213227;_Z;PERSONAS;56.913297616;A
2008;8426;215156;M;ES61;215124;213227;_Z;PERSONAS;26.695385954;A
2008;8426;215156;F;ES61;215124;213227;_Z;PERSONAS;30.217911662;A
2008;8426;215157;_T;ES61;215124;213227;_Z;PERSONAS;27.488267218;A
2008;8426;215157;M;ES61;215124;213227;_Z;PERSONAS;5.593987244;A
2008;8426;215157;F;ES61;215124;213227;_Z;PERSONAS;21.894279974;A
2009;7859;215154;_T;ES61;215124;213227;_Z;PERSONAS;207.369799495;A
2009;7859;215154;M;ES61;215124;213227;_Z;PERSONAS;149.379353069;A
2009;7859;215154;F;ES61;215124;213227;_Z;PERSONAS;57.990446426;A
2009;7859;215155;_T;ES61;215124;213227;_Z;PERSONAS;86.199051868;A
2009;7859;215155;M;ES61;215124;213227;_Z;PERSONAS;61.988198932;A
2009;7859;215155;F;ES61;215124;213227;_Z;PERSONAS;24.210852936;A
2009;7859;215156;_T;ES61;215124;213227;_Z;PERSONAS;60.501189154;A
2009;7859;215156;M;ES61;215124;213227;_Z;PERSONAS;42.083113889;A
2009;7859;215156;F;ES61;215124;213227;_Z;PERSONAS;18.418075265;A
2009;7859;215157;_T;ES61;215124;213227;_Z;PERSONAS;60.669558473;A
2009;7859;215157;M;ES61;215124;213227;_Z;PERSONAS;45.308040248;A
2009;7859;215157;F;ES61;215124;213227;_Z;PERSONAS;15.361518225;A
2009;7958;215154;_T;ES61;215124;213227;_Z;PERSONAS;47.950866847;A
2009;7958;215154;M;ES61;215124;213227;_Z;PERSONAS;35.670745925;A
2009;7958;215154;F;ES61;215124;213227;_Z;PERSONAS;12.280120922;A
2009;7958;215155;_T;ES61;215124;213227;_Z;PERSONAS;22.402280014;A
2009;7958;215155;M;ES61;215124;213227;_Z;PERSONAS;17.325575468;A
2009;7958;215155;F;ES61;215124;213227;_Z;PERSONAS;5.076704546;A
2009;7958;215156;_T;ES61;215124;213227;_Z;PERSONAS;17.33664773;A
2009;7958;215156;M;ES61;215124;213227;_Z;PERSONAS;15.298295457;A
2009;7958;215156;F;ES61;215124;213227;_Z;PERSONAS;2.038352273;A
2009;7958;215157;_T;ES61;215124;213227;_Z;PERSONAS;8.211939103;A
2009;7958;215157;M;ES61;215124;213227;_Z;PERSONAS;3.046875;A
2009;7958;215157;F;ES61;215124;213227;_Z;PERSONAS;5.165064103;A
2009;7888;215154;_T;ES61;215124;213227;_Z;PERSONAS;55.239202658;A
2009;7888;215154;M;ES61;215124;213227;_Z;PERSONAS;55.239202658;A
2009;7888;215154;F;ES61;215124;213227;_Z;PERSONAS;0.0;A
2009;7888;215155;_T;ES61;215124;213227;_Z;PERSONAS;28.762458472;A
2009;7888;215155;M;ES61;215124;213227;_Z;PERSONAS;28.762458472;A
2009;7888;215155;F;ES61;215124;213227;_Z;PERSONAS;0.0;A
2009;7888;215156;_T;ES61;215124;213227;_Z;PERSONAS;26.476744186;A
2009;7888;215156;M;ES61;215124;213227;_Z;PERSONAS;26.476744186;A
2009;7888;215156;F;ES61;215124;213227;_Z;PERSONAS;0.0;A
2009;7888;215157;_T;ES61;215124;213227;_Z;PERSONAS;0.0;A
2009;7888;215157;M;ES61;215124;213227;_Z;PERSONAS;0.0;A
2009;7888;215157;F;ES61;215124;213227;_Z;PERSONAS;0.0;A
2009;8031;215154;_T;ES61;215124;213227;_Z;PERSONAS;1295.812532458;A
2009;8031;215154;M;ES61;215124;213227;_Z;PERSONAS;1037.941132586;A
2009;8031;215154;F;ES61;215124;213227;_Z;PERSONAS;257.871399872;A
2009;8031;215155;_T;ES61;215124;213227;_Z;PERSONAS;506.371718642;A
2009;8031;215155;M;ES61;215124;213227;_Z;PERSONAS;425.035507969;A
2009;8031;215155;F;ES61;215124;213227;_Z;PERSONAS;81.336210673;A
2009;8031;215156;_T;ES61;215124;213227;_Z;PERSONAS;694.729789206;A
2009;8031;215156;M;ES61;215124;213227;_Z;PERSONAS;551.963228722;A
2009;8031;215156;F;ES61;215124;213227;_Z;PERSONAS;142.766560484;A
2009;8031;215157;_T;ES61;215124;213227;_Z;PERSONAS;94.71102461;A
2009;8031;215157;M;ES61;215124;213227;_Z;PERSONAS;60.942395895;A
2009;8031;215157;F;ES61;215124;213227;_Z;PERSONAS;33.768628715;A
2009;8080;215154;_T;ES61;215124;213227;_Z;PERSONAS;39.2935669;A
2009;8080;215154;M;ES61;215124;213227;_Z;PERSONAS;27.964059198;A
2009;8080;215154;F;ES61;215124;213227;_Z;PERSONAS;11.329507702;A
2009;8080;215155;_T;ES61;215124;213227;_Z;PERSONAS;14.40742978;A
2009;8080;215155;M;ES61;215124;213227;_Z;PERSONAS;9.27755965;A
2009;8080;215155;F;ES61;215124;213227;_Z;PERSONAS;5.12987013;A
2009;8080;215156;_T;ES61;215124;213227;_Z;PERSONAS;18.730292964;A
2009;8080;215156;M;ES61;215124;213227;_Z;PERSONAS;14.582603444;A
2009;8080;215156;F;ES61;215124;213227;_Z;PERSONAS;4.14768952;A
2009;8080;215157;_T;ES61;215124;213227;_Z;PERSONAS;6.155844156;A
2009;8080;215157;M;ES61;215124;213227;_Z;PERSONAS;4.103896104;A
2009;8080;215157;F;ES61;215124;213227;_Z;PERSONAS;2.051948052;A
2009;8165;215154;_T;ES61;215124;213227;_Z;PERSONAS;2775.858932071;A
2009;8165;215154;M;ES61;215124;213227;_Z;PERSONAS;1687.910955843;A
2009;8165;215154;F;ES61;215124;213227;_Z;PERSONAS;1087.947976228;A
2009;8165;215155;_T;ES61;215124;213227;_Z;PERSONAS;1342.199299528;A
2009;8165;215155;M;ES61;215124;213227;_Z;PERSONAS;874.616597321;A
2009;8165;215155;F;ES61;215124;213227;_Z;PERSONAS;467.582702207;A
2009;8165;215156;_T;ES61;215124;213227;_Z;PERSONAS;953.515193761;A
2009;8165;215156;M;ES61;215124;213227;_Z;PERSONAS;583.872688112;A
2009;8165;215156;F;ES61;215124;213227;_Z;PERSONAS;369.642505649;A
2009;8165;215157;_T;ES61;215124;213227;_Z;PERSONAS;480.144438782;A
2009;8165;215157;M;ES61;215124;213227;_Z;PERSONAS;229.42167041;A
2009;8165;215157;F;ES61;215124;213227;_Z;PERSONAS;250.722768372;A
2009;8255;215154;_T;ES61;215124;213227;_Z;PERSONAS;147.60748276;A
2009;8255;215154;M;ES61;215124;213227;_Z;PERSONAS;92.697310611;A
2009;8255;215154;F;ES61;215124;213227;_Z;PERSONAS;54.910172149;A
2009;8255;215155;_T;ES61;215124;213227;_Z;PERSONAS;94.454232489;A
2009;8255;215155;M;ES61;215124;213227;_Z;PERSONAS;68.69636232;A
2009;8255;215155;F;ES61;215124;213227;_Z;PERSONAS;25.757870169;A
2009;8255;215156;_T;ES61;215124;213227;_Z;PERSONAS;45.263244083;A
2009;8255;215156;M;ES61;215124;213227;_Z;PERSONAS;17.214902499;A
2009;8255;215156;F;ES61;215124;213227;_Z;PERSONAS;28.048341584;A
2009;8255;215157;_T;ES61;215124;213227;_Z;PERSONAS;7.890006188;A
2009;8255;215157;M;ES61;215124;213227;_Z;PERSONAS;6.786045792;A
2009;8255;215157;F;ES61;215124;213227;_Z;PERSONAS;1.103960396;A
2009;8345;215154;_T;ES61;215124;213227;_Z;PERSONAS;253.751119296;A
2009;8345;215154;M;ES61;215124;213227;_Z;PERSONAS;115.73151203;A
2009;8345;215154;F;ES61;215124;213227;_Z;PERSONAS;138.019607266;A
2009;8345;215155;_T;ES61;215124;213227;_Z;PERSONAS;188.318657615;A
2009;8345;215155;M;ES61;215124;213227;_Z;PERSONAS;85.77127257;A
2009;8345;215155;F;ES61;215124;213227;_Z;PERSONAS;102.547385045;A
2009;8345;215156;_T;ES61;215124;213227;_Z;PERSONAS;50.726906126;A
2009;8345;215156;M;ES61;215124;213227;_Z;PERSONAS;27.96023946;A
2009;8345;215156;F;ES61;215124;213227;_Z;PERSONAS;22.766666666;A
2009;8345;215157;_T;ES61;215124;213227;_Z;PERSONAS;14.705555555;A
2009;8345;215157;M;ES61;215124;213227;_Z;PERSONAS;2.0;A
2009;8345;215157;F;ES61;215124;213227;_Z;PERSONAS;12.705555555;A
2009;8385;215154;_T;ES61;215124;213227;_Z;PERSONAS;19.555555555;A
2009;8385;215154;M;ES61;215124;213227;_Z;PERSONAS;14.222222222;A
2009;8385;215154;F;ES61;215124;213227;_Z;PERSONAS;5.333333333;A
2009;8385;215155;_T;ES61;215124;213227;_Z;PERSONAS;10.555555555;A
2009;8385;215155;M;ES61;215124;213227;_Z;PERSONAS;7.222222222;A
2009;8385;215155;F;ES61;215124;213227;_Z;PERSONAS;3.333333333;A
2009;8385;215156;_T;ES61;215124;213227;_Z;PERSONAS;9.0;A
2009;8385;215156;M;ES61;215124;213227;_Z;PERSONAS;7.0;A
2009;8385;215156;F;ES61;215124;213227;_Z;PERSONAS;2.0;A
2009;8385;215157;_T;ES61;215124;213227;_Z;PERSONAS;0.0;A
2009;8385;215157;M;ES61;215124;213227;_Z;PERSONAS;0.0;A
2009;8385;215157;F;ES61;215124;213227;_Z;PERSONAS;0.0;A
2009;8426;215154;_T;ES61;215124;213227;_Z;PERSONAS;145.807663756;A
2009;8426;215154;M;ES61;215124;213227;_Z;PERSONAS;82.923488142;A
2009;8426;215154;F;ES61;215124;213227;_Z;PERSONAS;62.884175614;A
2009;8426;215155;_T;ES61;215124;213227;_Z;PERSONAS;66.818611959;A
2009;8426;215155;M;ES61;215124;213227;_Z;PERSONAS;37.229231385;A
2009;8426;215155;F;ES61;215124;213227;_Z;PERSONAS;29.589380574;A
2009;8426;215156;_T;ES61;215124;213227;_Z;PERSONAS;69.855461064;A
2009;8426;215156;M;ES61;215124;213227;_Z;PERSONAS;44.694256757;A
2009;8426;215156;F;ES61;215124;213227;_Z;PERSONAS;25.161204307;A
2009;8426;215157;_T;ES61;215124;213227;_Z;PERSONAS;9.133590733;A
2009;8426;215157;M;ES61;215124;213227;_Z;PERSONAS;1.0;A
2009;8426;215157;F;ES61;215124;213227;_Z;PERSONAS;8.133590733;A
2010;7859;215154;_T;ES61;215124;213227;_Z;PERSONAS;353.05786183;A
2010;7859;215154;M;ES61;215124;213227;_Z;PERSONAS;231.214504472;A
2010;7859;215154;F;ES61;215124;213227;_Z;PERSONAS;121.843357358;A
2010;7859;215155;_T;ES61;215124;213227;_Z;PERSONAS;97.11368691;A
2010;7859;215155;M;ES61;215124;213227;_Z;PERSONAS;72.235645978;A
2010;7859;215155;F;ES61;215124;213227;_Z;PERSONAS;24.878040932;A
2010;7859;215156;_T;ES61;215124;213227;_Z;PERSONAS;193.35119858;A
2010;7859;215156;M;ES61;215124;213227;_Z;PERSONAS;117.665453031;A
2010;7859;215156;F;ES61;215124;213227;_Z;PERSONAS;75.685745549;A
2010;7859;215157;_T;ES61;215124;213227;_Z;PERSONAS;62.59297634;A
2010;7859;215157;M;ES61;215124;213227;_Z;PERSONAS;41.313405463;A
2010;7859;215157;F;ES61;215124;213227;_Z;PERSONAS;21.279570877;A
2010;7958;215154;_T;ES61;215124;213227;_Z;PERSONAS;54.205080363;A
2010;7958;215154;M;ES61;215124;213227;_Z;PERSONAS;43.979468311;A
2010;7958;215154;F;ES61;215124;213227;_Z;PERSONAS;10.225612052;A
2010;7958;215155;_T;ES61;215124;213227;_Z;PERSONAS;16.8077169;A
2010;7958;215155;M;ES61;215124;213227;_Z;PERSONAS;13.73992029;A
2010;7958;215155;F;ES61;215124;213227;_Z;PERSONAS;3.06779661;A
2010;7958;215156;_T;ES61;215124;213227;_Z;PERSONAS;27.393973633;A
2010;7958;215156;M;ES61;215124;213227;_Z;PERSONAS;25.371751411;A
2010;7958;215156;F;ES61;215124;213227;_Z;PERSONAS;2.022222222;A
2010;7958;215157;_T;ES61;215124;213227;_Z;PERSONAS;10.00338983;A
2010;7958;215157;M;ES61;215124;213227;_Z;PERSONAS;4.86779661;A
2010;7958;215157;F;ES61;215124;213227;_Z;PERSONAS;5.13559322;A
2010;7888;215154;_T;ES61;215124;213227;_Z;PERSONAS;4.25;A
2010;7888;215154;M;ES61;215124;213227;_Z;PERSONAS;1.0;A
2010;7888;215154;F;ES61;215124;213227;_Z;PERSONAS;3.25;A
2010;7888;215155;_T;ES61;215124;213227;_Z;PERSONAS;2.125;A
2010;7888;215155;M;ES61;215124;213227;_Z;PERSONAS;1.0;A
2010;7888;215155;F;ES61;215124;213227;_Z;PERSONAS;1.125;A
2010;7888;215156;_T;ES61;215124;213227;_Z;PERSONAS;2.125;A
2010;7888;215156;M;ES61;215124;213227;_Z;PERSONAS;0.0;A
2010;7888;215156;F;ES61;215124;213227;_Z;PERSONAS;2.125;A
2010;7888;215157;_T;ES61;215124;213227;_Z;PERSONAS;0.0;A
2010;7888;215157;M;ES61;215124;213227;_Z;PERSONAS;0.0;A
2010;7888;215157;F;ES61;215124;213227;_Z;PERSONAS;0.0;A
2010;8031;215154;_T;ES61;215124;213227;_Z;PERSONAS;1608.214788462;A
2010;8031;215154;M;ES61;215124;213227;_Z;PERSONAS;1263.677276799;A
2010;8031;215154;F;ES61;215124;213227;_Z;PERSONAS;344.537511663;A
2010;8031;215155;_T;ES61;215124;213227;_Z;PERSONAS;633.303626727;A
2010;8031;215155;M;ES61;215124;213227;_Z;PERSONAS;507.004964432;A
2010;8031;215155;F;ES61;215124;213227;_Z;PERSONAS;126.298662295;A
2010;8031;215156;_T;ES61;215124;213227;_Z;PERSONAS;883.42160369;A
2010;8031;215156;M;ES61;215124;213227;_Z;PERSONAS;705.771608516;A
2010;8031;215156;F;ES61;215124;213227;_Z;PERSONAS;177.649995174;A
2010;8031;215157;_T;ES61;215124;213227;_Z;PERSONAS;91.489558045;A
2010;8031;215157;M;ES61;215124;213227;_Z;PERSONAS;50.900703851;A
2010;8031;215157;F;ES61;215124;213227;_Z;PERSONAS;40.588854194;A
2010;8080;215154;_T;ES61;215124;213227;_Z;PERSONAS;23.748858445;A
2010;8080;215154;M;ES61;215124;213227;_Z;PERSONAS;20.133072405;A
2010;8080;215154;F;ES61;215124;213227;_Z;PERSONAS;3.61578604;A
2010;8080;215155;_T;ES61;215124;213227;_Z;PERSONAS;5.65688193;A
2010;8080;215155;M;ES61;215124;213227;_Z;PERSONAS;4.636333985;A
2010;8080;215155;F;ES61;215124;213227;_Z;PERSONAS;1.020547945;A
2010;8080;215156;_T;ES61;215124;213227;_Z;PERSONAS;13.591976515;A
2010;8080;215156;M;ES61;215124;213227;_Z;PERSONAS;10.99673842;A
2010;8080;215156;F;ES61;215124;213227;_Z;PERSONAS;2.595238095;A
2010;8080;215157;_T;ES61;215124;213227;_Z;PERSONAS;4.5;A
2010;8080;215157;M;ES61;215124;213227;_Z;PERSONAS;4.5;A
2010;8080;215157;F;ES61;215124;213227;_Z;PERSONAS;0.0;A
2010;8165;215154;_T;ES61;215124;213227;_Z;PERSONAS;3128.346350151;A
2010;8165;215154;M;ES61;215124;213227;_Z;PERSONAS;2001.877396438;A
2010;8165;215154;F;ES61;215124;213227;_Z;PERSONAS;1126.468953713;A
2010;8165;215155;_T;ES61;215124;213227;_Z;PERSONAS;1593.987151484;A
2010;8165;215155;M;ES61;215124;213227;_Z;PERSONAS;1068.200754754;A
2010;8165;215155;F;ES61;215124;213227;_Z;PERSONAS;525.78639673;A
2010;8165;215156;_T;ES61;215124;213227;_Z;PERSONAS;1094.113457366;A
2010;8165;215156;M;ES61;215124;213227;_Z;PERSONAS;693.748872165;A
2010;8165;215156;F;ES61;215124;213227;_Z;PERSONAS;400.364585201;A
2010;8165;215157;_T;ES61;215124;213227;_Z;PERSONAS;440.245741301;A
2010;8165;215157;M;ES61;215124;213227;_Z;PERSONAS;239.927769519;A
2010;8165;215157;F;ES61;215124;213227;_Z;PERSONAS;200.317971782;A
2010;8255;215154;_T;ES61;215124;213227;_Z;PERSONAS;68.019388469;A
2010;8255;215154;M;ES61;215124;213227;_Z;PERSONAS;46.060381027;A
2010;8255;215154;F;ES61;215124;213227;_Z;PERSONAS;21.959007442;A
2010;8255;215155;_T;ES61;215124;213227;_Z;PERSONAS;33.601508986;A
2010;8255;215155;M;ES61;215124;213227;_Z;PERSONAS;20.206538864;A
2010;8255;215155;F;ES61;215124;213227;_Z;PERSONAS;13.394970122;A
2010;8255;215156;_T;ES61;215124;213227;_Z;PERSONAS;31.131619941;A
2010;8255;215156;M;ES61;215124;213227;_Z;PERSONAS;25.853842163;A
2010;8255;215156;F;ES61;215124;213227;_Z;PERSONAS;5.277777778;A
2010;8255;215157;_T;ES61;215124;213227;_Z;PERSONAS;3.286259542;A
2010;8255;215157;M;ES61;215124;213227;_Z;PERSONAS;0.0;A
2010;8255;215157;F;ES61;215124;213227;_Z;PERSONAS;3.286259542;A
2010;8345;215154;_T;ES61;215124;213227;_Z;PERSONAS;406.303746239;A
2010;8345;215154;M;ES61;215124;213227;_Z;PERSONAS;132.165509268;A
2010;8345;215154;F;ES61;215124;213227;_Z;PERSONAS;274.138236971;A
2010;8345;215155;_T;ES61;215124;213227;_Z;PERSONAS;72.390902397;A
2010;8345;215155;M;ES61;215124;213227;_Z;PERSONAS;35.394003919;A
2010;8345;215155;F;ES61;215124;213227;_Z;PERSONAS;36.996898478;A
2010;8345;215156;_T;ES61;215124;213227;_Z;PERSONAS;48.151543913;A
2010;8345;215156;M;ES61;215124;213227;_Z;PERSONAS;12.34408602;A
2010;8345;215156;F;ES61;215124;213227;_Z;PERSONAS;35.807457893;A
2010;8345;215157;_T;ES61;215124;213227;_Z;PERSONAS;285.761299929;A
2010;8345;215157;M;ES61;215124;213227;_Z;PERSONAS;84.427419329;A
2010;8345;215157;F;ES61;215124;213227;_Z;PERSONAS;201.3338806;A
2010;8385;215154;_T;ES61;215124;213227;_Z;PERSONAS;31.428120609;A
2010;8385;215154;M;ES61;215124;213227;_Z;PERSONAS;14.798387093;A
2010;8385;215154;F;ES61;215124;213227;_Z;PERSONAS;16.629733516;A
2010;8385;215155;_T;ES61;215124;213227;_Z;PERSONAS;16.629733516;A
2010;8385;215155;M;ES61;215124;213227;_Z;PERSONAS;6.443548385;A
2010;8385;215155;F;ES61;215124;213227;_Z;PERSONAS;10.186185131;A
2010;8385;215156;_T;ES61;215124;213227;_Z;PERSONAS;12.620967739;A
2010;8385;215156;M;ES61;215124;213227;_Z;PERSONAS;7.266129031;A
2010;8385;215156;F;ES61;215124;213227;_Z;PERSONAS;5.354838708;A
2010;8385;215157;_T;ES61;215124;213227;_Z;PERSONAS;2.177419354;A
2010;8385;215157;M;ES61;215124;213227;_Z;PERSONAS;1.088709677;A
2010;8385;215157;F;ES61;215124;213227;_Z;PERSONAS;1.088709677;A
2010;8426;215154;_T;ES61;215124;213227;_Z;PERSONAS;196.229783402;A
2010;8426;215154;M;ES61;215124;213227;_Z;PERSONAS;97.678660046;A
2010;8426;215154;F;ES61;215124;213227;_Z;PERSONAS;98.551123356;A
2010;8426;215155;_T;ES61;215124;213227;_Z;PERSONAS;99.171677531;A
2010;8426;215155;M;ES61;215124;213227;_Z;PERSONAS;50.430727872;A
2010;8426;215155;F;ES61;215124;213227;_Z;PERSONAS;48.740949659;A
2010;8426;215156;_T;ES61;215124;213227;_Z;PERSONAS;77.058105871;A
2010;8426;215156;M;ES61;215124;213227;_Z;PERSONAS;40.247932174;A
2010;8426;215156;F;ES61;215124;213227;_Z;PERSONAS;36.810173697;A
2010;8426;215157;_T;ES61;215124;213227;_Z;PERSONAS;20.0;A
2010;8426;215157;M;ES61;215124;213227;_Z;PERSONAS;7.0;A
2010;8426;215157;F;ES61;215124;213227;_Z;PERSONAS;13.0;A
2011;7859;215154;_T;ES61;215124;213227;_Z;PERSONAS;238.528161849;A
2011;7859;215154;M;ES61;215124;213227;_Z;PERSONAS;156.898120948;A
2011;7859;215154;F;ES61;215124;213227;_Z;PERSONAS;81.630040901;A
2011;7859;215155;_T;ES61;215124;213227;_Z;PERSONAS;79.102282129;A
2011;7859;215155;M;ES61;215124;213227;_Z;PERSONAS;55.431369292;A
2011;7859;215155;F;ES61;215124;213227;_Z;PERSONAS;23.670912837;A
2011;7859;215156;_T;ES61;215124;213227;_Z;PERSONAS;98.163488341;A
2011;7859;215156;M;ES61;215124;213227;_Z;PERSONAS;59.050152249;A
2011;7859;215156;F;ES61;215124;213227;_Z;PERSONAS;39.113336092;A
2011;7859;215157;_T;ES61;215124;213227;_Z;PERSONAS;61.262391379;A
2011;7859;215157;M;ES61;215124;213227;_Z;PERSONAS;42.416599407;A
2011;7859;215157;F;ES61;215124;213227;_Z;PERSONAS;18.845791972;A
2011;7958;215154;_T;ES61;215124;213227;_Z;PERSONAS;34.0;A
2011;7958;215154;M;ES61;215124;213227;_Z;PERSONAS;25.0;A
2011;7958;215154;F;ES61;215124;213227;_Z;PERSONAS;9.0;A
2011;7958;215155;_T;ES61;215124;213227;_Z;PERSONAS;5.0;A
2011;7958;215155;M;ES61;215124;213227;_Z;PERSONAS;3.0;A
2011;7958;215155;F;ES61;215124;213227;_Z;PERSONAS;2.0;A
2011;7958;215156;_T;ES61;215124;213227;_Z;PERSONAS;29.0;A
2011;7958;215156;M;ES61;215124;213227;_Z;PERSONAS;22.0;A
2011;7958;215156;F;ES61;215124;213227;_Z;PERSONAS;7.0;A
2011;7958;215157;_T;ES61;215124;213227;_Z;PERSONAS;0.0;A
2011;7958;215157;M;ES61;215124;213227;_Z;PERSONAS;0.0;A
2011;7958;215157;F;ES61;215124;213227;_Z;PERSONAS;0.0;A
2011;7888;215154;_T;ES61;215124;213227;_Z;PERSONAS;4.068376068;A
2011;7888;215154;M;ES61;215124;213227;_Z;PERSONAS;3.051282051;A
2011;7888;215154;F;ES61;215124;213227;_Z;PERSONAS;1.017094017;A
2011;7888;215155;_T;ES61;215124;213227;_Z;PERSONAS;1.017094017;A
2011;7888;215155;M;ES61;215124;213227;_Z;PERSONAS;1.017094017;A
2011;7888;215155;F;ES61;215124;213227;_Z;PERSONAS;0.0;A
2011;7888;215156;_T;ES61;215124;213227;_Z;PERSONAS;3.051282051;A
2011;7888;215156;M;ES61;215124;213227;_Z;PERSONAS;2.034188034;A
2011;7888;215156;F;ES61;215124;213227;_Z;PERSONAS;1.017094017;A
2011;7888;215157;_T;ES61;215124;213227;_Z;PERSONAS;0.0;A
2011;7888;215157;M;ES61;215124;213227;_Z;PERSONAS;0.0;A
2011;7888;215157;F;ES61;215124;213227;_Z;PERSONAS;0.0;A
2011;8031;215154;_T;ES61;215124;213227;_Z;PERSONAS;1402.355388596;A
2011;8031;215154;M;ES61;215124;213227;_Z;PERSONAS;1092.820067276;A
2011;8031;215154;F;ES61;215124;213227;_Z;PERSONAS;309.53532132;A
2011;8031;215155;_T;ES61;215124;213227;_Z;PERSONAS;571.733248551;A
2011;8031;215155;M;ES61;215124;213227;_Z;PERSONAS;466.631874038;A
2011;8031;215155;F;ES61;215124;213227;_Z;PERSONAS;105.101374513;A
2011;8031;215156;_T;ES61;215124;213227;_Z;PERSONAS;754.101880415;A
2011;8031;215156;M;ES61;215124;213227;_Z;PERSONAS;588.73901675;A
2011;8031;215156;F;ES61;215124;213227;_Z;PERSONAS;165.362863665;A
2011;8031;215157;_T;ES61;215124;213227;_Z;PERSONAS;76.52025963;A
2011;8031;215157;M;ES61;215124;213227;_Z;PERSONAS;37.449176488;A
2011;8031;215157;F;ES61;215124;213227;_Z;PERSONAS;39.071083142;A
2011;8080;215154;_T;ES61;215124;213227;_Z;PERSONAS;15.145833331;A
2011;8080;215154;M;ES61;215124;213227;_Z;PERSONAS;12.124999998;A
2011;8080;215154;F;ES61;215124;213227;_Z;PERSONAS;3.020833333;A
2011;8080;215155;_T;ES61;215124;213227;_Z;PERSONAS;8.020833333;A
2011;8080;215155;M;ES61;215124;213227;_Z;PERSONAS;6.020833333;A
2011;8080;215155;F;ES61;215124;213227;_Z;PERSONAS;2.0;A
2011;8080;215156;_T;ES61;215124;213227;_Z;PERSONAS;7.124999998;A
2011;8080;215156;M;ES61;215124;213227;_Z;PERSONAS;6.104166665;A
2011;8080;215156;F;ES61;215124;213227;_Z;PERSONAS;1.020833333;A
2011;8080;215157;_T;ES61;215124;213227;_Z;PERSONAS;0.0;A
2011;8080;215157;M;ES61;215124;213227;_Z;PERSONAS;0.0;A
2011;8080;215157;F;ES61;215124;213227;_Z;PERSONAS;0.0;A
2011;8165;215154;_T;ES61;215124;213227;_Z;PERSONAS;3440.662758664;A
2011;8165;215154;M;ES61;215124;213227;_Z;PERSONAS;2195.892264621;A
2011;8165;215154;F;ES61;215124;213227;_Z;PERSONAS;1244.770494043;A
2011;8165;215155;_T;ES61;215124;213227;_Z;PERSONAS;1784.866898824;A
2011;8165;215155;M;ES61;215124;213227;_Z;PERSONAS;1177.958377511;A
2011;8165;215155;F;ES61;215124;213227;_Z;PERSONAS;606.908521313;A
2011;8165;215156;_T;ES61;215124;213227;_Z;PERSONAS;1267.074927549;A
2011;8165;215156;M;ES61;215124;213227;_Z;PERSONAS;829.437509586;A
2011;8165;215156;F;ES61;215124;213227;_Z;PERSONAS;437.637417963;A
2011;8165;215157;_T;ES61;215124;213227;_Z;PERSONAS;388.720932291;A
2011;8165;215157;M;ES61;215124;213227;_Z;PERSONAS;188.496377524;A
2011;8165;215157;F;ES61;215124;213227;_Z;PERSONAS;200.224554767;A
2011;8255;215154;_T;ES61;215124;213227;_Z;PERSONAS;76.572970825;A
2011;8255;215154;M;ES61;215124;213227;_Z;PERSONAS;57.492879199;A
2011;8255;215154;F;ES61;215124;213227;_Z;PERSONAS;19.080091626;A
2011;8255;215155;_T;ES61;215124;213227;_Z;PERSONAS;43.536742073;A
2011;8255;215155;M;ES61;215124;213227;_Z;PERSONAS;31.420155903;A
2011;8255;215155;F;ES61;215124;213227;_Z;PERSONAS;12.11658617;A
2011;8255;215156;_T;ES61;215124;213227;_Z;PERSONAS;23.412608812;A
2011;8255;215156;M;ES61;215124;213227;_Z;PERSONAS;21.260913326;A
2011;8255;215156;F;ES61;215124;213227;_Z;PERSONAS;2.151695486;A
2011;8255;215157;_T;ES61;215124;213227;_Z;PERSONAS;9.62361994;A
2011;8255;215157;M;ES61;215124;213227;_Z;PERSONAS;4.81180997;A
2011;8255;215157;F;ES61;215124;213227;_Z;PERSONAS;4.81180997;A
2011;8345;215154;_T;ES61;215124;213227;_Z;PERSONAS;136.901615473;A
2011;8345;215154;M;ES61;215124;213227;_Z;PERSONAS;69.092696745;A
2011;8345;215154;F;ES61;215124;213227;_Z;PERSONAS;67.808918728;A
2011;8345;215155;_T;ES61;215124;213227;_Z;PERSONAS;61.611495702;A
2011;8345;215155;M;ES61;215124;213227;_Z;PERSONAS;27.670306332;A
2011;8345;215155;F;ES61;215124;213227;_Z;PERSONAS;33.94118937;A
2011;8345;215156;_T;ES61;215124;213227;_Z;PERSONAS;28.831953641;A
2011;8345;215156;M;ES61;215124;213227;_Z;PERSONAS;6.662251655;A
2011;8345;215156;F;ES61;215124;213227;_Z;PERSONAS;22.169701986;A
2011;8345;215157;_T;ES61;215124;213227;_Z;PERSONAS;46.45816613;A
2011;8345;215157;M;ES61;215124;213227;_Z;PERSONAS;34.760138758;A
2011;8345;215157;F;ES61;215124;213227;_Z;PERSONAS;11.698027372;A
2011;8385;215154;_T;ES61;215124;213227;_Z;PERSONAS;19.506222749;A
2011;8385;215154;M;ES61;215124;213227;_Z;PERSONAS;10.457231233;A
2011;8385;215154;F;ES61;215124;213227;_Z;PERSONAS;9.048991516;A
2011;8385;215155;_T;ES61;215124;213227;_Z;PERSONAS;11.30191613;A
2011;8385;215155;M;ES61;215124;213227;_Z;PERSONAS;4.27687671;A
2011;8385;215155;F;ES61;215124;213227;_Z;PERSONAS;7.02503942;A
2011;8385;215156;_T;ES61;215124;213227;_Z;PERSONAS;7.071856288;A
2011;8385;215156;M;ES61;215124;213227;_Z;PERSONAS;5.047904192;A
2011;8385;215156;F;ES61;215124;213227;_Z;PERSONAS;2.023952096;A
2011;8385;215157;_T;ES61;215124;213227;_Z;PERSONAS;1.132450331;A
2011;8385;215157;M;ES61;215124;213227;_Z;PERSONAS;1.132450331;A
2011;8385;215157;F;ES61;215124;213227;_Z;PERSONAS;0.0;A
2011;8426;215154;_T;ES61;215124;213227;_Z;PERSONAS;204.83948535;A
2011;8426;215154;M;ES61;215124;213227;_Z;PERSONAS;102.997818629;A
2011;8426;215154;F;ES61;215124;213227;_Z;PERSONAS;101.841666721;A
2011;8426;215155;_T;ES61;215124;213227;_Z;PERSONAS;90.884708599;A
2011;8426;215155;M;ES61;215124;213227;_Z;PERSONAS;45.554143168;A
2011;8426;215155;F;ES61;215124;213227;_Z;PERSONAS;45.330565431;A
2011;8426;215156;_T;ES61;215124;213227;_Z;PERSONAS;87.280415924;A
2011;8426;215156;M;ES61;215124;213227;_Z;PERSONAS;51.34869984;A
2011;8426;215156;F;ES61;215124;213227;_Z;PERSONAS;35.931716084;A
2011;8426;215157;_T;ES61;215124;213227;_Z;PERSONAS;26.674360827;A
2011;8426;215157;M;ES61;215124;213227;_Z;PERSONAS;6.094975621;A
2011;8426;215157;F;ES61;215124;213227;_Z;PERSONAS;20.579385206;A
2012;7859;215154;_T;ES61;215124;213227;_Z;PERSONAS;212.941501538;A
2012;7859;215154;M;ES61;215124;213227;_Z;PERSONAS;148.151243829;A
2012;7859;215154;F;ES61;215124;213227;_Z;PERSONAS;64.790257709;A
2012;7859;215155;_T;ES61;215124;213227;_Z;PERSONAS;77.778943856;A
2012;7859;215155;M;ES61;215124;213227;_Z;PERSONAS;53.735647047;A
2012;7859;215155;F;ES61;215124;213227;_Z;PERSONAS;24.043296809;A
2012;7859;215156;_T;ES61;215124;213227;_Z;PERSONAS;66.545543483;A
2012;7859;215156;M;ES61;215124;213227;_Z;PERSONAS;46.891485171;A
2012;7859;215156;F;ES61;215124;213227;_Z;PERSONAS;19.654058312;A
2012;7859;215157;_T;ES61;215124;213227;_Z;PERSONAS;68.617014199;A
2012;7859;215157;M;ES61;215124;213227;_Z;PERSONAS;47.524111611;A
2012;7859;215157;F;ES61;215124;213227;_Z;PERSONAS;21.092902588;A
2012;7958;215154;_T;ES61;215124;213227;_Z;PERSONAS;0.0;A
2012;7958;215154;M;ES61;215124;213227;_Z;PERSONAS;0.0;A
2012;7958;215154;F;ES61;215124;213227;_Z;PERSONAS;0.0;A
2012;7958;215155;_T;ES61;215124;213227;_Z;PERSONAS;0.0;A
2012;7958;215155;M;ES61;215124;213227;_Z;PERSONAS;0.0;A
2012;7958;215155;F;ES61;215124;213227;_Z;PERSONAS;0.0;A
2012;7958;215156;_T;ES61;215124;213227;_Z;PERSONAS;0.0;A
2012;7958;215156;M;ES61;215124;213227;_Z;PERSONAS;0.0;A
2012;7958;215156;F;ES61;215124;213227;_Z;PERSONAS;0.0;A
2012;7958;215157;_T;ES61;215124;213227;_Z;PERSONAS;0.0;A
2012;7958;215157;M;ES61;215124;213227;_Z;PERSONAS;0.0;A
2012;7958;215157;F;ES61;215124;213227;_Z;PERSONAS;0.0;A
2012;7888;215154;_T;ES61;215124;213227;_Z;PERSONAS;2.0;A
2012;7888;215154;M;ES61;215124;213227;_Z;PERSONAS;2.0;A
2012;7888;215154;F;ES61;215124;213227;_Z;PERSONAS;0.0;A
2012;7888;215155;_T;ES61;215124;213227;_Z;PERSONAS;2.0;A
2012;7888;215155;M;ES61;215124;213227;_Z;PERSONAS;2.0;A
2012;7888;215155;F;ES61;215124;213227;_Z;PERSONAS;0.0;A
2012;7888;215156;_T;ES61;215124;213227;_Z;PERSONAS;0.0;A
2012;7888;215156;M;ES61;215124;213227;_Z;PERSONAS;0.0;A
2012;7888;215156;F;ES61;215124;213227;_Z;PERSONAS;0.0;A
2012;7888;215157;_T;ES61;215124;213227;_Z;PERSONAS;0.0;A
2012;7888;215157;M;ES61;215124;213227;_Z;PERSONAS;0.0;A
2012;7888;215157;F;ES61;215124;213227;_Z;PERSONAS;0.0;A
2012;8031;215154;_T;ES61;215124;213227;_Z;PERSONAS;1324.35020898;A
2012;8031;215154;M;ES61;215124;213227;_Z;PERSONAS;1006.272466022;A
2012;8031;215154;F;ES61;215124;213227;_Z;PERSONAS;318.077742958;A
2012;8031;215155;_T;ES61;215124;213227;_Z;PERSONAS;415.400750469;A
2012;8031;215155;M;ES61;215124;213227;_Z;PERSONAS;332.612006356;A
2012;8031;215155;F;ES61;215124;213227;_Z;PERSONAS;82.788744113;A
2012;8031;215156;_T;ES61;215124;213227;_Z;PERSONAS;867.519043384;A
2012;8031;215156;M;ES61;215124;213227;_Z;PERSONAS;650.740920931;A
2012;8031;215156;F;ES61;215124;213227;_Z;PERSONAS;216.778122453;A
2012;8031;215157;_T;ES61;215124;213227;_Z;PERSONAS;41.430415127;A
2012;8031;215157;M;ES61;215124;213227;_Z;PERSONAS;22.919538735;A
2012;8031;215157;F;ES61;215124;213227;_Z;PERSONAS;18.510876392;A
2012;8080;215154;_T;ES61;215124;213227;_Z;PERSONAS;11.264150943;A
2012;8080;215154;M;ES61;215124;213227;_Z;PERSONAS;9.226415094;A
2012;8080;215154;F;ES61;215124;213227;_Z;PERSONAS;2.037735849;A
2012;8080;215155;_T;ES61;215124;213227;_Z;PERSONAS;4.037735849;A
2012;8080;215155;M;ES61;215124;213227;_Z;PERSONAS;3.037735849;A
2012;8080;215155;F;ES61;215124;213227;_Z;PERSONAS;1.0;A
2012;8080;215156;_T;ES61;215124;213227;_Z;PERSONAS;7.226415094;A
2012;8080;215156;M;ES61;215124;213227;_Z;PERSONAS;6.188679245;A
2012;8080;215156;F;ES61;215124;213227;_Z;PERSONAS;1.037735849;A
2012;8080;215157;_T;ES61;215124;213227;_Z;PERSONAS;0.0;A
2012;8080;215157;M;ES61;215124;213227;_Z;PERSONAS;0.0;A
2012;8080;215157;F;ES61;215124;213227;_Z;PERSONAS;0.0;A
2012;8165;215154;_T;ES61;215124;213227;_Z;PERSONAS;3205.377852474;A
2012;8165;215154;M;ES61;215124;213227;_Z;PERSONAS;2064.75098347;A
2012;8165;215154;F;ES61;215124;213227;_Z;PERSONAS;1140.626869004;A
2012;8165;215155;_T;ES61;215124;213227;_Z;PERSONAS;1718.492815166;A
2012;8165;215155;M;ES61;215124;213227;_Z;PERSONAS;1119.414930025;A
2012;8165;215155;F;ES61;215124;213227;_Z;PERSONAS;599.077885141;A
2012;8165;215156;_T;ES61;215124;213227;_Z;PERSONAS;1108.031680926;A
2012;8165;215156;M;ES61;215124;213227;_Z;PERSONAS;742.43789895;A
2012;8165;215156;F;ES61;215124;213227;_Z;PERSONAS;365.593781976;A
2012;8165;215157;_T;ES61;215124;213227;_Z;PERSONAS;378.853356382;A
2012;8165;215157;M;ES61;215124;213227;_Z;PERSONAS;202.898154495;A
2012;8165;215157;F;ES61;215124;213227;_Z;PERSONAS;175.955201887;A
2012;8255;215154;_T;ES61;215124;213227;_Z;PERSONAS;53.424817006;A
2012;8255;215154;M;ES61;215124;213227;_Z;PERSONAS;40.849807202;A
2012;8255;215154;F;ES61;215124;213227;_Z;PERSONAS;12.575009804;A
2012;8255;215155;_T;ES61;215124;213227;_Z;PERSONAS;21.576851338;A
2012;8255;215155;M;ES61;215124;213227;_Z;PERSONAS;17.919943126;A
2012;8255;215155;F;ES61;215124;213227;_Z;PERSONAS;3.656908212;A
2012;8255;215156;_T;ES61;215124;213227;_Z;PERSONAS;28.532030814;A
2012;8255;215156;M;ES61;215124;213227;_Z;PERSONAS;22.929864076;A
2012;8255;215156;F;ES61;215124;213227;_Z;PERSONAS;5.602166738;A
2012;8255;215157;_T;ES61;215124;213227;_Z;PERSONAS;3.315934854;A
2012;8255;215157;M;ES61;215124;213227;_Z;PERSONAS;0.0;A
2012;8255;215157;F;ES61;215124;213227;_Z;PERSONAS;3.315934854;A
2012;8345;215154;_T;ES61;215124;213227;_Z;PERSONAS;127.42640641;A
2012;8345;215154;M;ES61;215124;213227;_Z;PERSONAS;40.931976132;A
2012;8345;215154;F;ES61;215124;213227;_Z;PERSONAS;86.494430278;A
2012;8345;215155;_T;ES61;215124;213227;_Z;PERSONAS;67.129350568;A
2012;8345;215155;M;ES61;215124;213227;_Z;PERSONAS;27.616508118;A
2012;8345;215155;F;ES61;215124;213227;_Z;PERSONAS;39.51284245;A
2012;8345;215156;_T;ES61;215124;213227;_Z;PERSONAS;29.837138286;A
2012;8345;215156;M;ES61;215124;213227;_Z;PERSONAS;6.179111316;A
2012;8345;215156;F;ES61;215124;213227;_Z;PERSONAS;23.65802697;A
2012;8345;215157;_T;ES61;215124;213227;_Z;PERSONAS;30.459917556;A
2012;8345;215157;M;ES61;215124;213227;_Z;PERSONAS;7.136356698;A
2012;8345;215157;F;ES61;215124;213227;_Z;PERSONAS;23.323560858;A
2012;8385;215154;_T;ES61;215124;213227;_Z;PERSONAS;19.566339066;A
2012;8385;215154;M;ES61;215124;213227;_Z;PERSONAS;8.702088452;A
2012;8385;215154;F;ES61;215124;213227;_Z;PERSONAS;10.864250614;A
2012;8385;215155;_T;ES61;215124;213227;_Z;PERSONAS;10.972051597;A
2012;8385;215155;M;ES61;215124;213227;_Z;PERSONAS;6.432125307;A
2012;8385;215155;F;ES61;215124;213227;_Z;PERSONAS;4.53992629;A
2012;8385;215156;_T;ES61;215124;213227;_Z;PERSONAS;4.378071253;A
2012;8385;215156;M;ES61;215124;213227;_Z;PERSONAS;2.269963145;A
2012;8385;215156;F;ES61;215124;213227;_Z;PERSONAS;2.108108108;A
2012;8385;215157;_T;ES61;215124;213227;_Z;PERSONAS;4.216216216;A
2012;8385;215157;M;ES61;215124;213227;_Z;PERSONAS;0.0;A
2012;8385;215157;F;ES61;215124;213227;_Z;PERSONAS;4.216216216;A
2012;8426;215154;_T;ES61;215124;213227;_Z;PERSONAS;158.979626773;A
2012;8426;215154;M;ES61;215124;213227;_Z;PERSONAS;80.854651286;A
2012;8426;215154;F;ES61;215124;213227;_Z;PERSONAS;78.124975487;A
2012;8426;215155;_T;ES61;215124;213227;_Z;PERSONAS;98.719619357;A
2012;8426;215155;M;ES61;215124;213227;_Z;PERSONAS;47.536228737;A
2012;8426;215155;F;ES61;215124;213227;_Z;PERSONAS;51.18339062;A
2012;8426;215156;_T;ES61;215124;213227;_Z;PERSONAS;51.225086454;A
2012;8426;215156;M;ES61;215124;213227;_Z;PERSONAS;32.19937493;A
2012;8426;215156;F;ES61;215124;213227;_Z;PERSONAS;19.025711524;A
2012;8426;215157;_T;ES61;215124;213227;_Z;PERSONAS;9.034920962;A
2012;8426;215157;M;ES61;215124;213227;_Z;PERSONAS;1.119047619;A
2012;8426;215157;F;ES61;215124;213227;_Z;PERSONAS;7.915873343;A
2013;7859;215154;_T;ES61;215124;213227;_Z;PERSONAS;264.892930094;A
2013;7859;215154;M;ES61;215124;213227;_Z;PERSONAS;186.824009505;A
2013;7859;215154;F;ES61;215124;213227;_Z;PERSONAS;78.068920589;A
2013;7859;215155;_T;ES61;215124;213227;_Z;PERSONAS;70.958678397;A
2013;7859;215155;M;ES61;215124;213227;_Z;PERSONAS;50.752692043;A
2013;7859;215155;F;ES61;215124;213227;_Z;PERSONAS;20.205986354;A
2013;7859;215156;_T;ES61;215124;213227;_Z;PERSONAS;111.750064089;A
2013;7859;215156;M;ES61;215124;213227;_Z;PERSONAS;84.800427382;A
2013;7859;215156;F;ES61;215124;213227;_Z;PERSONAS;26.949636707;A
2013;7859;215157;_T;ES61;215124;213227;_Z;PERSONAS;82.184187608;A
2013;7859;215157;M;ES61;215124;213227;_Z;PERSONAS;51.27089008;A
2013;7859;215157;F;ES61;215124;213227;_Z;PERSONAS;30.913297528;A
2013;7958;215154;_T;ES61;215124;213227;_Z;PERSONAS;5.0;A
2013;7958;215154;M;ES61;215124;213227;_Z;PERSONAS;3.0;A
2013;7958;215154;F;ES61;215124;213227;_Z;PERSONAS;2.0;A
2013;7958;215155;_T;ES61;215124;213227;_Z;PERSONAS;5.0;A
2013;7958;215155;M;ES61;215124;213227;_Z;PERSONAS;3.0;A
2013;7958;215155;F;ES61;215124;213227;_Z;PERSONAS;2.0;A
2013;7958;215156;_T;ES61;215124;213227;_Z;PERSONAS;0.0;A
2013;7958;215156;M;ES61;215124;213227;_Z;PERSONAS;0.0;A
2013;7958;215156;F;ES61;215124;213227;_Z;PERSONAS;0.0;A
2013;7958;215157;_T;ES61;215124;213227;_Z;PERSONAS;0.0;A
2013;7958;215157;M;ES61;215124;213227;_Z;PERSONAS;0.0;A
2013;7958;215157;F;ES61;215124;213227;_Z;PERSONAS;0.0;A
2013;7888;215154;_T;ES61;215124;213227;_Z;PERSONAS;8.917894737;A
2013;7888;215154;M;ES61;215124;213227;_Z;PERSONAS;6.517894737;A
2013;7888;215154;F;ES61;215124;213227;_Z;PERSONAS;2.4;A
2013;7888;215155;_T;ES61;215124;213227;_Z;PERSONAS;4.412631579;A
2013;7888;215155;M;ES61;215124;213227;_Z;PERSONAS;4.412631579;A
2013;7888;215155;F;ES61;215124;213227;_Z;PERSONAS;0.0;A
2013;7888;215156;_T;ES61;215124;213227;_Z;PERSONAS;4.505263158;A
2013;7888;215156;M;ES61;215124;213227;_Z;PERSONAS;2.105263158;A
2013;7888;215156;F;ES61;215124;213227;_Z;PERSONAS;2.4;A
2013;7888;215157;_T;ES61;215124;213227;_Z;PERSONAS;0.0;A
2013;7888;215157;M;ES61;215124;213227;_Z;PERSONAS;0.0;A
2013;7888;215157;F;ES61;215124;213227;_Z;PERSONAS;0.0;A
2013;8031;215154;_T;ES61;215124;213227;_Z;PERSONAS;1267.174529219;A
2013;8031;215154;M;ES61;215124;213227;_Z;PERSONAS;983.323086996;A
2013;8031;215154;F;ES61;215124;213227;_Z;PERSONAS;283.851442223;A
2013;8031;215155;_T;ES61;215124;213227;_Z;PERSONAS;464.283400241;A
2013;8031;215155;M;ES61;215124;213227;_Z;PERSONAS;384.704060241;A
2013;8031;215155;F;ES61;215124;213227;_Z;PERSONAS;79.57934;A
2013;8031;215156;_T;ES61;215124;213227;_Z;PERSONAS;762.609431152;A
2013;8031;215156;M;ES61;215124;213227;_Z;PERSONAS;576.264051807;A
2013;8031;215156;F;ES61;215124;213227;_Z;PERSONAS;186.345379345;A
2013;8031;215157;_T;ES61;215124;213227;_Z;PERSONAS;40.281697826;A
2013;8031;215157;M;ES61;215124;213227;_Z;PERSONAS;22.354974948;A
2013;8031;215157;F;ES61;215124;213227;_Z;PERSONAS;17.926722878;A
2013;8080;215154;_T;ES61;215124;213227;_Z;PERSONAS;102.130434783;A
2013;8080;215154;M;ES61;215124;213227;_Z;PERSONAS;80.043478261;A
2013;8080;215154;F;ES61;215124;213227;_Z;PERSONAS;22.086956522;A
2013;8080;215155;_T;ES61;215124;213227;_Z;PERSONAS;16.043478261;A
2013;8080;215155;M;ES61;215124;213227;_Z;PERSONAS;15.043478261;A
2013;8080;215155;F;ES61;215124;213227;_Z;PERSONAS;1.0;A
2013;8080;215156;_T;ES61;215124;213227;_Z;PERSONAS;86.086956522;A
2013;8080;215156;M;ES61;215124;213227;_Z;PERSONAS;65.0;A
2013;8080;215156;F;ES61;215124;213227;_Z;PERSONAS;21.086956522;A
2013;8080;215157;_T;ES61;215124;213227;_Z;PERSONAS;0.0;A
2013;8080;215157;M;ES61;215124;213227;_Z;PERSONAS;0.0;A
2013;8080;215157;F;ES61;215124;213227;_Z;PERSONAS;0.0;A
2013;8165;215154;_T;ES61;215124;213227;_Z;PERSONAS;3232.851558567;A
2013;8165;215154;M;ES61;215124;213227;_Z;PERSONAS;2092.619895572;A
2013;8165;215154;F;ES61;215124;213227;_Z;PERSONAS;1140.231662995;A
2013;8165;215155;_T;ES61;215124;213227;_Z;PERSONAS;1886.79639816;A
2013;8165;215155;M;ES61;215124;213227;_Z;PERSONAS;1240.418768746;A
2013;8165;215155;F;ES61;215124;213227;_Z;PERSONAS;646.377629414;A
2013;8165;215156;_T;ES61;215124;213227;_Z;PERSONAS;954.916185306;A
2013;8165;215156;M;ES61;215124;213227;_Z;PERSONAS;633.3300787;A
2013;8165;215156;F;ES61;215124;213227;_Z;PERSONAS;321.586106606;A
2013;8165;215157;_T;ES61;215124;213227;_Z;PERSONAS;391.138975101;A
2013;8165;215157;M;ES61;215124;213227;_Z;PERSONAS;218.871048126;A
2013;8165;215157;F;ES61;215124;213227;_Z;PERSONAS;172.267926975;A
2013;8255;215154;_T;ES61;215124;213227;_Z;PERSONAS;64.080794504;A
2013;8255;215154;M;ES61;215124;213227;_Z;PERSONAS;50.670143589;A
2013;8255;215154;F;ES61;215124;213227;_Z;PERSONAS;13.410650915;A
2013;8255;215155;_T;ES61;215124;213227;_Z;PERSONAS;24.571171273;A
2013;8255;215155;M;ES61;215124;213227;_Z;PERSONAS;23.469566995;A
2013;8255;215155;F;ES61;215124;213227;_Z;PERSONAS;1.101604278;A
2013;8255;215156;_T;ES61;215124;213227;_Z;PERSONAS;35.114584833;A
2013;8255;215156;M;ES61;215124;213227;_Z;PERSONAS;23.907142474;A
2013;8255;215156;F;ES61;215124;213227;_Z;PERSONAS;11.207442359;A
2013;8255;215157;_T;ES61;215124;213227;_Z;PERSONAS;4.395038398;A
2013;8255;215157;M;ES61;215124;213227;_Z;PERSONAS;3.29343412;A
2013;8255;215157;F;ES61;215124;213227;_Z;PERSONAS;1.101604278;A
2013;8345;215154;_T;ES61;215124;213227;_Z;PERSONAS;161.283217516;A
2013;8345;215154;M;ES61;215124;213227;_Z;PERSONAS;67.223682845;A
2013;8345;215154;F;ES61;215124;213227;_Z;PERSONAS;94.059534671;A
2013;8345;215155;_T;ES61;215124;213227;_Z;PERSONAS;79.01910246;A
2013;8345;215155;M;ES61;215124;213227;_Z;PERSONAS;39.686074174;A
2013;8345;215155;F;ES61;215124;213227;_Z;PERSONAS;39.333028286;A
2013;8345;215156;_T;ES61;215124;213227;_Z;PERSONAS;39.666301482;A
2013;8345;215156;M;ES61;215124;213227;_Z;PERSONAS;14.788255968;A
2013;8345;215156;F;ES61;215124;213227;_Z;PERSONAS;24.878045514;A
2013;8345;215157;_T;ES61;215124;213227;_Z;PERSONAS;42.597813574;A
2013;8345;215157;M;ES61;215124;213227;_Z;PERSONAS;12.749352703;A
2013;8345;215157;F;ES61;215124;213227;_Z;PERSONAS;29.848460871;A
2013;8385;215154;_T;ES61;215124;213227;_Z;PERSONAS;3.0;A
2013;8385;215154;M;ES61;215124;213227;_Z;PERSONAS;1.0;A
2013;8385;215154;F;ES61;215124;213227;_Z;PERSONAS;2.0;A
2013;8385;215155;_T;ES61;215124;213227;_Z;PERSONAS;3.0;A
2013;8385;215155;M;ES61;215124;213227;_Z;PERSONAS;1.0;A
2013;8385;215155;F;ES61;215124;213227;_Z;PERSONAS;2.0;A
2013;8385;215156;_T;ES61;215124;213227;_Z;PERSONAS;0.0;A
2013;8385;215156;M;ES61;215124;213227;_Z;PERSONAS;0.0;A
2013;8385;215156;F;ES61;215124;213227;_Z;PERSONAS;0.0;A
2013;8385;215157;_T;ES61;215124;213227;_Z;PERSONAS;0.0;A
2013;8385;215157;M;ES61;215124;213227;_Z;PERSONAS;0.0;A
2013;8385;215157;F;ES61;215124;213227;_Z;PERSONAS;0.0;A
2013;8426;215154;_T;ES61;215124;213227;_Z;PERSONAS;97.055247818;A
2013;8426;215154;M;ES61;215124;213227;_Z;PERSONAS;50.049213176;A
2013;8426;215154;F;ES61;215124;213227;_Z;PERSONAS;47.006034642;A
2013;8426;215155;_T;ES61;215124;213227;_Z;PERSONAS;60.903595512;A
2013;8426;215155;M;ES61;215124;213227;_Z;PERSONAS;36.173406284;A
2013;8426;215155;F;ES61;215124;213227;_Z;PERSONAS;24.730189228;A
2013;8426;215156;_T;ES61;215124;213227;_Z;PERSONAS;30.837159551;A
2013;8426;215156;M;ES61;215124;213227;_Z;PERSONAS;12.727980805;A
2013;8426;215156;F;ES61;215124;213227;_Z;PERSONAS;18.109178746;A
2013;8426;215157;_T;ES61;215124;213227;_Z;PERSONAS;5.314492755;A
2013;8426;215157;M;ES61;215124;213227;_Z;PERSONAS;1.147826087;A
2013;8426;215157;F;ES61;215124;213227;_Z;PERSONAS;4.166666668;A
2014;7859;215154;_T;ES61;215124;213227;_Z;PERSONAS;216.695437363;A
2014;7859;215154;M;ES61;215124;213227;_Z;PERSONAS;142.403521422;A
2014;7859;215154;F;ES61;215124;213227;_Z;PERSONAS;74.291915941;A
2014;7859;215155;_T;ES61;215124;213227;_Z;PERSONAS;68.739744837;A
2014;7859;215155;M;ES61;215124;213227;_Z;PERSONAS;48.117314833;A
2014;7859;215155;F;ES61;215124;213227;_Z;PERSONAS;20.622430004;A
2014;7859;215156;_T;ES61;215124;213227;_Z;PERSONAS;71.220918845;A
2014;7859;215156;M;ES61;215124;213227;_Z;PERSONAS;49.328348954;A
2014;7859;215156;F;ES61;215124;213227;_Z;PERSONAS;21.892569891;A
2014;7859;215157;_T;ES61;215124;213227;_Z;PERSONAS;76.734773681;A
2014;7859;215157;M;ES61;215124;213227;_Z;PERSONAS;44.957857635;A
2014;7859;215157;F;ES61;215124;213227;_Z;PERSONAS;31.776916046;A
2014;7958;215154;_T;ES61;215124;213227;_Z;PERSONAS;20.910000001;A
2014;7958;215154;M;ES61;215124;213227;_Z;PERSONAS;20.910000001;A
2014;7958;215154;F;ES61;215124;213227;_Z;PERSONAS;0.0;A
2014;7958;215155;_T;ES61;215124;213227;_Z;PERSONAS;20.910000001;A
2014;7958;215155;M;ES61;215124;213227;_Z;PERSONAS;20.910000001;A
2014;7958;215155;F;ES61;215124;213227;_Z;PERSONAS;0.0;A
2014;7958;215156;_T;ES61;215124;213227;_Z;PERSONAS;0.0;A
2014;7958;215156;M;ES61;215124;213227;_Z;PERSONAS;0.0;A
2014;7958;215156;F;ES61;215124;213227;_Z;PERSONAS;0.0;A
2014;7958;215157;_T;ES61;215124;213227;_Z;PERSONAS;0.0;A
2014;7958;215157;M;ES61;215124;213227;_Z;PERSONAS;0.0;A
2014;7958;215157;F;ES61;215124;213227;_Z;PERSONAS;0.0;A
2014;7888;215154;_T;ES61;215124;213227;_Z;PERSONAS;15.528619531;A
2014;7888;215154;M;ES61;215124;213227;_Z;PERSONAS;10.983164985;A
2014;7888;215154;F;ES61;215124;213227;_Z;PERSONAS;4.545454546;A
2014;7888;215155;_T;ES61;215124;213227;_Z;PERSONAS;3.346801347;A
2014;7888;215155;M;ES61;215124;213227;_Z;PERSONAS;3.346801347;A
2014;7888;215155;F;ES61;215124;213227;_Z;PERSONAS;0.0;A
2014;7888;215156;_T;ES61;215124;213227;_Z;PERSONAS;5.818181819;A
2014;7888;215156;M;ES61;215124;213227;_Z;PERSONAS;3.818181819;A
2014;7888;215156;F;ES61;215124;213227;_Z;PERSONAS;2.0;A
2014;7888;215157;_T;ES61;215124;213227;_Z;PERSONAS;6.363636365;A
2014;7888;215157;M;ES61;215124;213227;_Z;PERSONAS;3.818181819;A
2014;7888;215157;F;ES61;215124;213227;_Z;PERSONAS;2.545454546;A
2014;8031;215154;_T;ES61;215124;213227;_Z;PERSONAS;1290.612867082;A
2014;8031;215154;M;ES61;215124;213227;_Z;PERSONAS;1015.658014105;A
2014;8031;215154;F;ES61;215124;213227;_Z;PERSONAS;274.954852977;A
2014;8031;215155;_T;ES61;215124;213227;_Z;PERSONAS;476.480147282;A
2014;8031;215155;M;ES61;215124;213227;_Z;PERSONAS;403.729665332;A
2014;8031;215155;F;ES61;215124;213227;_Z;PERSONAS;72.75048195;A
2014;8031;215156;_T;ES61;215124;213227;_Z;PERSONAS;715.461429151;A
2014;8031;215156;M;ES61;215124;213227;_Z;PERSONAS;559.224619131;A
2014;8031;215156;F;ES61;215124;213227;_Z;PERSONAS;156.23681002;A
2014;8031;215157;_T;ES61;215124;213227;_Z;PERSONAS;98.671290649;A
2014;8031;215157;M;ES61;215124;213227;_Z;PERSONAS;52.703729642;A
2014;8031;215157;F;ES61;215124;213227;_Z;PERSONAS;45.967561007;A
2014;8080;215154;_T;ES61;215124;213227;_Z;PERSONAS;112.39393939;A
2014;8080;215154;M;ES61;215124;213227;_Z;PERSONAS;86.21212121;A
2014;8080;215154;F;ES61;215124;213227;_Z;PERSONAS;26.18181818;A
2014;8080;215155;_T;ES61;215124;213227;_Z;PERSONAS;28.39393939;A
2014;8080;215155;M;ES61;215124;213227;_Z;PERSONAS;21.21212121;A
2014;8080;215155;F;ES61;215124;213227;_Z;PERSONAS;7.18181818;A
2014;8080;215156;_T;ES61;215124;213227;_Z;PERSONAS;84.0;A
2014;8080;215156;M;ES61;215124;213227;_Z;PERSONAS;65.0;A
2014;8080;215156;F;ES61;215124;213227;_Z;PERSONAS;19.0;A
2014;8080;215157;_T;ES61;215124;213227;_Z;PERSONAS;0.0;A
2014;8080;215157;M;ES61;215124;213227;_Z;PERSONAS;0.0;A
2014;8080;215157;F;ES61;215124;213227;_Z;PERSONAS;0.0;A
2014;8165;215154;_T;ES61;215124;213227;_Z;PERSONAS;3390.182765062;A
2014;8165;215154;M;ES61;215124;213227;_Z;PERSONAS;2200.317221202;A
2014;8165;215154;F;ES61;215124;213227;_Z;PERSONAS;1189.86554386;A
2014;8165;215155;_T;ES61;215124;213227;_Z;PERSONAS;2038.339236942;A
2014;8165;215155;M;ES61;215124;213227;_Z;PERSONAS;1349.79365055;A
2014;8165;215155;F;ES61;215124;213227;_Z;PERSONAS;688.545586392;A
2014;8165;215156;_T;ES61;215124;213227;_Z;PERSONAS;896.538341964;A
2014;8165;215156;M;ES61;215124;213227;_Z;PERSONAS;603.365827019;A
2014;8165;215156;F;ES61;215124;213227;_Z;PERSONAS;293.172514945;A
2014;8165;215157;_T;ES61;215124;213227;_Z;PERSONAS;455.305186156;A
2014;8165;215157;M;ES61;215124;213227;_Z;PERSONAS;247.157743633;A
2014;8165;215157;F;ES61;215124;213227;_Z;PERSONAS;208.147442523;A
2014;8255;215154;_T;ES61;215124;213227;_Z;PERSONAS;46.378159977;A
2014;8255;215154;M;ES61;215124;213227;_Z;PERSONAS;40.438766037;A
2014;8255;215154;F;ES61;215124;213227;_Z;PERSONAS;5.93939394;A
2014;8255;215155;_T;ES61;215124;213227;_Z;PERSONAS;27.649360937;A
2014;8255;215155;M;ES61;215124;213227;_Z;PERSONAS;23.194815482;A
2014;8255;215155;F;ES61;215124;213227;_Z;PERSONAS;4.454545455;A
2014;8255;215156;_T;ES61;215124;213227;_Z;PERSONAS;17.243950555;A
2014;8255;215156;M;ES61;215124;213227;_Z;PERSONAS;15.75910207;A
2014;8255;215156;F;ES61;215124;213227;_Z;PERSONAS;1.484848485;A
2014;8255;215157;_T;ES61;215124;213227;_Z;PERSONAS;1.484848485;A
2014;8255;215157;M;ES61;215124;213227;_Z;PERSONAS;1.484848485;A
2014;8255;215157;F;ES61;215124;213227;_Z;PERSONAS;0.0;A
2014;8345;215154;_T;ES61;215124;213227;_Z;PERSONAS;166.833971582;A
2014;8345;215154;M;ES61;215124;213227;_Z;PERSONAS;59.972116306;A
2014;8345;215154;F;ES61;215124;213227;_Z;PERSONAS;106.861855276;A
2014;8345;215155;_T;ES61;215124;213227;_Z;PERSONAS;78.696980316;A
2014;8345;215155;M;ES61;215124;213227;_Z;PERSONAS;37.9201541;A
2014;8345;215155;F;ES61;215124;213227;_Z;PERSONAS;40.776826216;A
2014;8345;215156;_T;ES61;215124;213227;_Z;PERSONAS;42.382449126;A
2014;8345;215156;M;ES61;215124;213227;_Z;PERSONAS;13.753815406;A
2014;8345;215156;F;ES61;215124;213227;_Z;PERSONAS;28.62863372;A
2014;8345;215157;_T;ES61;215124;213227;_Z;PERSONAS;45.75454214;A
2014;8345;215157;M;ES61;215124;213227;_Z;PERSONAS;8.2981468;A
2014;8345;215157;F;ES61;215124;213227;_Z;PERSONAS;37.45639534;A
2014;8385;215154;_T;ES61;215124;213227;_Z;PERSONAS;31.475683368;A
2014;8385;215154;M;ES61;215124;213227;_Z;PERSONAS;19.57885174;A
2014;8385;215154;F;ES61;215124;213227;_Z;PERSONAS;11.896831628;A
2014;8385;215155;_T;ES61;215124;213227;_Z;PERSONAS;15.984585988;A
2014;8385;215155;M;ES61;215124;213227;_Z;PERSONAS;9.14007994;A
2014;8385;215155;F;ES61;215124;213227;_Z;PERSONAS;6.844506048;A
2014;8385;215156;_T;ES61;215124;213227;_Z;PERSONAS;13.35047238;A
2014;8385;215156;M;ES61;215124;213227;_Z;PERSONAS;8.2981468;A
2014;8385;215156;F;ES61;215124;213227;_Z;PERSONAS;5.05232558;A
2014;8385;215157;_T;ES61;215124;213227;_Z;PERSONAS;2.140625;A
2014;8385;215157;M;ES61;215124;213227;_Z;PERSONAS;2.140625;A
2014;8385;215157;F;ES61;215124;213227;_Z;PERSONAS;0.0;A
2014;8426;215154;_T;ES61;215124;213227;_Z;PERSONAS;99.672020574;A
2014;8426;215154;M;ES61;215124;213227;_Z;PERSONAS;54.182537232;A
2014;8426;215154;F;ES61;215124;213227;_Z;PERSONAS;45.489483342;A
2014;8426;215155;_T;ES61;215124;213227;_Z;PERSONAS;63.379812782;A
2014;8426;215155;M;ES61;215124;213227;_Z;PERSONAS;38.367602167;A
2014;8426;215155;F;ES61;215124;213227;_Z;PERSONAS;25.012210615;A
2014;8426;215156;_T;ES61;215124;213227;_Z;PERSONAS;28.738636363;A
2014;8426;215156;M;ES61;215124;213227;_Z;PERSONAS;13.636363636;A
2014;8426;215156;F;ES61;215124;213227;_Z;PERSONAS;15.102272727;A
2014;8426;215157;_T;ES61;215124;213227;_Z;PERSONAS;7.553571429;A
2014;8426;215157;M;ES61;215124;213227;_Z;PERSONAS;2.178571429;A
2014;8426;215157;F;ES61;215124;213227;_Z;PERSONAS;5.375;A
2015;7859;215154;_T;ES61;215124;213227;_Z;PERSONAS;244.866495509;A
2015;7859;215154;M;ES61;215124;213227;_Z;PERSONAS;155.625028889;A
2015;7859;215154;F;ES61;215124;213227;_Z;PERSONAS;89.24146662;A
2015;7859;215155;_T;ES61;215124;213227;_Z;PERSONAS;82.32265295;A
2015;7859;215155;M;ES61;215124;213227;_Z;PERSONAS;53.610792905;A
2015;7859;215155;F;ES61;215124;213227;_Z;PERSONAS;28.711860045;A
2015;7859;215156;_T;ES61;215124;213227;_Z;PERSONAS;88.851205461;A
2015;7859;215156;M;ES61;215124;213227;_Z;PERSONAS;54.846470638;A
2015;7859;215156;F;ES61;215124;213227;_Z;PERSONAS;34.004734823;A
2015;7859;215157;_T;ES61;215124;213227;_Z;PERSONAS;73.692637098;A
2015;7859;215157;M;ES61;215124;213227;_Z;PERSONAS;47.167765346;A
2015;7859;215157;F;ES61;215124;213227;_Z;PERSONAS;26.524871752;A
2015;7958;215154;_T;ES61;215124;213227;_Z;PERSONAS;21.57575757;A
2015;7958;215154;M;ES61;215124;213227;_Z;PERSONAS;17.397979794;A
2015;7958;215154;F;ES61;215124;213227;_Z;PERSONAS;4.177777776;A
2015;7958;215155;_T;ES61;215124;213227;_Z;PERSONAS;3.27070707;A
2015;7958;215155;M;ES61;215124;213227;_Z;PERSONAS;3.27070707;A
2015;7958;215155;F;ES61;215124;213227;_Z;PERSONAS;0.0;A
2015;7958;215156;_T;ES61;215124;213227;_Z;PERSONAS;18.3050505;A
2015;7958;215156;M;ES61;215124;213227;_Z;PERSONAS;14.127272724;A
2015;7958;215156;F;ES61;215124;213227;_Z;PERSONAS;4.177777776;A
2015;7958;215157;_T;ES61;215124;213227;_Z;PERSONAS;0.0;A
2015;7958;215157;M;ES61;215124;213227;_Z;PERSONAS;0.0;A
2015;7958;215157;F;ES61;215124;213227;_Z;PERSONAS;0.0;A
2015;7888;215154;_T;ES61;215124;213227;_Z;PERSONAS;7.067307695;A
2015;7888;215154;M;ES61;215124;213227;_Z;PERSONAS;4.03846154;A
2015;7888;215154;F;ES61;215124;213227;_Z;PERSONAS;3.028846155;A
2015;7888;215155;_T;ES61;215124;213227;_Z;PERSONAS;1.009615385;A
2015;7888;215155;M;ES61;215124;213227;_Z;PERSONAS;0.0;A
2015;7888;215155;F;ES61;215124;213227;_Z;PERSONAS;1.009615385;A
2015;7888;215156;_T;ES61;215124;213227;_Z;PERSONAS;2.01923077;A
2015;7888;215156;M;ES61;215124;213227;_Z;PERSONAS;2.01923077;A
2015;7888;215156;F;ES61;215124;213227;_Z;PERSONAS;0.0;A
2015;7888;215157;_T;ES61;215124;213227;_Z;PERSONAS;4.03846154;A
2015;7888;215157;M;ES61;215124;213227;_Z;PERSONAS;2.01923077;A
2015;7888;215157;F;ES61;215124;213227;_Z;PERSONAS;2.01923077;A
2015;8031;215154;_T;ES61;215124;213227;_Z;PERSONAS;1248.424225672;A
2015;8031;215154;M;ES61;215124;213227;_Z;PERSONAS;993.267475407;A
2015;8031;215154;F;ES61;215124;213227;_Z;PERSONAS;255.156750265;A
2015;8031;215155;_T;ES61;215124;213227;_Z;PERSONAS;569.153022548;A
2015;8031;215155;M;ES61;215124;213227;_Z;PERSONAS;477.187666015;A
2015;8031;215155;F;ES61;215124;213227;_Z;PERSONAS;91.965356533;A
2015;8031;215156;_T;ES61;215124;213227;_Z;PERSONAS;628.306602316;A
2015;8031;215156;M;ES61;215124;213227;_Z;PERSONAS;492.054405981;A
2015;8031;215156;F;ES61;215124;213227;_Z;PERSONAS;136.252196335;A
2015;8031;215157;_T;ES61;215124;213227;_Z;PERSONAS;50.964600808;A
2015;8031;215157;M;ES61;215124;213227;_Z;PERSONAS;24.025403411;A
2015;8031;215157;F;ES61;215124;213227;_Z;PERSONAS;26.939197397;A
2015;8080;215154;_T;ES61;215124;213227;_Z;PERSONAS;126.938775567;A
2015;8080;215154;M;ES61;215124;213227;_Z;PERSONAS;98.836734738;A
2015;8080;215154;F;ES61;215124;213227;_Z;PERSONAS;28.102040829;A
2015;8080;215155;_T;ES61;215124;213227;_Z;PERSONAS;14.530612251;A
2015;8080;215155;M;ES61;215124;213227;_Z;PERSONAS;13.489795924;A
2015;8080;215155;F;ES61;215124;213227;_Z;PERSONAS;1.040816327;A
2015;8080;215156;_T;ES61;215124;213227;_Z;PERSONAS;95.755102084;A
2015;8080;215156;M;ES61;215124;213227;_Z;PERSONAS;79.102040852;A
2015;8080;215156;F;ES61;215124;213227;_Z;PERSONAS;16.653061232;A
2015;8080;215157;_T;ES61;215124;213227;_Z;PERSONAS;16.653061232;A
2015;8080;215157;M;ES61;215124;213227;_Z;PERSONAS;6.244897962;A
2015;8080;215157;F;ES61;215124;213227;_Z;PERSONAS;10.40816327;A
2015;8165;215154;_T;ES61;215124;213227;_Z;PERSONAS;3113.079104585;A
2015;8165;215154;M;ES61;215124;213227;_Z;PERSONAS;1990.869535834;A
2015;8165;215154;F;ES61;215124;213227;_Z;PERSONAS;1122.209568751;A
2015;8165;215155;_T;ES61;215124;213227;_Z;PERSONAS;1693.200863341;A
2015;8165;215155;M;ES61;215124;213227;_Z;PERSONAS;1103.157759473;A
2015;8165;215155;F;ES61;215124;213227;_Z;PERSONAS;590.043103868;A
2015;8165;215156;_T;ES61;215124;213227;_Z;PERSONAS;993.760327837;A
2015;8165;215156;M;ES61;215124;213227;_Z;PERSONAS;635.794217856;A
2015;8165;215156;F;ES61;215124;213227;_Z;PERSONAS;357.966109981;A
2015;8165;215157;_T;ES61;215124;213227;_Z;PERSONAS;426.117913407;A
2015;8165;215157;M;ES61;215124;213227;_Z;PERSONAS;251.917558505;A
2015;8165;215157;F;ES61;215124;213227;_Z;PERSONAS;174.200354902;A
2015;8255;215154;_T;ES61;215124;213227;_Z;PERSONAS;41.891816022;A
2015;8255;215154;M;ES61;215124;213227;_Z;PERSONAS;37.963129618;A
2015;8255;215154;F;ES61;215124;213227;_Z;PERSONAS;3.928686404;A
2015;8255;215155;_T;ES61;215124;213227;_Z;PERSONAS;30.150194865;A
2015;8255;215155;M;ES61;215124;213227;_Z;PERSONAS;27.284888743;A
2015;8255;215155;F;ES61;215124;213227;_Z;PERSONAS;2.865306122;A
2015;8255;215156;_T;ES61;215124;213227;_Z;PERSONAS;8.876315035;A
2015;8255;215156;M;ES61;215124;213227;_Z;PERSONAS;7.812934753;A
2015;8255;215156;F;ES61;215124;213227;_Z;PERSONAS;1.063380282;A
2015;8255;215157;_T;ES61;215124;213227;_Z;PERSONAS;2.865306122;A
2015;8255;215157;M;ES61;215124;213227;_Z;PERSONAS;2.865306122;A
2015;8255;215157;F;ES61;215124;213227;_Z;PERSONAS;0.0;A
2015;8345;215154;_T;ES61;215124;213227;_Z;PERSONAS;121.083917622;A
2015;8345;215154;M;ES61;215124;213227;_Z;PERSONAS;42.72265182;A
2015;8345;215154;F;ES61;215124;213227;_Z;PERSONAS;78.361265802;A
2015;8345;215155;_T;ES61;215124;213227;_Z;PERSONAS;67.276564338;A
2015;8345;215155;M;ES61;215124;213227;_Z;PERSONAS;32.90256699;A
2015;8345;215155;F;ES61;215124;213227;_Z;PERSONAS;34.373997348;A
2015;8345;215156;_T;ES61;215124;213227;_Z;PERSONAS;34.959766384;A
2015;8345;215156;M;ES61;215124;213227;_Z;PERSONAS;7.594278378;A
2015;8345;215156;F;ES61;215124;213227;_Z;PERSONAS;27.365488006;A
2015;8345;215157;_T;ES61;215124;213227;_Z;PERSONAS;18.8475869;A
2015;8345;215157;M;ES61;215124;213227;_Z;PERSONAS;2.225806452;A
2015;8345;215157;F;ES61;215124;213227;_Z;PERSONAS;16.621780448;A
2015;8385;215154;_T;ES61;215124;213227;_Z;PERSONAS;19.368342088;A
2015;8385;215154;M;ES61;215124;213227;_Z;PERSONAS;14.003000752;A
2015;8385;215154;F;ES61;215124;213227;_Z;PERSONAS;5.365341336;A
2015;8385;215155;_T;ES61;215124;213227;_Z;PERSONAS;11.976369094;A
2015;8385;215155;M;ES61;215124;213227;_Z;PERSONAS;9.750562642;A
2015;8385;215155;F;ES61;215124;213227;_Z;PERSONAS;2.225806452;A
2015;8385;215156;_T;ES61;215124;213227;_Z;PERSONAS;7.391972994;A
2015;8385;215156;M;ES61;215124;213227;_Z;PERSONAS;4.25243811;A
2015;8385;215156;F;ES61;215124;213227;_Z;PERSONAS;3.139534884;A
2015;8385;215157;_T;ES61;215124;213227;_Z;PERSONAS;0.0;A
2015;8385;215157;M;ES61;215124;213227;_Z;PERSONAS;0.0;A
2015;8385;215157;F;ES61;215124;213227;_Z;PERSONAS;0.0;A
2015;8426;215154;_T;ES61;215124;213227;_Z;PERSONAS;55.91868919;A
2015;8426;215154;M;ES61;215124;213227;_Z;PERSONAS;24.735944699;A
2015;8426;215154;F;ES61;215124;213227;_Z;PERSONAS;31.182744491;A
2015;8426;215155;_T;ES61;215124;213227;_Z;PERSONAS;35.019866868;A
2015;8426;215155;M;ES61;215124;213227;_Z;PERSONAS;19.230773168;A
2015;8426;215155;F;ES61;215124;213227;_Z;PERSONAS;15.7890937;A
2015;8426;215156;_T;ES61;215124;213227;_Z;PERSONAS;15.117869942;A
2015;8426;215156;M;ES61;215124;213227;_Z;PERSONAS;4.448028674;A
2015;8426;215156;F;ES61;215124;213227;_Z;PERSONAS;10.669841268;A
2015;8426;215157;_T;ES61;215124;213227;_Z;PERSONAS;5.78095238;A
2015;8426;215157;M;ES61;215124;213227;_Z;PERSONAS;1.057142857;A
2015;8426;215157;F;ES61;215124;213227;_Z;PERSONAS;4.723809523;A
2016;7859;215154;_T;ES61;215124;213227;_Z;PERSONAS;356.308050354;A
2016;7859;215154;M;ES61;215124;213227;_Z;PERSONAS;215.549648325;A
2016;7859;215154;F;ES61;215124;213227;_Z;PERSONAS;140.758402029;A
2016;7859;215155;_T;ES61;215124;213227;_Z;PERSONAS;87.279469063;A
2016;7859;215155;M;ES61;215124;213227;_Z;PERSONAS;65.288529241;A
2016;7859;215155;F;ES61;215124;213227;_Z;PERSONAS;21.990939822;A
2016;7859;215156;_T;ES61;215124;213227;_Z;PERSONAS;145.931147212;A
2016;7859;215156;M;ES61;215124;213227;_Z;PERSONAS;95.684315979;A
2016;7859;215156;F;ES61;215124;213227;_Z;PERSONAS;50.246831233;A
2016;7859;215157;_T;ES61;215124;213227;_Z;PERSONAS;123.097434079;A
2016;7859;215157;M;ES61;215124;213227;_Z;PERSONAS;54.576803105;A
2016;7859;215157;F;ES61;215124;213227;_Z;PERSONAS;68.520630974;A
2016;7958;215154;_T;ES61;215124;213227;_Z;PERSONAS;42.17857143;A
2016;7958;215154;M;ES61;215124;213227;_Z;PERSONAS;35.17857143;A
2016;7958;215154;F;ES61;215124;213227;_Z;PERSONAS;7.0;A
2016;7958;215155;_T;ES61;215124;213227;_Z;PERSONAS;35.035714286;A
2016;7958;215155;M;ES61;215124;213227;_Z;PERSONAS;28.035714286;A
2016;7958;215155;F;ES61;215124;213227;_Z;PERSONAS;7.0;A
2016;7958;215156;_T;ES61;215124;213227;_Z;PERSONAS;7.142857144;A
2016;7958;215156;M;ES61;215124;213227;_Z;PERSONAS;7.142857144;A
2016;7958;215156;F;ES61;215124;213227;_Z;PERSONAS;0.0;A
2016;7958;215157;_T;ES61;215124;213227;_Z;PERSONAS;0.0;A
2016;7958;215157;M;ES61;215124;213227;_Z;PERSONAS;0.0;A
2016;7958;215157;F;ES61;215124;213227;_Z;PERSONAS;0.0;A
2016;7888;215154;_T;ES61;215124;213227;_Z;PERSONAS;0.0;A
2016;7888;215154;M;ES61;215124;213227;_Z;PERSONAS;0.0;A
2016;7888;215154;F;ES61;215124;213227;_Z;PERSONAS;0.0;A
2016;7888;215155;_T;ES61;215124;213227;_Z;PERSONAS;0.0;A
2016;7888;215155;M;ES61;215124;213227;_Z;PERSONAS;0.0;A
2016;7888;215155;F;ES61;215124;213227;_Z;PERSONAS;0.0;A
2016;7888;215156;_T;ES61;215124;213227;_Z;PERSONAS;0.0;A
2016;7888;215156;M;ES61;215124;213227;_Z;PERSONAS;0.0;A
2016;7888;215156;F;ES61;215124;213227;_Z;PERSONAS;0.0;A
2016;7888;215157;_T;ES61;215124;213227;_Z;PERSONAS;0.0;A
2016;7888;215157;M;ES61;215124;213227;_Z;PERSONAS;0.0;A
2016;7888;215157;F;ES61;215124;213227;_Z;PERSONAS;0.0;A
2016;8031;215154;_T;ES61;215124;213227;_Z;PERSONAS;1127.882129524;A
2016;8031;215154;M;ES61;215124;213227;_Z;PERSONAS;920.39737731;A
2016;8031;215154;F;ES61;215124;213227;_Z;PERSONAS;207.484752214;A
2016;8031;215155;_T;ES61;215124;213227;_Z;PERSONAS;545.709990507;A
2016;8031;215155;M;ES61;215124;213227;_Z;PERSONAS;470.634007083;A
2016;8031;215155;F;ES61;215124;213227;_Z;PERSONAS;75.075983424;A
2016;8031;215156;_T;ES61;215124;213227;_Z;PERSONAS;539.685374803;A
2016;8031;215156;M;ES61;215124;213227;_Z;PERSONAS;428.571914312;A
2016;8031;215156;F;ES61;215124;213227;_Z;PERSONAS;111.113460491;A
2016;8031;215157;_T;ES61;215124;213227;_Z;PERSONAS;42.486764214;A
2016;8031;215157;M;ES61;215124;213227;_Z;PERSONAS;21.191455915;A
2016;8031;215157;F;ES61;215124;213227;_Z;PERSONAS;21.295308299;A
2016;8080;215154;_T;ES61;215124;213227;_Z;PERSONAS;18.9;A
2016;8080;215154;M;ES61;215124;213227;_Z;PERSONAS;14.88;A
2016;8080;215154;F;ES61;215124;213227;_Z;PERSONAS;4.02;A
2016;8080;215155;_T;ES61;215124;213227;_Z;PERSONAS;12.88;A
2016;8080;215155;M;ES61;215124;213227;_Z;PERSONAS;10.86;A
2016;8080;215155;F;ES61;215124;213227;_Z;PERSONAS;2.02;A
2016;8080;215156;_T;ES61;215124;213227;_Z;PERSONAS;6.02;A
2016;8080;215156;M;ES61;215124;213227;_Z;PERSONAS;4.02;A
2016;8080;215156;F;ES61;215124;213227;_Z;PERSONAS;2.0;A
2016;8080;215157;_T;ES61;215124;213227;_Z;PERSONAS;0.0;A
2016;8080;215157;M;ES61;215124;213227;_Z;PERSONAS;0.0;A
2016;8080;215157;F;ES61;215124;213227;_Z;PERSONAS;0.0;A
2016;8165;215154;_T;ES61;215124;213227;_Z;PERSONAS;2554.79194442;A
2016;8165;215154;M;ES61;215124;213227;_Z;PERSONAS;1658.485109616;A
2016;8165;215154;F;ES61;215124;213227;_Z;PERSONAS;896.306834804;A
2016;8165;215155;_T;ES61;215124;213227;_Z;PERSONAS;1476.590362754;A
2016;8165;215155;M;ES61;215124;213227;_Z;PERSONAS;986.89177195;A
2016;8165;215155;F;ES61;215124;213227;_Z;PERSONAS;489.698590804;A
2016;8165;215156;_T;ES61;215124;213227;_Z;PERSONAS;667.601987074;A
2016;8165;215156;M;ES61;215124;213227;_Z;PERSONAS;449.550447218;A
2016;8165;215156;F;ES61;215124;213227;_Z;PERSONAS;218.051539856;A
2016;8165;215157;_T;ES61;215124;213227;_Z;PERSONAS;410.599594592;A
2016;8165;215157;M;ES61;215124;213227;_Z;PERSONAS;222.042890448;A
2016;8165;215157;F;ES61;215124;213227;_Z;PERSONAS;188.556704144;A
2016;8255;215154;_T;ES61;215124;213227;_Z;PERSONAS;54.865051652;A
2016;8255;215154;M;ES61;215124;213227;_Z;PERSONAS;48.39362308;A
2016;8255;215154;F;ES61;215124;213227;_Z;PERSONAS;6.471428572;A
2016;8255;215155;_T;ES61;215124;213227;_Z;PERSONAS;32.749976669;A
2016;8255;215155;M;ES61;215124;213227;_Z;PERSONAS;31.449976669;A
2016;8255;215155;F;ES61;215124;213227;_Z;PERSONAS;1.3;A
2016;8255;215156;_T;ES61;215124;213227;_Z;PERSONAS;20.115074983;A
2016;8255;215156;M;ES61;215124;213227;_Z;PERSONAS;15.943646411;A
2016;8255;215156;F;ES61;215124;213227;_Z;PERSONAS;4.171428572;A
2016;8255;215157;_T;ES61;215124;213227;_Z;PERSONAS;2.0;A
2016;8255;215157;M;ES61;215124;213227;_Z;PERSONAS;1.0;A
2016;8255;215157;F;ES61;215124;213227;_Z;PERSONAS;1.0;A
2016;8345;215154;_T;ES61;215124;213227;_Z;PERSONAS;94.149695823;A
2016;8345;215154;M;ES61;215124;213227;_Z;PERSONAS;41.136160417;A
2016;8345;215154;F;ES61;215124;213227;_Z;PERSONAS;53.013535406;A
2016;8345;215155;_T;ES61;215124;213227;_Z;PERSONAS;69.481967493;A
2016;8345;215155;M;ES61;215124;213227;_Z;PERSONAS;38.990175015;A
2016;8345;215155;F;ES61;215124;213227;_Z;PERSONAS;30.491792478;A
2016;8345;215156;_T;ES61;215124;213227;_Z;PERSONAS;16.666814535;A
2016;8345;215156;M;ES61;215124;213227;_Z;PERSONAS;2.145985402;A
2016;8345;215156;F;ES61;215124;213227;_Z;PERSONAS;14.520829133;A
2016;8345;215157;_T;ES61;215124;213227;_Z;PERSONAS;8.000913795;A
2016;8345;215157;M;ES61;215124;213227;_Z;PERSONAS;0.0;A
2016;8345;215157;F;ES61;215124;213227;_Z;PERSONAS;8.000913795;A
2016;8385;215154;_T;ES61;215124;213227;_Z;PERSONAS;19.486254762;A
2016;8385;215154;M;ES61;215124;213227;_Z;PERSONAS;17.431006144;A
2016;8385;215154;F;ES61;215124;213227;_Z;PERSONAS;2.055248618;A
2016;8385;215155;_T;ES61;215124;213227;_Z;PERSONAS;14.035098185;A
2016;8385;215155;M;ES61;215124;213227;_Z;PERSONAS;14.035098185;A
2016;8385;215155;F;ES61;215124;213227;_Z;PERSONAS;0.0;A
2016;8385;215156;_T;ES61;215124;213227;_Z;PERSONAS;5.451156577;A
2016;8385;215156;M;ES61;215124;213227;_Z;PERSONAS;3.395907959;A
2016;8385;215156;F;ES61;215124;213227;_Z;PERSONAS;2.055248618;A
2016;8385;215157;_T;ES61;215124;213227;_Z;PERSONAS;0.0;A
2016;8385;215157;M;ES61;215124;213227;_Z;PERSONAS;0.0;A
2016;8385;215157;F;ES61;215124;213227;_Z;PERSONAS;0.0;A
2016;8426;215154;_T;ES61;215124;213227;_Z;PERSONAS;56.369567911;A
2016;8426;215154;M;ES61;215124;213227;_Z;PERSONAS;29.204469944;A
2016;8426;215154;F;ES61;215124;213227;_Z;PERSONAS;27.165097967;A
2016;8426;215155;_T;ES61;215124;213227;_Z;PERSONAS;39.664680691;A
2016;8426;215155;M;ES61;215124;213227;_Z;PERSONAS;24.027778214;A
2016;8426;215155;F;ES61;215124;213227;_Z;PERSONAS;15.636902477;A
2016;8426;215156;_T;ES61;215124;213227;_Z;PERSONAS;11.475563911;A
2016;8426;215156;M;ES61;215124;213227;_Z;PERSONAS;4.140977444;A
2016;8426;215156;F;ES61;215124;213227;_Z;PERSONAS;7.334586467;A
2016;8426;215157;_T;ES61;215124;213227;_Z;PERSONAS;5.229323309;A
2016;8426;215157;M;ES61;215124;213227;_Z;PERSONAS;1.035714286;A
2016;8426;215157;F;ES61;215124;213227;_Z;PERSONAS;4.193609023;A
2017;7859;215154;_T;ES61;215124;213227;_Z;PERSONAS;472.32504137;A
2017;7859;215154;M;ES61;215124;213227;_Z;PERSONAS;285.212431573;A
2017;7859;215154;F;ES61;215124;213227;_Z;PERSONAS;187.112609797;A
2017;7859;215155;_T;ES61;215124;213227;_Z;PERSONAS;153.358956435;A
2017;7859;215155;M;ES61;215124;213227;_Z;PERSONAS;98.006564168;A
2017;7859;215155;F;ES61;215124;213227;_Z;PERSONAS;55.352392267;A
2017;7859;215156;_T;ES61;215124;213227;_Z;PERSONAS;174.389173449;A
2017;7859;215156;M;ES61;215124;213227;_Z;PERSONAS;114.697708876;A
2017;7859;215156;F;ES61;215124;213227;_Z;PERSONAS;59.691464573;A
2017;7859;215157;_T;ES61;215124;213227;_Z;PERSONAS;144.576911486;A
2017;7859;215157;M;ES61;215124;213227;_Z;PERSONAS;72.508158529;A
2017;7859;215157;F;ES61;215124;213227;_Z;PERSONAS;72.068752957;A
2017;7958;215154;_T;ES61;215124;213227;_Z;PERSONAS;29.260869566;A
2017;7958;215154;M;ES61;215124;213227;_Z;PERSONAS;24.260869566;A
2017;7958;215154;F;ES61;215124;213227;_Z;PERSONAS;5.0;A
2017;7958;215155;_T;ES61;215124;213227;_Z;PERSONAS;22.260869566;A
2017;7958;215155;M;ES61;215124;213227;_Z;PERSONAS;17.260869566;A
2017;7958;215155;F;ES61;215124;213227;_Z;PERSONAS;5.0;A
2017;7958;215156;_T;ES61;215124;213227;_Z;PERSONAS;4.0;A
2017;7958;215156;M;ES61;215124;213227;_Z;PERSONAS;4.0;A
2017;7958;215156;F;ES61;215124;213227;_Z;PERSONAS;0.0;A
2017;7958;215157;_T;ES61;215124;213227;_Z;PERSONAS;3.0;A
2017;7958;215157;M;ES61;215124;213227;_Z;PERSONAS;3.0;A
2017;7958;215157;F;ES61;215124;213227;_Z;PERSONAS;0.0;A
2017;7888;215154;_T;ES61;215124;213227;_Z;PERSONAS;3.0;A
2017;7888;215154;M;ES61;215124;213227;_Z;PERSONAS;2.0;A
2017;7888;215154;F;ES61;215124;213227;_Z;PERSONAS;1.0;A
2017;7888;215155;_T;ES61;215124;213227;_Z;PERSONAS;1.0;A
2017;7888;215155;M;ES61;215124;213227;_Z;PERSONAS;1.0;A
2017;7888;215155;F;ES61;215124;213227;_Z;PERSONAS;0.0;A
2017;7888;215156;_T;ES61;215124;213227;_Z;PERSONAS;0.0;A
2017;7888;215156;M;ES61;215124;213227;_Z;PERSONAS;0.0;A
2017;7888;215156;F;ES61;215124;213227;_Z;PERSONAS;0.0;A
2017;7888;215157;_T;ES61;215124;213227;_Z;PERSONAS;2.0;A
2017;7888;215157;M;ES61;215124;213227;_Z;PERSONAS;1.0;A
2017;7888;215157;F;ES61;215124;213227;_Z;PERSONAS;1.0;A
2017;8031;215154;_T;ES61;215124;213227;_Z;PERSONAS;1004.594166364;A
2017;8031;215154;M;ES61;215124;213227;_Z;PERSONAS;805.077220278;A
2017;8031;215154;F;ES61;215124;213227;_Z;PERSONAS;199.516946086;A
2017;8031;215155;_T;ES61;215124;213227;_Z;PERSONAS;436.4072769;A
2017;8031;215155;M;ES61;215124;213227;_Z;PERSONAS;367.787047007;A
2017;8031;215155;F;ES61;215124;213227;_Z;PERSONAS;68.620229893;A
2017;8031;215156;_T;ES61;215124;213227;_Z;PERSONAS;504.736297892;A
2017;8031;215156;M;ES61;215124;213227;_Z;PERSONAS;405.496171525;A
2017;8031;215156;F;ES61;215124;213227;_Z;PERSONAS;99.240126367;A
2017;8031;215157;_T;ES61;215124;213227;_Z;PERSONAS;63.450591572;A
2017;8031;215157;M;ES61;215124;213227;_Z;PERSONAS;31.794001746;A
2017;8031;215157;F;ES61;215124;213227;_Z;PERSONAS;31.656589826;A
2017;8080;215154;_T;ES61;215124;213227;_Z;PERSONAS;31.6;A
2017;8080;215154;M;ES61;215124;213227;_Z;PERSONAS;24.6;A
2017;8080;215154;F;ES61;215124;213227;_Z;PERSONAS;7.0;A
2017;8080;215155;_T;ES61;215124;213227;_Z;PERSONAS;24.6;A
2017;8080;215155;M;ES61;215124;213227;_Z;PERSONAS;18.6;A
2017;8080;215155;F;ES61;215124;213227;_Z;PERSONAS;6.0;A
2017;8080;215156;_T;ES61;215124;213227;_Z;PERSONAS;5.0;A
2017;8080;215156;M;ES61;215124;213227;_Z;PERSONAS;5.0;A
2017;8080;215156;F;ES61;215124;213227;_Z;PERSONAS;0.0;A
2017;8080;215157;_T;ES61;215124;213227;_Z;PERSONAS;2.0;A
2017;8080;215157;M;ES61;215124;213227;_Z;PERSONAS;1.0;A
2017;8080;215157;F;ES61;215124;213227;_Z;PERSONAS;1.0;A
2017;8165;215154;_T;ES61;215124;213227;_Z;PERSONAS;2448.306182009;A
2017;8165;215154;M;ES61;215124;213227;_Z;PERSONAS;1574.164635565;A
2017;8165;215154;F;ES61;215124;213227;_Z;PERSONAS;874.141546444;A
2017;8165;215155;_T;ES61;215124;213227;_Z;PERSONAS;1180.539102678;A
2017;8165;215155;M;ES61;215124;213227;_Z;PERSONAS;784.232298975;A
2017;8165;215155;F;ES61;215124;213227;_Z;PERSONAS;396.306803703;A
2017;8165;215156;_T;ES61;215124;213227;_Z;PERSONAS;917.858141156;A
2017;8165;215156;M;ES61;215124;213227;_Z;PERSONAS;591.65549064;A
2017;8165;215156;F;ES61;215124;213227;_Z;PERSONAS;326.202650516;A
2017;8165;215157;_T;ES61;215124;213227;_Z;PERSONAS;349.908938175;A
2017;8165;215157;M;ES61;215124;213227;_Z;PERSONAS;198.27684595;A
2017;8165;215157;F;ES61;215124;213227;_Z;PERSONAS;151.632092225;A
2017;8255;215154;_T;ES61;215124;213227;_Z;PERSONAS;48.057803083;A
2017;8255;215154;M;ES61;215124;213227;_Z;PERSONAS;38.880112607;A
2017;8255;215154;F;ES61;215124;213227;_Z;PERSONAS;9.177690476;A
2017;8255;215155;_T;ES61;215124;213227;_Z;PERSONAS;35.581303083;A
2017;8255;215155;M;ES61;215124;213227;_Z;PERSONAS;31.092612607;A
2017;8255;215155;F;ES61;215124;213227;_Z;PERSONAS;4.488690476;A
2017;8255;215156;_T;ES61;215124;213227;_Z;PERSONAS;11.2445;A
2017;8255;215156;M;ES61;215124;213227;_Z;PERSONAS;7.7875;A
2017;8255;215156;F;ES61;215124;213227;_Z;PERSONAS;3.457;A
2017;8255;215157;_T;ES61;215124;213227;_Z;PERSONAS;1.232;A
2017;8255;215157;M;ES61;215124;213227;_Z;PERSONAS;0.0;A
2017;8255;215157;F;ES61;215124;213227;_Z;PERSONAS;1.232;A
2017;8345;215154;_T;ES61;215124;213227;_Z;PERSONAS;82.056664662;A
2017;8345;215154;M;ES61;215124;213227;_Z;PERSONAS;35.114800694;A
2017;8345;215154;F;ES61;215124;213227;_Z;PERSONAS;46.941863968;A
2017;8345;215155;_T;ES61;215124;213227;_Z;PERSONAS;58.304092536;A
2017;8345;215155;M;ES61;215124;213227;_Z;PERSONAS;33.991205188;A
2017;8345;215155;F;ES61;215124;213227;_Z;PERSONAS;24.312887348;A
2017;8345;215156;_T;ES61;215124;213227;_Z;PERSONAS;12.299447123;A
2017;8345;215156;M;ES61;215124;213227;_Z;PERSONAS;1.123595506;A
2017;8345;215156;F;ES61;215124;213227;_Z;PERSONAS;11.175851617;A
2017;8345;215157;_T;ES61;215124;213227;_Z;PERSONAS;11.453125003;A
2017;8345;215157;M;ES61;215124;213227;_Z;PERSONAS;0.0;A
2017;8345;215157;F;ES61;215124;213227;_Z;PERSONAS;11.453125003;A
2017;8385;215154;_T;ES61;215124;213227;_Z;PERSONAS;28.146067418;A
2017;8385;215154;M;ES61;215124;213227;_Z;PERSONAS;21.741573035;A
2017;8385;215154;F;ES61;215124;213227;_Z;PERSONAS;6.404494383;A
2017;8385;215155;_T;ES61;215124;213227;_Z;PERSONAS;19.719101125;A
2017;8385;215155;M;ES61;215124;213227;_Z;PERSONAS;16.573033709;A
2017;8385;215155;F;ES61;215124;213227;_Z;PERSONAS;3.146067416;A
2017;8385;215156;_T;ES61;215124;213227;_Z;PERSONAS;8.426966293;A
2017;8385;215156;M;ES61;215124;213227;_Z;PERSONAS;5.168539326;A
2017;8385;215156;F;ES61;215124;213227;_Z;PERSONAS;3.258426967;A
2017;8385;215157;_T;ES61;215124;213227;_Z;PERSONAS;0.0;A
2017;8385;215157;M;ES61;215124;213227;_Z;PERSONAS;0.0;A
2017;8385;215157;F;ES61;215124;213227;_Z;PERSONAS;0.0;A
2017;8426;215154;_T;ES61;215124;213227;_Z;PERSONAS;51.858018389;A
2017;8426;215154;M;ES61;215124;213227;_Z;PERSONAS;25.188968337;A
2017;8426;215154;F;ES61;215124;213227;_Z;PERSONAS;26.669050052;A
2017;8426;215155;_T;ES61;215124;213227;_Z;PERSONAS;41.858018389;A
2017;8426;215155;M;ES61;215124;213227;_Z;PERSONAS;24.188968337;A
2017;8426;215155;F;ES61;215124;213227;_Z;PERSONAS;17.669050052;A
2017;8426;215156;_T;ES61;215124;213227;_Z;PERSONAS;7.0;A
2017;8426;215156;M;ES61;215124;213227;_Z;PERSONAS;1.0;A
2017;8426;215156;F;ES61;215124;213227;_Z;PERSONAS;6.0;A
2017;8426;215157;_T;ES61;215124;213227;_Z;PERSONAS;3.0;A
2017;8426;215157;M;ES61;215124;213227;_Z;PERSONAS;0.0;A
2017;8426;215157;F;ES61;215124;213227;_Z;PERSONAS;3.0;A
2018;7859;215154;_T;ES61;215124;213227;_Z;PERSONAS;531.134679368;A
2018;7859;215154;M;ES61;215124;213227;_Z;PERSONAS;299.352552123;A
2018;7859;215154;F;ES61;215124;213227;_Z;PERSONAS;231.782127245;A
2018;7859;215155;_T;ES61;215124;213227;_Z;PERSONAS;166.976441485;A
2018;7859;215155;M;ES61;215124;213227;_Z;PERSONAS;109.736951301;A
2018;7859;215155;F;ES61;215124;213227;_Z;PERSONAS;57.239490184;A
2018;7859;215156;_T;ES61;215124;213227;_Z;PERSONAS;138.207001998;A
2018;7859;215156;M;ES61;215124;213227;_Z;PERSONAS;83.949873773;A
2018;7859;215156;F;ES61;215124;213227;_Z;PERSONAS;54.257128225;A
2018;7859;215157;_T;ES61;215124;213227;_Z;PERSONAS;225.951235885;A
2018;7859;215157;M;ES61;215124;213227;_Z;PERSONAS;105.665727049;A
2018;7859;215157;F;ES61;215124;213227;_Z;PERSONAS;120.285508836;A
2018;7958;215154;_T;ES61;215124;213227;_Z;PERSONAS;40.064615386;A
2018;7958;215154;M;ES61;215124;213227;_Z;PERSONAS;29.36923077;A
2018;7958;215154;F;ES61;215124;213227;_Z;PERSONAS;10.695384616;A
2018;7958;215155;_T;ES61;215124;213227;_Z;PERSONAS;18.581538462;A
2018;7958;215155;M;ES61;215124;213227;_Z;PERSONAS;11.233846154;A
2018;7958;215155;F;ES61;215124;213227;_Z;PERSONAS;7.347692308;A
2018;7958;215156;_T;ES61;215124;213227;_Z;PERSONAS;13.163076924;A
2018;7958;215156;M;ES61;215124;213227;_Z;PERSONAS;10.855384616;A
2018;7958;215156;F;ES61;215124;213227;_Z;PERSONAS;2.307692308;A
2018;7958;215157;_T;ES61;215124;213227;_Z;PERSONAS;8.32;A
2018;7958;215157;M;ES61;215124;213227;_Z;PERSONAS;7.28;A
2018;7958;215157;F;ES61;215124;213227;_Z;PERSONAS;1.04;A
2018;8031;215154;_T;ES61;215124;213227;_Z;PERSONAS;1097.413078716;A
2018;8031;215154;M;ES61;215124;213227;_Z;PERSONAS;874.652102333;A
2018;8031;215154;F;ES61;215124;213227;_Z;PERSONAS;222.760976383;A
2018;8031;215155;_T;ES61;215124;213227;_Z;PERSONAS;492.355813113;A
2018;8031;215155;M;ES61;215124;213227;_Z;PERSONAS;393.938842455;A
2018;8031;215155;F;ES61;215124;213227;_Z;PERSONAS;98.416970658;A
2018;8031;215156;_T;ES61;215124;213227;_Z;PERSONAS;523.15326499;A
2018;8031;215156;M;ES61;215124;213227;_Z;PERSONAS;436.79388479;A
2018;8031;215156;F;ES61;215124;213227;_Z;PERSONAS;86.3593802;A
2018;8031;215157;_T;ES61;215124;213227;_Z;PERSONAS;81.904000613;A
2018;8031;215157;M;ES61;215124;213227;_Z;PERSONAS;43.919375088;A
2018;8031;215157;F;ES61;215124;213227;_Z;PERSONAS;37.984625525;A
2018;8080;215154;_T;ES61;215124;213227;_Z;PERSONAS;7.08695652;A
2018;8080;215154;M;ES61;215124;213227;_Z;PERSONAS;5.06521739;A
2018;8080;215154;F;ES61;215124;213227;_Z;PERSONAS;2.02173913;A
2018;8080;215155;_T;ES61;215124;213227;_Z;PERSONAS;2.02173913;A
2018;8080;215155;M;ES61;215124;213227;_Z;PERSONAS;2.02173913;A
2018;8080;215155;F;ES61;215124;213227;_Z;PERSONAS;0.0;A
2018;8080;215156;_T;ES61;215124;213227;_Z;PERSONAS;5.06521739;A
2018;8080;215156;M;ES61;215124;213227;_Z;PERSONAS;3.04347826;A
2018;8080;215156;F;ES61;215124;213227;_Z;PERSONAS;2.02173913;A
2018;8080;215157;_T;ES61;215124;213227;_Z;PERSONAS;0.0;A
2018;8080;215157;M;ES61;215124;213227;_Z;PERSONAS;0.0;A
2018;8080;215157;F;ES61;215124;213227;_Z;PERSONAS;0.0;A
2018;8165;215154;_T;ES61;215124;213227;_Z;PERSONAS;2877.702872993;A
2018;8165;215154;M;ES61;215124;213227;_Z;PERSONAS;1891.26936396;A
2018;8165;215154;F;ES61;215124;213227;_Z;PERSONAS;986.433509033;A
2018;8165;215155;_T;ES61;215124;213227;_Z;PERSONAS;1532.422489472;A
2018;8165;215155;M;ES61;215124;213227;_Z;PERSONAS;1029.830038665;A
2018;8165;215155;F;ES61;215124;213227;_Z;PERSONAS;502.592450807;A
2018;8165;215156;_T;ES61;215124;213227;_Z;PERSONAS;848.5294342;A
2018;8165;215156;M;ES61;215124;213227;_Z;PERSONAS;580.507446253;A
2018;8165;215156;F;ES61;215124;213227;_Z;PERSONAS;268.021987947;A
2018;8165;215157;_T;ES61;215124;213227;_Z;PERSONAS;496.750949321;A
2018;8165;215157;M;ES61;215124;213227;_Z;PERSONAS;280.931879042;A
2018;8165;215157;F;ES61;215124;213227;_Z;PERSONAS;215.819070279;A
2018;8255;215154;_T;ES61;215124;213227;_Z;PERSONAS;95.735253666;A
2018;8255;215154;M;ES61;215124;213227;_Z;PERSONAS;72.488516612;A
2018;8255;215154;F;ES61;215124;213227;_Z;PERSONAS;23.246737054;A
2018;8255;215155;_T;ES61;215124;213227;_Z;PERSONAS;51.012013858;A
2018;8255;215155;M;ES61;215124;213227;_Z;PERSONAS;42.267827814;A
2018;8255;215155;F;ES61;215124;213227;_Z;PERSONAS;8.744186044;A
2018;8255;215156;_T;ES61;215124;213227;_Z;PERSONAS;34.131445521;A
2018;8255;215156;M;ES61;215124;213227;_Z;PERSONAS;25.057898102;A
2018;8255;215156;F;ES61;215124;213227;_Z;PERSONAS;9.073547419;A
2018;8255;215157;_T;ES61;215124;213227;_Z;PERSONAS;10.591794287;A
2018;8255;215157;M;ES61;215124;213227;_Z;PERSONAS;5.162790696;A
2018;8255;215157;F;ES61;215124;213227;_Z;PERSONAS;5.429003591;A
2018;8345;215154;_T;ES61;215124;213227;_Z;PERSONAS;103.098089465;A
2018;8345;215154;M;ES61;215124;213227;_Z;PERSONAS;42.198207027;A
2018;8345;215154;F;ES61;215124;213227;_Z;PERSONAS;60.899882438;A
2018;8345;215155;_T;ES61;215124;213227;_Z;PERSONAS;63.432437123;A
2018;8345;215155;M;ES61;215124;213227;_Z;PERSONAS;39.689435097;A
2018;8345;215155;F;ES61;215124;213227;_Z;PERSONAS;23.743002026;A
2018;8345;215156;_T;ES61;215124;213227;_Z;PERSONAS;27.677841369;A
2018;8345;215156;M;ES61;215124;213227;_Z;PERSONAS;2.50877193;A
2018;8345;215156;F;ES61;215124;213227;_Z;PERSONAS;25.169069439;A
2018;8345;215157;_T;ES61;215124;213227;_Z;PERSONAS;11.987810973;A
2018;8345;215157;M;ES61;215124;213227;_Z;PERSONAS;0.0;A
2018;8345;215157;F;ES61;215124;213227;_Z;PERSONAS;11.987810973;A
2018;8385;215154;_T;ES61;215124;213227;_Z;PERSONAS;25.059429825;A
2018;8385;215154;M;ES61;215124;213227;_Z;PERSONAS;15.665679825;A
2018;8385;215154;F;ES61;215124;213227;_Z;PERSONAS;9.39375;A
2018;8385;215155;_T;ES61;215124;213227;_Z;PERSONAS;10.446929825;A
2018;8385;215155;M;ES61;215124;213227;_Z;PERSONAS;9.403179825;A
2018;8385;215155;F;ES61;215124;213227;_Z;PERSONAS;1.04375;A
2018;8385;215156;_T;ES61;215124;213227;_Z;PERSONAS;14.6125;A
2018;8385;215156;M;ES61;215124;213227;_Z;PERSONAS;6.2625;A
2018;8385;215156;F;ES61;215124;213227;_Z;PERSONAS;8.35;A
2018;8385;215157;_T;ES61;215124;213227;_Z;PERSONAS;0.0;A
2018;8385;215157;M;ES61;215124;213227;_Z;PERSONAS;0.0;A
2018;8385;215157;F;ES61;215124;213227;_Z;PERSONAS;0.0;A
2018;8426;215154;_T;ES61;215124;213227;_Z;PERSONAS;71.871166529;A
2018;8426;215154;M;ES61;215124;213227;_Z;PERSONAS;32.114154693;A
2018;8426;215154;F;ES61;215124;213227;_Z;PERSONAS;39.757011836;A
2018;8426;215155;_T;ES61;215124;213227;_Z;PERSONAS;37.828440408;A
2018;8426;215155;M;ES61;215124;213227;_Z;PERSONAS;22.220412072;A
2018;8426;215155;F;ES61;215124;213227;_Z;PERSONAS;15.608028336;A
2018;8426;215156;_T;ES61;215124;213227;_Z;PERSONAS;28.077554928;A
2018;8426;215156;M;ES61;215124;213227;_Z;PERSONAS;9.893742621;A
2018;8426;215156;F;ES61;215124;213227;_Z;PERSONAS;18.183812307;A
2018;8426;215157;_T;ES61;215124;213227;_Z;PERSONAS;5.965171193;A
2018;8426;215157;M;ES61;215124;213227;_Z;PERSONAS;0.0;A
2018;8426;215157;F;ES61;215124;213227;_Z;PERSONAS;5.965171193;A
2019;7859;215154;_T;ES61;215124;213227;_Z;PERSONAS;624.20895897;A
2019;7859;215154;M;ES61;215124;213227;_Z;PERSONAS;336.499207998;A
2019;7859;215154;F;ES61;215124;213227;_Z;PERSONAS;287.709750972;A
2019;7859;215155;_T;ES61;215124;213227;_Z;PERSONAS;167.393278074;A
2019;7859;215155;M;ES61;215124;213227;_Z;PERSONAS;100.097782822;A
2019;7859;215155;F;ES61;215124;213227;_Z;PERSONAS;67.295495252;A
2019;7859;215156;_T;ES61;215124;213227;_Z;PERSONAS;183.413991312;A
2019;7859;215156;M;ES61;215124;213227;_Z;PERSONAS;106.961620584;A
2019;7859;215156;F;ES61;215124;213227;_Z;PERSONAS;76.452370728;A
2019;7859;215157;_T;ES61;215124;213227;_Z;PERSONAS;273.401689584;A
2019;7859;215157;M;ES61;215124;213227;_Z;PERSONAS;129.439804592;A
2019;7859;215157;F;ES61;215124;213227;_Z;PERSONAS;143.961884992;A
2019;7958;215154;_T;ES61;215124;213227;_Z;PERSONAS;14.594117649;A
2019;7958;215154;M;ES61;215124;213227;_Z;PERSONAS;13.47647059;A
2019;7958;215154;F;ES61;215124;213227;_Z;PERSONAS;1.117647059;A
2019;7958;215155;_T;ES61;215124;213227;_Z;PERSONAS;4.535294118;A
2019;7958;215155;M;ES61;215124;213227;_Z;PERSONAS;3.417647059;A
2019;7958;215155;F;ES61;215124;213227;_Z;PERSONAS;1.117647059;A
2019;7958;215156;_T;ES61;215124;213227;_Z;PERSONAS;3.352941177;A
2019;7958;215156;M;ES61;215124;213227;_Z;PERSONAS;3.352941177;A
2019;7958;215156;F;ES61;215124;213227;_Z;PERSONAS;0.0;A
2019;7958;215157;_T;ES61;215124;213227;_Z;PERSONAS;6.705882354;A
2019;7958;215157;M;ES61;215124;213227;_Z;PERSONAS;6.705882354;A
2019;7958;215157;F;ES61;215124;213227;_Z;PERSONAS;0.0;A
2019;7888;215154;_T;ES61;215124;213227;_Z;PERSONAS;2.0;A
2019;7888;215154;M;ES61;215124;213227;_Z;PERSONAS;2.0;A
2019;7888;215154;F;ES61;215124;213227;_Z;PERSONAS;0.0;A
2019;7888;215155;_T;ES61;215124;213227;_Z;PERSONAS;1.0;A
2019;7888;215155;M;ES61;215124;213227;_Z;PERSONAS;1.0;A
2019;7888;215155;F;ES61;215124;213227;_Z;PERSONAS;0.0;A
2019;7888;215156;_T;ES61;215124;213227;_Z;PERSONAS;0.0;A
2019;7888;215156;M;ES61;215124;213227;_Z;PERSONAS;0.0;A
2019;7888;215156;F;ES61;215124;213227;_Z;PERSONAS;0.0;A
2019;7888;215157;_T;ES61;215124;213227;_Z;PERSONAS;1.0;A
2019;7888;215157;M;ES61;215124;213227;_Z;PERSONAS;1.0;A
2019;7888;215157;F;ES61;215124;213227;_Z;PERSONAS;0.0;A
2019;8031;215154;_T;ES61;215124;213227;_Z;PERSONAS;1320.009530755;A
2019;8031;215154;M;ES61;215124;213227;_Z;PERSONAS;1062.159931345;A
2019;8031;215154;F;ES61;215124;213227;_Z;PERSONAS;257.84959941;A
2019;8031;215155;_T;ES61;215124;213227;_Z;PERSONAS;545.388226818;A
2019;8031;215155;M;ES61;215124;213227;_Z;PERSONAS;450.038344103;A
2019;8031;215155;F;ES61;215124;213227;_Z;PERSONAS;95.349882715;A
2019;8031;215156;_T;ES61;215124;213227;_Z;PERSONAS;654.454661522;A
2019;8031;215156;M;ES61;215124;213227;_Z;PERSONAS;546.94584357;A
2019;8031;215156;F;ES61;215124;213227;_Z;PERSONAS;107.508817952;A
2019;8031;215157;_T;ES61;215124;213227;_Z;PERSONAS;120.166642415;A
2019;8031;215157;M;ES61;215124;213227;_Z;PERSONAS;65.175743672;A
2019;8031;215157;F;ES61;215124;213227;_Z;PERSONAS;54.990898743;A
2019;8080;215154;_T;ES61;215124;213227;_Z;PERSONAS;1.142857143;A
2019;8080;215154;M;ES61;215124;213227;_Z;PERSONAS;1.142857143;A
2019;8080;215154;F;ES61;215124;213227;_Z;PERSONAS;0.0;A
2019;8080;215155;_T;ES61;215124;213227;_Z;PERSONAS;1.142857143;A
2019;8080;215155;M;ES61;215124;213227;_Z;PERSONAS;1.142857143;A
2019;8080;215155;F;ES61;215124;213227;_Z;PERSONAS;0.0;A
2019;8080;215156;_T;ES61;215124;213227;_Z;PERSONAS;0.0;A
2019;8080;215156;M;ES61;215124;213227;_Z;PERSONAS;0.0;A
2019;8080;215156;F;ES61;215124;213227;_Z;PERSONAS;0.0;A
2019;8080;215157;_T;ES61;215124;213227;_Z;PERSONAS;0.0;A
2019;8080;215157;M;ES61;215124;213227;_Z;PERSONAS;0.0;A
2019;8080;215157;F;ES61;215124;213227;_Z;PERSONAS;0.0;A
2019;8165;215154;_T;ES61;215124;213227;_Z;PERSONAS;3104.171272255;A
2019;8165;215154;M;ES61;215124;213227;_Z;PERSONAS;2067.207744999;A
2019;8165;215154;F;ES61;215124;213227;_Z;PERSONAS;1036.963527256;A
2019;8165;215155;_T;ES61;215124;213227;_Z;PERSONAS;1541.711889806;A
2019;8165;215155;M;ES61;215124;213227;_Z;PERSONAS;1072.410644189;A
2019;8165;215155;F;ES61;215124;213227;_Z;PERSONAS;469.301245617;A
2019;8165;215156;_T;ES61;215124;213227;_Z;PERSONAS;1063.74970598;A
2019;8165;215156;M;ES61;215124;213227;_Z;PERSONAS;717.370136325;A
2019;8165;215156;F;ES61;215124;213227;_Z;PERSONAS;346.379569655;A
2019;8165;215157;_T;ES61;215124;213227;_Z;PERSONAS;498.709676469;A
2019;8165;215157;M;ES61;215124;213227;_Z;PERSONAS;277.426964485;A
2019;8165;215157;F;ES61;215124;213227;_Z;PERSONAS;221.282711984;A
2019;8255;215154;_T;ES61;215124;213227;_Z;PERSONAS;92.73202177;A
2019;8255;215154;M;ES61;215124;213227;_Z;PERSONAS;71.303244369;A
2019;8255;215154;F;ES61;215124;213227;_Z;PERSONAS;21.428777401;A
2019;8255;215155;_T;ES61;215124;213227;_Z;PERSONAS;56.706380749;A
2019;8255;215155;M;ES61;215124;213227;_Z;PERSONAS;45.995552064;A
2019;8255;215155;F;ES61;215124;213227;_Z;PERSONAS;10.710828685;A
2019;8255;215156;_T;ES61;215124;213227;_Z;PERSONAS;29.923076919;A
2019;8255;215156;M;ES61;215124;213227;_Z;PERSONAS;20.923076921;A
2019;8255;215156;F;ES61;215124;213227;_Z;PERSONAS;8.999999998;A
2019;8255;215157;_T;ES61;215124;213227;_Z;PERSONAS;6.102564102;A
2019;8255;215157;M;ES61;215124;213227;_Z;PERSONAS;4.384615384;A
2019;8255;215157;F;ES61;215124;213227;_Z;PERSONAS;1.717948718;A
2019;8345;215154;_T;ES61;215124;213227;_Z;PERSONAS;122.070453246;A
2019;8345;215154;M;ES61;215124;213227;_Z;PERSONAS;63.718531273;A
2019;8345;215154;F;ES61;215124;213227;_Z;PERSONAS;58.351921973;A
2019;8345;215155;_T;ES61;215124;213227;_Z;PERSONAS;71.154354566;A
2019;8345;215155;M;ES61;215124;213227;_Z;PERSONAS;47.036626511;A
2019;8345;215155;F;ES61;215124;213227;_Z;PERSONAS;24.117728055;A
2019;8345;215156;_T;ES61;215124;213227;_Z;PERSONAS;38.535238094;A
2019;8345;215156;M;ES61;215124;213227;_Z;PERSONAS;16.681904762;A
2019;8345;215156;F;ES61;215124;213227;_Z;PERSONAS;21.853333332;A
2019;8345;215157;_T;ES61;215124;213227;_Z;PERSONAS;12.380860586;A
2019;8345;215157;M;ES61;215124;213227;_Z;PERSONAS;0.0;A
2019;8345;215157;F;ES61;215124;213227;_Z;PERSONAS;12.380860586;A
2019;8385;215154;_T;ES61;215124;213227;_Z;PERSONAS;13.939759041;A
2019;8385;215154;M;ES61;215124;213227;_Z;PERSONAS;5.361445785;A
2019;8385;215154;F;ES61;215124;213227;_Z;PERSONAS;8.578313256;A
2019;8385;215155;_T;ES61;215124;213227;_Z;PERSONAS;5.361445785;A
2019;8385;215155;M;ES61;215124;213227;_Z;PERSONAS;2.144578314;A
2019;8385;215155;F;ES61;215124;213227;_Z;PERSONAS;3.216867471;A
2019;8385;215156;_T;ES61;215124;213227;_Z;PERSONAS;8.578313256;A
2019;8385;215156;M;ES61;215124;213227;_Z;PERSONAS;3.216867471;A
2019;8385;215156;F;ES61;215124;213227;_Z;PERSONAS;5.361445785;A
2019;8385;215157;_T;ES61;215124;213227;_Z;PERSONAS;0.0;A
2019;8385;215157;M;ES61;215124;213227;_Z;PERSONAS;0.0;A
2019;8385;215157;F;ES61;215124;213227;_Z;PERSONAS;0.0;A
2019;8426;215154;_T;ES61;215124;213227;_Z;PERSONAS;87.687263384;A
2019;8426;215154;M;ES61;215124;213227;_Z;PERSONAS;35.898660448;A
2019;8426;215154;F;ES61;215124;213227;_Z;PERSONAS;51.788602936;A
2019;8426;215155;_T;ES61;215124;213227;_Z;PERSONAS;55.357418456;A
2019;8426;215155;M;ES61;215124;213227;_Z;PERSONAS;30.714036104;A
2019;8426;215155;F;ES61;215124;213227;_Z;PERSONAS;24.643382352;A
2019;8426;215156;_T;ES61;215124;213227;_Z;PERSONAS;29.329844928;A
2019;8426;215156;M;ES61;215124;213227;_Z;PERSONAS;5.184624344;A
2019;8426;215156;F;ES61;215124;213227;_Z;PERSONAS;24.145220584;A
2019;8426;215157;_T;ES61;215124;213227;_Z;PERSONAS;3.0;A
2019;8426;215157;M;ES61;215124;213227;_Z;PERSONAS;0.0;A
2019;8426;215157;F;ES61;215124;213227;_Z;PERSONAS;3.0;A
2020;7859;215154;_T;ES61;215124;213227;_Z;PERSONAS;789.712877781;A
2020;7859;215154;M;ES61;215124;213227;_Z;PERSONAS;472.851649655;A
2020;7859;215154;F;ES61;215124;213227;_Z;PERSONAS;316.861228126;A
2020;7859;215155;_T;ES61;215124;213227;_Z;PERSONAS;240.682837929;A
2020;7859;215155;M;ES61;215124;213227;_Z;PERSONAS;155.685165015;A
2020;7859;215155;F;ES61;215124;213227;_Z;PERSONAS;84.997672914;A
2020;7859;215156;_T;ES61;215124;213227;_Z;PERSONAS;267.340435547;A
2020;7859;215156;M;ES61;215124;213227;_Z;PERSONAS;172.163203615;A
2020;7859;215156;F;ES61;215124;213227;_Z;PERSONAS;95.177231932;A
2020;7859;215157;_T;ES61;215124;213227;_Z;PERSONAS;281.689604305;A
2020;7859;215157;M;ES61;215124;213227;_Z;PERSONAS;145.003281025;A
2020;7859;215157;F;ES61;215124;213227;_Z;PERSONAS;136.68632328;A
2020;7958;215154;_T;ES61;215124;213227;_Z;PERSONAS;2.08;A
2020;7958;215154;M;ES61;215124;213227;_Z;PERSONAS;2.08;A
2020;7958;215154;F;ES61;215124;213227;_Z;PERSONAS;0.0;A
2020;7958;215155;_T;ES61;215124;213227;_Z;PERSONAS;2.08;A
2020;7958;215155;M;ES61;215124;213227;_Z;PERSONAS;2.08;A
2020;7958;215155;F;ES61;215124;213227;_Z;PERSONAS;0.0;A
2020;7958;215156;_T;ES61;215124;213227;_Z;PERSONAS;0.0;A
2020;7958;215156;M;ES61;215124;213227;_Z;PERSONAS;0.0;A
2020;7958;215156;F;ES61;215124;213227;_Z;PERSONAS;0.0;A
2020;7958;215157;_T;ES61;215124;213227;_Z;PERSONAS;0.0;A
2020;7958;215157;M;ES61;215124;213227;_Z;PERSONAS;0.0;A
2020;7958;215157;F;ES61;215124;213227;_Z;PERSONAS;0.0;A
2020;7888;215154;_T;ES61;215124;213227;_Z;PERSONAS;9.815789474;A
2020;7888;215154;M;ES61;215124;213227;_Z;PERSONAS;8.315789474;A
2020;7888;215154;F;ES61;215124;213227;_Z;PERSONAS;1.5;A
2020;7888;215155;_T;ES61;215124;213227;_Z;PERSONAS;7.157894737;A
2020;7888;215155;M;ES61;215124;213227;_Z;PERSONAS;7.157894737;A
2020;7888;215155;F;ES61;215124;213227;_Z;PERSONAS;0.0;A
2020;7888;215156;_T;ES61;215124;213227;_Z;PERSONAS;0.0;A
2020;7888;215156;M;ES61;215124;213227;_Z;PERSONAS;0.0;A
2020;7888;215156;F;ES61;215124;213227;_Z;PERSONAS;0.0;A
2020;7888;215157;_T;ES61;215124;213227;_Z;PERSONAS;2.657894737;A
2020;7888;215157;M;ES61;215124;213227;_Z;PERSONAS;1.157894737;A
2020;7888;215157;F;ES61;215124;213227;_Z;PERSONAS;1.5;A
2020;8031;215154;_T;ES61;215124;213227;_Z;PERSONAS;1882.937137752;A
2020;8031;215154;M;ES61;215124;213227;_Z;PERSONAS;1540.938717546;A
2020;8031;215154;F;ES61;215124;213227;_Z;PERSONAS;341.998420206;A
2020;8031;215155;_T;ES61;215124;213227;_Z;PERSONAS;865.126965908;A
2020;8031;215155;M;ES61;215124;213227;_Z;PERSONAS;750.22359058;A
2020;8031;215155;F;ES61;215124;213227;_Z;PERSONAS;114.903375328;A
2020;8031;215156;_T;ES61;215124;213227;_Z;PERSONAS;897.441485502;A
2020;8031;215156;M;ES61;215124;213227;_Z;PERSONAS;727.625816342;A
2020;8031;215156;F;ES61;215124;213227;_Z;PERSONAS;169.81566916;A
2020;8031;215157;_T;ES61;215124;213227;_Z;PERSONAS;120.368686342;A
2020;8031;215157;M;ES61;215124;213227;_Z;PERSONAS;63.089310624;A
2020;8031;215157;F;ES61;215124;213227;_Z;PERSONAS;57.279375718;A
2020;8080;215154;_T;ES61;215124;213227;_Z;PERSONAS;13.0;A
2020;8080;215154;M;ES61;215124;213227;_Z;PERSONAS;10.0;A
2020;8080;215154;F;ES61;215124;213227;_Z;PERSONAS;3.0;A
2020;8080;215155;_T;ES61;215124;213227;_Z;PERSONAS;9.0;A
2020;8080;215155;M;ES61;215124;213227;_Z;PERSONAS;7.0;A
2020;8080;215155;F;ES61;215124;213227;_Z;PERSONAS;2.0;A
2020;8080;215156;_T;ES61;215124;213227;_Z;PERSONAS;4.0;A
2020;8080;215156;M;ES61;215124;213227;_Z;PERSONAS;3.0;A
2020;8080;215156;F;ES61;215124;213227;_Z;PERSONAS;1.0;A
2020;8080;215157;_T;ES61;215124;213227;_Z;PERSONAS;0.0;A
2020;8080;215157;M;ES61;215124;213227;_Z;PERSONAS;0.0;A
2020;8080;215157;F;ES61;215124;213227;_Z;PERSONAS;0.0;A
2020;8165;215154;_T;ES61;215124;213227;_Z;PERSONAS;2632.130179073;A
2020;8165;215154;M;ES61;215124;213227;_Z;PERSONAS;1801.18036888;A
2020;8165;215154;F;ES61;215124;213227;_Z;PERSONAS;830.949810193;A
2020;8165;215155;_T;ES61;215124;213227;_Z;PERSONAS;1183.166539918;A
2020;8165;215155;M;ES61;215124;213227;_Z;PERSONAS;810.345653688;A
2020;8165;215155;F;ES61;215124;213227;_Z;PERSONAS;372.82088623;A
2020;8165;215156;_T;ES61;215124;213227;_Z;PERSONAS;832.326822577;A
2020;8165;215156;M;ES61;215124;213227;_Z;PERSONAS;558.824838088;A
2020;8165;215156;F;ES61;215124;213227;_Z;PERSONAS;273.501984489;A
2020;8165;215157;_T;ES61;215124;213227;_Z;PERSONAS;616.636816578;A
2020;8165;215157;M;ES61;215124;213227;_Z;PERSONAS;432.009877104;A
2020;8165;215157;F;ES61;215124;213227;_Z;PERSONAS;184.626939474;A
2020;8255;215154;_T;ES61;215124;213227;_Z;PERSONAS;89.584606827;A
2020;8255;215154;M;ES61;215124;213227;_Z;PERSONAS;67.576965818;A
2020;8255;215154;F;ES61;215124;213227;_Z;PERSONAS;22.007641009;A
2020;8255;215155;_T;ES61;215124;213227;_Z;PERSONAS;42.439010834;A
2020;8255;215155;M;ES61;215124;213227;_Z;PERSONAS;36.757015836;A
2020;8255;215155;F;ES61;215124;213227;_Z;PERSONAS;5.681994998;A
2020;8255;215156;_T;ES61;215124;213227;_Z;PERSONAS;34.464851342;A
2020;8255;215156;M;ES61;215124;213227;_Z;PERSONAS;26.295359818;A
2020;8255;215156;F;ES61;215124;213227;_Z;PERSONAS;8.169491524;A
2020;8255;215157;_T;ES61;215124;213227;_Z;PERSONAS;12.680744651;A
2020;8255;215157;M;ES61;215124;213227;_Z;PERSONAS;4.524590164;A
2020;8255;215157;F;ES61;215124;213227;_Z;PERSONAS;8.156154487;A
2020;8345;215154;_T;ES61;215124;213227;_Z;PERSONAS;113.367696317;A
2020;8345;215154;M;ES61;215124;213227;_Z;PERSONAS;47.05425156;A
2020;8345;215154;F;ES61;215124;213227;_Z;PERSONAS;66.313444757;A
2020;8345;215155;_T;ES61;215124;213227;_Z;PERSONAS;68.902949932;A
2020;8345;215155;M;ES61;215124;213227;_Z;PERSONAS;38.821803743;A
2020;8345;215155;F;ES61;215124;213227;_Z;PERSONAS;30.081146189;A
2020;8345;215156;_T;ES61;215124;213227;_Z;PERSONAS;26.973908914;A
2020;8345;215156;M;ES61;215124;213227;_Z;PERSONAS;7.232447817;A
2020;8345;215156;F;ES61;215124;213227;_Z;PERSONAS;19.741461097;A
2020;8345;215157;_T;ES61;215124;213227;_Z;PERSONAS;17.490837471;A
2020;8345;215157;M;ES61;215124;213227;_Z;PERSONAS;1.0;A
2020;8345;215157;F;ES61;215124;213227;_Z;PERSONAS;16.490837471;A
2020;8385;215154;_T;ES61;215124;213227;_Z;PERSONAS;12.908638518;A
2020;8385;215154;M;ES61;215124;213227;_Z;PERSONAS;6.841222788;A
2020;8385;215154;F;ES61;215124;213227;_Z;PERSONAS;6.06741573;A
2020;8385;215155;_T;ES61;215124;213227;_Z;PERSONAS;5.535100339;A
2020;8385;215155;M;ES61;215124;213227;_Z;PERSONAS;4.523864384;A
2020;8385;215155;F;ES61;215124;213227;_Z;PERSONAS;1.011235955;A
2020;8385;215156;_T;ES61;215124;213227;_Z;PERSONAS;7.373538179;A
2020;8385;215156;M;ES61;215124;213227;_Z;PERSONAS;2.317358404;A
2020;8385;215156;F;ES61;215124;213227;_Z;PERSONAS;5.056179775;A
2020;8385;215157;_T;ES61;215124;213227;_Z;PERSONAS;0.0;A
2020;8385;215157;M;ES61;215124;213227;_Z;PERSONAS;0.0;A
2020;8385;215157;F;ES61;215124;213227;_Z;PERSONAS;0.0;A
2020;8426;215154;_T;ES61;215124;213227;_Z;PERSONAS;69.04446122;A
2020;8426;215154;M;ES61;215124;213227;_Z;PERSONAS;38.008019117;A
2020;8426;215154;F;ES61;215124;213227;_Z;PERSONAS;31.036442103;A
2020;8426;215155;_T;ES61;215124;213227;_Z;PERSONAS;42.337135708;A
2020;8426;215155;M;ES61;215124;213227;_Z;PERSONAS;24.865957668;A
2020;8426;215155;F;ES61;215124;213227;_Z;PERSONAS;17.47117804;A
2020;8426;215156;_T;ES61;215124;213227;_Z;PERSONAS;19.349482374;A
2020;8426;215156;M;ES61;215124;213227;_Z;PERSONAS;13.142061449;A
2020;8426;215156;F;ES61;215124;213227;_Z;PERSONAS;6.207420925;A
2020;8426;215157;_T;ES61;215124;213227;_Z;PERSONAS;7.357843138;A
2020;8426;215157;M;ES61;215124;213227;_Z;PERSONAS;0.0;A
2020;8426;215157;F;ES61;215124;213227;_Z;PERSONAS;7.357843138;A
