OBS_STATUS;RESITUR;TEMPORAL;INDICATOR;OBS_VALUE;FREQ
A;55564;2020;VIAJEROS;175122.766209023;A
A;55564;2019;VIAJEROS;255171.926379503;A
A;55564;2018;VIAJEROS;232029.89924825;A
A;55564;2017;VIAJEROS;213410.418223652;A
A;55564;2016;VIAJEROS;182898.374008614;A
A;55564;2015;VIAJEROS;168591.267637937;A
A;55564;2014;VIAJEROS;145780.969435789;A
A;55564;2013;VIAJEROS;133581.053911539;A
A;55543;2020;VIAJEROS;140570.834292716;A
A;55543;2019;VIAJEROS;185212.494670657;A
A;55543;2018;VIAJEROS;168645.8715598;A
A;55543;2017;VIAJEROS;158808.2681273;A
A;55543;2016;VIAJEROS;135100.2107732;A
A;55543;2015;VIAJEROS;123658.6118544;A
A;55543;2014;VIAJEROS;108764.8461233;A
A;55543;2013;VIAJEROS;95026.0505243;A
A;55563;2020;VIAJEROS;34551.931916307;A
A;55563;2019;VIAJEROS;69959.431708846;A
A;55563;2018;VIAJEROS;63384.02768845;A
A;55563;2017;VIAJEROS;54602.150096352;A
A;55563;2016;VIAJEROS;47798.163235414;A
A;55563;2015;VIAJEROS;44932.655783537;A
A;55563;2014;VIAJEROS;37016.123312489;A
A;55563;2013;VIAJEROS;38555.003387239;A
A;55545;2020;VIAJEROS;231.193497984;A
A;55545;2019;VIAJEROS;1099.922010198;A
A;55545;2018;VIAJEROS;758.93900753;A
A;55545;2017;VIAJEROS;649.241688151;A
A;55545;2016;VIAJEROS;491.203132606;A
A;55545;2015;VIAJEROS;660.280951873;A
A;55545;2014;VIAJEROS;278.477647535;A
A;55545;2013;VIAJEROS;398.658352505;A
A;55546;2020;VIAJEROS;140.571902375;A
A;55546;2019;VIAJEROS;597.786990217;A
A;55546;2018;VIAJEROS;439.914931994;A
A;55546;2017;VIAJEROS;479.731253202;A
A;55546;2016;VIAJEROS;244.426567384;A
A;55546;2015;VIAJEROS;361.761458931;A
A;55546;2014;VIAJEROS;424.830569421;A
A;55546;2013;VIAJEROS;391.200075161;A
A;55547;2020;VIAJEROS;221.638544041;A
A;55547;2019;VIAJEROS;1491.089522508;A
A;55547;2018;VIAJEROS;555.586246511;A
A;55547;2017;VIAJEROS;488.955663768;A
A;55547;2016;VIAJEROS;562.159619688;A
A;55547;2015;VIAJEROS;571.756054398;A
A;55547;2014;VIAJEROS;113.727221562;A
A;55547;2013;VIAJEROS;323.820642562;A
A;55548;2020;VIAJEROS;202.603422452;A
A;55548;2019;VIAJEROS;493.128238158;A
A;55548;2018;VIAJEROS;554.262033772;A
A;55548;2017;VIAJEROS;293.018571815;A
A;55548;2016;VIAJEROS;248.691125446;A
A;55548;2015;VIAJEROS;254.066919308;A
A;55548;2014;VIAJEROS;144.604340828;A
A;55548;2013;VIAJEROS;131.785010226;A
A;55549;2020;VIAJEROS;916.497346529;A
A;55549;2019;VIAJEROS;2314.185649745;A
A;55549;2018;VIAJEROS;2034.381699821;A
A;55549;2017;VIAJEROS;1705.981677544;A
A;55549;2016;VIAJEROS;983.341229846;A
A;55549;2015;VIAJEROS;1624.995299952;A
A;55549;2014;VIAJEROS;1041.572688202;A
A;55549;2013;VIAJEROS;1187.202253503;A
A;55550;2020;VIAJEROS;1965.335309031;A
A;55550;2019;VIAJEROS;4648.253898535;A
A;55550;2018;VIAJEROS;3604.11042017;A
A;55550;2017;VIAJEROS;3563.049883632;A
A;55550;2016;VIAJEROS;3173.743177748;A
A;55550;2015;VIAJEROS;2778.757391123;A
A;55550;2014;VIAJEROS;2168.111573665;A
A;55550;2013;VIAJEROS;2375.31405176;A
A;55551;2020;VIAJEROS;3536.043431819;A
A;55551;2019;VIAJEROS;7480.722864401;A
A;55551;2018;VIAJEROS;7855.01893564;A
A;55551;2017;VIAJEROS;6805.32431754;A
A;55551;2016;VIAJEROS;5397.94402855;A
A;55551;2015;VIAJEROS;4784.65765315;A
A;55551;2014;VIAJEROS;4279.63023316;A
A;55551;2013;VIAJEROS;4155.60807002;A
A;55552;2020;VIAJEROS;3764.225149558;A
A;55552;2019;VIAJEROS;8021.970689189;A
A;55552;2018;VIAJEROS;9380.61583188;A
A;55552;2017;VIAJEROS;6951.89500784;A
A;55552;2016;VIAJEROS;6346.2651901;A
A;55552;2015;VIAJEROS;6363.40461496;A
A;55552;2014;VIAJEROS;4832.23476925;A
A;55552;2013;VIAJEROS;5116.92943384;A
A;55553;2020;VIAJEROS;1310.3100599;A
A;55553;2019;VIAJEROS;4142.736426981;A
A;55553;2018;VIAJEROS;2584.148572628;A
A;55553;2017;VIAJEROS;1593.892558713;A
A;55553;2016;VIAJEROS;2928.761405995;A
A;55553;2015;VIAJEROS;2543.532260698;A
A;55553;2014;VIAJEROS;1783.133782391;A
A;55553;2013;VIAJEROS;1921.170126913;A
A;55554;2020;VIAJEROS;744.62824299;A
A;55554;2019;VIAJEROS;1179.158097279;A
A;55554;2018;VIAJEROS;1061.166970679;A
A;55554;2017;VIAJEROS;759.428449752;A
A;55554;2016;VIAJEROS;481.261933825;A
A;55554;2015;VIAJEROS;898.099514368;A
A;55554;2014;VIAJEROS;530.081403342;A
A;55554;2013;VIAJEROS;358.423627881;A
A;55555;2020;VIAJEROS;14787.709208997;A
A;55555;2019;VIAJEROS;26506.195218979;A
A;55555;2018;VIAJEROS;23274.1966008;A
A;55555;2017;VIAJEROS;21320.6370778;A
A;55555;2016;VIAJEROS;17440.021924;A
A;55555;2015;VIAJEROS;15702.74196753;A
A;55555;2014;VIAJEROS;14994.3815075;A
A;55555;2013;VIAJEROS;16108.9764531;A
A;55556;2020;VIAJEROS;3808.683011369;A
A;55556;2019;VIAJEROS;6877.348469525;A
A;55556;2018;VIAJEROS;6974.414983842;A
A;55556;2017;VIAJEROS;6087.033584465;A
A;55556;2016;VIAJEROS;5671.52181737;A
A;55556;2015;VIAJEROS;5144.62451874;A
A;55556;2014;VIAJEROS;3855.448073193;A
A;55556;2013;VIAJEROS;3265.818627074;A
A;55557;2020;VIAJEROS;101.406886381;A
A;55557;2019;VIAJEROS;335.302251684;A
A;55557;2018;VIAJEROS;603.578932542;A
A;55557;2017;VIAJEROS;416.61008277;A
A;55557;2016;VIAJEROS;335.436200955;A
A;55557;2015;VIAJEROS;441.746529709;A
A;55557;2014;VIAJEROS;232.632925565;A
A;55557;2013;VIAJEROS;364.706529201;A
A;55558;2020;VIAJEROS;1590.538809;A
A;55558;2019;VIAJEROS;2770.952484543;A
A;55558;2018;VIAJEROS;1960.92936589;A
A;55558;2017;VIAJEROS;1968.49585558;A
A;55558;2016;VIAJEROS;1968.597491071;A
A;55558;2015;VIAJEROS;1443.145985488;A
A;55558;2014;VIAJEROS;1233.755976034;A
A;55558;2013;VIAJEROS;1341.244103273;A
A;55559;2020;VIAJEROS;14.989404996;A
A;55559;2019;VIAJEROS;184.454772756;A
A;55559;2018;VIAJEROS;383.547890501;A
A;55559;2017;VIAJEROS;90.474218039;A
A;55559;2016;VIAJEROS;127.513861827;A
A;55559;2015;VIAJEROS;86.367204901;A
A;55559;2014;VIAJEROS;95.186285861;A
A;55559;2013;VIAJEROS;147.146104808;A
A;55544;2020;VIAJEROS;196.88973458;A
A;55544;2019;VIAJEROS;1428.083591744;A
A;55544;2018;VIAJEROS;783.052543373;A
A;55544;2017;VIAJEROS;785.578092809;A
A;55544;2016;VIAJEROS;558.177590275;A
A;55544;2015;VIAJEROS;731.230162924;A
A;55544;2014;VIAJEROS;483.702697167;A
A;55544;2013;VIAJEROS;733.172898993;A
A;55561;2020;VIAJEROS;539.826907524;A
A;55561;2019;VIAJEROS;239.78192119;A
A;55561;2018;VIAJEROS;293.181680667;A
A;55561;2017;VIAJEROS;344.464680111;A
A;55561;2016;VIAJEROS;442.451788885;A
A;55561;2015;VIAJEROS;386.249688182;A
A;55561;2014;VIAJEROS;254.122452314;A
A;55561;2013;VIAJEROS;135.703428987;A
A;55562;2020;VIAJEROS;478.841046781;A
A;55562;2019;VIAJEROS;148.358611214;A
A;55562;2018;VIAJEROS;282.98104021;A
A;55562;2017;VIAJEROS;298.337432821;A
A;55562;2016;VIAJEROS;396.645149843;A
A;55562;2015;VIAJEROS;155.237607302;A
A;55562;2014;VIAJEROS;270.489165499;A
A;55562;2013;VIAJEROS;98.123597432;A
P;55564;2021;VIAJEROS;234817.076211836;A
P;55543;2021;VIAJEROS;179634.345913751;A
P;55563;2021;VIAJEROS;55182.730298085;A
P;55545;2021;VIAJEROS;575.048191409;A
P;55546;2021;VIAJEROS;203.107445711;A
P;55547;2021;VIAJEROS;746.090074596;A
P;55548;2021;VIAJEROS;596.739938618;A
P;55549;2021;VIAJEROS;1957.951696999;A
P;55550;2021;VIAJEROS;2445.12044685;A
P;55551;2021;VIAJEROS;6860.567204799;A
P;55552;2021;VIAJEROS;5064.137616388;A
P;55553;2021;VIAJEROS;2916.52575026;A
P;55554;2021;VIAJEROS;908.585675199;A
P;55555;2021;VIAJEROS;22938.672135436;A
P;55556;2021;VIAJEROS;4940.678960898;A
P;55557;2021;VIAJEROS;344.038859034;A
P;55558;2021;VIAJEROS;2443.498930367;A
P;55559;2021;VIAJEROS;423.276066419;A
P;55544;2021;VIAJEROS;817.442802398;A
P;55561;2021;VIAJEROS;662.026821203;A
P;55562;2021;VIAJEROS;339.221681501;A
A;55564;2020;PCT_VIAJEROS;100.0;A
A;55564;2019;PCT_VIAJEROS;100.0;A
A;55564;2018;PCT_VIAJEROS;100.0;A
A;55564;2017;PCT_VIAJEROS;100.0;A
A;55564;2016;PCT_VIAJEROS;100.0;A
A;55564;2015;PCT_VIAJEROS;100.0;A
A;55564;2014;PCT_VIAJEROS;100.0;A
A;55564;2013;PCT_VIAJEROS;100.0;A
A;55543;2020;PCT_VIAJEROS;80.26988000231421;A
A;55543;2019;PCT_VIAJEROS;72.58341358257442;A
A;55543;2018;PCT_VIAJEROS;72.68281894109039;A
A;55543;2017;PCT_VIAJEROS;74.41448709447283;A
A;55543;2016;PCT_VIAJEROS;73.86627218831217;A
A;55543;2015;PCT_VIAJEROS;73.34817134180793;A
A;55543;2014;PCT_VIAJEROS;74.6083981635249;A
A;55543;2013;PCT_VIAJEROS;71.13737146229496;A
A;55563;2020;PCT_VIAJEROS;19.730119997685804;A
A;55563;2019;PCT_VIAJEROS;27.41658641742557;A
A;55563;2018;PCT_VIAJEROS;27.317181058909608;A
A;55563;2017;PCT_VIAJEROS;25.585512905527175;A
A;55563;2016;PCT_VIAJEROS;26.13372781168784;A
A;55563;2015;PCT_VIAJEROS;26.651828658192073;A
A;55563;2014;PCT_VIAJEROS;25.391601836475093;A
A;55563;2013;PCT_VIAJEROS;28.86262853770503;A
A;55545;2020;PCT_VIAJEROS;0.13201795688177523;A
A;55545;2019;PCT_VIAJEROS;0.4310513408760128;A
A;55545;2018;PCT_VIAJEROS;0.3270867289038501;A
A;55545;2017;PCT_VIAJEROS;0.3042221150940256;A
A;55545;2016;PCT_VIAJEROS;0.2685661560790397;A
A;55545;2015;PCT_VIAJEROS;0.3916459975204678;A
A;55545;2014;PCT_VIAJEROS;0.19102469177752235;A
A;55545;2013;PCT_VIAJEROS;0.298439292722606;A
A;55546;2020;PCT_VIAJEROS;0.08027048990718673;A
A;55546;2019;PCT_VIAJEROS;0.23426832202847608;A
A;55546;2018;PCT_VIAJEROS;0.18959407103104964;A
A;55546;2017;PCT_VIAJEROS;0.22479279933711876;A
A;55546;2016;PCT_VIAJEROS;0.13364064536324866;A
A;55546;2015;PCT_VIAJEROS;0.21457900162890473;A
A;55546;2014;PCT_VIAJEROS;0.2914170286184863;A
A;55546;2013;PCT_VIAJEROS;0.2928559580163691;A
A;55547;2020;PCT_VIAJEROS;0.1265618108021756;A
A;55547;2019;PCT_VIAJEROS;0.5843470101371517;A
A;55547;2018;PCT_VIAJEROS;0.2394459715368731;A
A;55547;2017;PCT_VIAJEROS;0.2291151799606987;A
A;55547;2016;PCT_VIAJEROS;0.3073617372134341;A
A;55547;2015;PCT_VIAJEROS;0.33913740753518207;A
A;55547;2014;PCT_VIAJEROS;0.07801239215389669;A
A;55547;2013;PCT_VIAJEROS;0.2424150978599426;A
A;55548;2020;PCT_VIAJEROS;0.11569222371132298;A
A;55548;2019;PCT_VIAJEROS;0.19325332733687867;A
A;55548;2018;PCT_VIAJEROS;0.23887526373443457;A
A;55548;2017;PCT_VIAJEROS;0.13730284315731928;A
A;55548;2016;PCT_VIAJEROS;0.1359722998052937;A
A;55548;2015;PCT_VIAJEROS;0.15069992821551628;A
A;55548;2014;PCT_VIAJEROS;0.09919287914441585;A
A;55548;2013;PCT_VIAJEROS;0.09865546525278322;A
A;55549;2020;PCT_VIAJEROS;0.5233456313927153;A
A;55549;2019;PCT_VIAJEROS;0.9069123247920464;A
A;55549;2018;PCT_VIAJEROS;0.8767756683135066;A
A;55549;2017;PCT_VIAJEROS;0.799390063401754;A
A;55549;2016;PCT_VIAJEROS;0.5376435056769217;A
A;55549;2015;PCT_VIAJEROS;0.9638668257965799;A
A;55549;2014;PCT_VIAJEROS;0.714477817120549;A
A;55549;2013;PCT_VIAJEROS;0.8887504767623691;A
A;55550;2020;PCT_VIAJEROS;1.1222614578193766;A
A;55550;2019;PCT_VIAJEROS;1.8216164938230355;A
A;55550;2018;PCT_VIAJEROS;1.5532956881190314;A
A;55550;2017;PCT_VIAJEROS;1.669576355873104;A
A;55550;2016;PCT_VIAJEROS;1.735249531304486;A
A;55550;2015;PCT_VIAJEROS;1.6482214233601946;A
A;55550;2014;PCT_VIAJEROS;1.4872390971579943;A
A;55550;2013;PCT_VIAJEROS;1.7781818470551949;A
A;55551;2020;PCT_VIAJEROS;2.0191797493641976;A
A;55551;2019;PCT_VIAJEROS;2.9316402358758453;A
A;55551;2018;PCT_VIAJEROS;3.385347733671114;A
A;55551;2017;PCT_VIAJEROS;3.188843531719285;A
A;55551;2016;PCT_VIAJEROS;2.951335165120589;A
A;55551;2015;PCT_VIAJEROS;2.8380222298496673;A
A;55551;2014;PCT_VIAJEROS;2.935657685446395;A
A;55551;2013;PCT_VIAJEROS;3.110926249146048;A
A;55552;2020;PCT_VIAJEROS;2.1494778954468416;A
A;55552;2019;PCT_VIAJEROS;3.1437512750749743;A
A;55552;2018;PCT_VIAJEROS;4.0428478667068815;A
A;55552;2017;PCT_VIAJEROS;3.2575237262102563;A
A;55552;2016;PCT_VIAJEROS;3.46983138833214;A
A;55552;2015;PCT_VIAJEROS;3.774456829297892;A
A;55552;2014;PCT_VIAJEROS;3.31472261979875;A
A;55552;2013;PCT_VIAJEROS;3.830580223770782;A
A;55553;2020;PCT_VIAJEROS;0.7482237108658051;A
A;55553;2019;PCT_VIAJEROS;1.623507917097329;A
A;55553;2018;PCT_VIAJEROS;1.1137136123406257;A
A;55553;2017;PCT_VIAJEROS;0.7468672672964899;A
A;55553;2016;PCT_VIAJEROS;1.6013053269992787;A
A;55553;2015;PCT_VIAJEROS;1.508697512234403;A
A;55553;2014;PCT_VIAJEROS;1.223159503803686;A
A;55553;2013;PCT_VIAJEROS;1.4382055468623949;A
A;55554;2020;PCT_VIAJEROS;0.4252035638251778;A
A;55554;2019;PCT_VIAJEROS;0.4621033802618646;A
A;55554;2018;PCT_VIAJEROS;0.45734061606588555;A
A;55554;2017;PCT_VIAJEROS;0.35585350334496163;A
A;55554;2016;PCT_VIAJEROS;0.2631307885778875;A
A;55554;2015;PCT_VIAJEROS;0.5327082042569009;A
A;55554;2014;PCT_VIAJEROS;0.36361495289375256;A
A;55554;2013;PCT_VIAJEROS;0.26831920948786486;A
A;55555;2020;PCT_VIAJEROS;8.44419576569884;A
A;55555;2019;PCT_VIAJEROS;10.387582832900595;A
A;55555;2018;PCT_VIAJEROS;10.030688577724552;A
A;55555;2017;PCT_VIAJEROS;9.990438730810313;A
A;55555;2016;PCT_VIAJEROS;9.535361929012351;A
A;55555;2015;PCT_VIAJEROS;9.31408974351677;A
A;55555;2014;PCT_VIAJEROS;10.285554805632197;A
A;55555;2013;PCT_VIAJEROS;12.059327263406532;A
A;55556;2020;PCT_VIAJEROS;2.174864578613972;A
A;55556;2019;PCT_VIAJEROS;2.6951822510822376;A
A;55556;2018;PCT_VIAJEROS;3.0058259760652817;A
A;55556;2017;PCT_VIAJEROS;2.852266367842384;A
A;55556;2016;PCT_VIAJEROS;3.1009142908525185;A
A;55556;2015;PCT_VIAJEROS;3.051536767484592;A
A;55556;2014;PCT_VIAJEROS;2.644685440160403;A
A;55556;2013;PCT_VIAJEROS;2.4448217254197693;A
A;55557;2020;PCT_VIAJEROS;0.05790616981230345;A
A;55557;2019;PCT_VIAJEROS;0.13140248476445782;A
A;55557;2018;PCT_VIAJEROS;0.26012980848482276;A
A;55557;2017;PCT_VIAJEROS;0.19521543804548325;A
A;55557;2016;PCT_VIAJEROS;0.18340031876893662;A
A;55557;2015;PCT_VIAJEROS;0.2620221888702358;A
A;55557;2014;PCT_VIAJEROS;0.15957701918525516;A
A;55557;2013;PCT_VIAJEROS;0.273022646941024;A
A;55558;2020;PCT_VIAJEROS;0.9082421682978471;A
A;55558;2019;PCT_VIAJEROS;1.085915885755362;A
A;55558;2018;PCT_VIAJEROS;0.8451192593037294;A
A;55558;2017;PCT_VIAJEROS;0.922399136820507;A
A;55558;2016;PCT_VIAJEROS;1.076334058048151;A
A;55558;2015;PCT_VIAJEROS;0.856002808275497;A
A;55558;2014;PCT_VIAJEROS;0.8463079788870678;A
A;55558;2013;PCT_VIAJEROS;1.0040676158770303;A
A;55559;2020;PCT_VIAJEROS;0.008559369704170244;A
A;55559;2019;PCT_VIAJEROS;0.07228646794070548;A
A;55559;2018;PCT_VIAJEROS;0.1653010632438538;A
A;55559;2017;PCT_VIAJEROS;0.042394471081624474;A
A;55559;2016;PCT_VIAJEROS;0.06971842287728292;A
A;55559;2015;PCT_VIAJEROS;0.051228753488276955;A
A;55559;2014;PCT_VIAJEROS;0.06529404093647899;A
A;55559;2013;PCT_VIAJEROS;0.11015492130002519;A
A;55544;2020;PCT_VIAJEROS;0.11242954804916477;A
A;55544;2019;PCT_VIAJEROS;0.5596554495654396;A
A;55544;2018;PCT_VIAJEROS;0.3374791550183832;A
A;55544;2017;PCT_VIAJEROS;0.36810672100633907;A
A;55544;2016;PCT_VIAJEROS;0.30518455579529175;A
A;55544;2015;PCT_VIAJEROS;0.4337295597624749;A
A;55544;2014;PCT_VIAJEROS;0.3318009881804584;A
A;55544;2013;PCT_VIAJEROS;0.5488599449728305;A
A;55561;2020;PCT_VIAJEROS;0.3082562702782307;A
A;55561;2019;PCT_VIAJEROS;0.09396877022960029;A
A;55561;2018;PCT_VIAJEROS;0.12635512992802853;A
A;55561;2017;PCT_VIAJEROS;0.1614094958335185;A
A;55561;2016;PCT_VIAJEROS;0.24191127520038083;A
A;55561;2015;PCT_VIAJEROS;0.22910420782380111;A
A;55561;2014;PCT_VIAJEROS;0.17431798766157286;A
A;55561;2013;PCT_VIAJEROS;0.1015888294135383;A
A;55562;2020;PCT_VIAJEROS;0.2734316372146983;A
A;55562;2019;PCT_VIAJEROS;0.058140647883558515;A
A;55562;2018;PCT_VIAJEROS;0.12195886871770655;A
A;55562;2017;PCT_VIAJEROS;0.13979515869199288;A
A;55562;2016;PCT_VIAJEROS;0.21686641666060913;A
A;55562;2015;PCT_VIAJEROS;0.09207926927472006;A
A;55562;2014;PCT_VIAJEROS;0.18554490791621484;A
A;55562;2013;PCT_VIAJEROS;0.07345622343792864;A
P;55564;2021;PCT_VIAJEROS;100.0;A
P;55543;2021;PCT_VIAJEROS;76.4996944905732;A
P;55563;2021;PCT_VIAJEROS;23.500305509426788;A
P;55545;2021;PCT_VIAJEROS;0.24489198174421972;A
P;55546;2021;PCT_VIAJEROS;0.08649602873334913;A
P;55547;2021;PCT_VIAJEROS;0.31773246078702055;A
P;55548;2021;PCT_VIAJEROS;0.2541297031054342;A
P;55549;2021;PCT_VIAJEROS;0.8338199796136925;A
P;55550;2021;PCT_VIAJEROS;1.0412873230071984;A
P;55551;2021;PCT_VIAJEROS;2.921664520943895;A
P;55552;2021;PCT_VIAJEROS;2.156630896732348;A
P;55553;2021;PCT_VIAJEROS;1.242041591399813;A
P;55554;2021;PCT_VIAJEROS;0.3869333908149575;A
P;55555;2021;PCT_VIAJEROS;9.76874105814276;A
P;55556;2021;PCT_VIAJEROS;2.104054373132921;A
P;55557;2021;PCT_VIAJEROS;0.14651356050597936;A
P;55558;2021;PCT_VIAJEROS;1.0405967784739134;A
P;55559;2021;PCT_VIAJEROS;0.18025778757127062;A
P;55544;2021;PCT_VIAJEROS;0.34811897651794227;A
P;55561;2021;PCT_VIAJEROS;0.2819329973284245;A
P;55562;2021;PCT_VIAJEROS;0.14446210087164923;A
A;55564;2020;PERNOCTACIONES;555700.568704012;A
A;55564;2019;PERNOCTACIONES;636784.048595064;A
A;55564;2018;PERNOCTACIONES;569795.288967056;A
A;55564;2017;PERNOCTACIONES;536979.802064328;A
A;55564;2016;PERNOCTACIONES;455784.441061271;A
A;55564;2015;PERNOCTACIONES;442097.948244033;A
A;55564;2014;PERNOCTACIONES;398737.946525426;A
A;55564;2013;PERNOCTACIONES;352393.180852517;A
A;55543;2020;PERNOCTACIONES;416168.133159548;A
A;55543;2019;PERNOCTACIONES;434447.51519149;A
A;55543;2018;PERNOCTACIONES;396903.642868;A
A;55543;2017;PERNOCTACIONES;370939.650351;A
A;55543;2016;PERNOCTACIONES;314574.715502;A
A;55543;2015;PERNOCTACIONES;312765.753281;A
A;55543;2014;PERNOCTACIONES;283233.009113;A
A;55543;2013;PERNOCTACIONES;234557.228124;A
A;55563;2020;PERNOCTACIONES;139532.435544464;A
A;55563;2019;PERNOCTACIONES;202336.533403574;A
A;55563;2018;PERNOCTACIONES;172891.646099056;A
A;55563;2017;PERNOCTACIONES;166040.151713328;A
A;55563;2016;PERNOCTACIONES;141209.725559271;A
A;55563;2015;PERNOCTACIONES;129332.194963033;A
A;55563;2014;PERNOCTACIONES;115504.937412426;A
A;55563;2013;PERNOCTACIONES;117835.952728517;A
A;55545;2020;PERNOCTACIONES;970.813921952;A
A;55545;2019;PERNOCTACIONES;3315.506570911;A
A;55545;2018;PERNOCTACIONES;2978.31796865;A
A;55545;2017;PERNOCTACIONES;2502.461529775;A
A;55545;2016;PERNOCTACIONES;1527.687603361;A
A;55545;2015;PERNOCTACIONES;2208.186507089;A
A;55545;2014;PERNOCTACIONES;935.922964652;A
A;55545;2013;PERNOCTACIONES;1176.491552835;A
A;55546;2020;PERNOCTACIONES;648.793623527;A
A;55546;2019;PERNOCTACIONES;1541.844560853;A
A;55546;2018;PERNOCTACIONES;1136.989816076;A
A;55546;2017;PERNOCTACIONES;1464.699062557;A
A;55546;2016;PERNOCTACIONES;726.773436187;A
A;55546;2015;PERNOCTACIONES;1311.824436767;A
A;55546;2014;PERNOCTACIONES;1139.652495884;A
A;55546;2013;PERNOCTACIONES;1298.011182627;A
A;55547;2020;PERNOCTACIONES;878.376992502;A
A;55547;2019;PERNOCTACIONES;4624.620039091;A
A;55547;2018;PERNOCTACIONES;1155.216919445;A
A;55547;2017;PERNOCTACIONES;1098.308679625;A
A;55547;2016;PERNOCTACIONES;1930.810891803;A
A;55547;2015;PERNOCTACIONES;1518.684816747;A
A;55547;2014;PERNOCTACIONES;3615.619382345;A
A;55547;2013;PERNOCTACIONES;4074.28200016;A
A;55548;2020;PERNOCTACIONES;723.296371632;A
A;55548;2019;PERNOCTACIONES;927.130978929;A
A;55548;2018;PERNOCTACIONES;1254.656640291;A
A;55548;2017;PERNOCTACIONES;875.421588261;A
A;55548;2016;PERNOCTACIONES;861.372325839;A
A;55548;2015;PERNOCTACIONES;772.561015439;A
A;55548;2014;PERNOCTACIONES;382.289782571;A
A;55548;2013;PERNOCTACIONES;438.687501198;A
A;55549;2020;PERNOCTACIONES;3497.796895844;A
A;55549;2019;PERNOCTACIONES;5426.650640873;A
A;55549;2018;PERNOCTACIONES;4864.56575307;A
A;55549;2017;PERNOCTACIONES;7110.6122858;A
A;55549;2016;PERNOCTACIONES;2820.25769196;A
A;55549;2015;PERNOCTACIONES;4870.31780282;A
A;55549;2014;PERNOCTACIONES;3382.23350348;A
A;55549;2013;PERNOCTACIONES;2617.00391885;A
A;55550;2020;PERNOCTACIONES;5581.940360524;A
A;55550;2019;PERNOCTACIONES;12196.227603629;A
A;55550;2018;PERNOCTACIONES;8347.46551863;A
A;55550;2017;PERNOCTACIONES;10414.01698379;A
A;55550;2016;PERNOCTACIONES;7059.88105174;A
A;55550;2015;PERNOCTACIONES;7313.89244884;A
A;55550;2014;PERNOCTACIONES;5693.96461255;A
A;55550;2013;PERNOCTACIONES;5389.72399901;A
A;55551;2020;PERNOCTACIONES;14769.204578664;A
A;55551;2019;PERNOCTACIONES;27503.477460818;A
A;55551;2018;PERNOCTACIONES;24185.4305356;A
A;55551;2017;PERNOCTACIONES;26719.7038968;A
A;55551;2016;PERNOCTACIONES;19307.3618143;A
A;55551;2015;PERNOCTACIONES;16731.8780105;A
A;55551;2014;PERNOCTACIONES;18871.561492;A
A;55551;2013;PERNOCTACIONES;16242.15364085;A
A;55552;2020;PERNOCTACIONES;12279.357747597;A
A;55552;2019;PERNOCTACIONES;22948.965498666;A
A;55552;2018;PERNOCTACIONES;25535.70089532;A
A;55552;2017;PERNOCTACIONES;18337.32824332;A
A;55552;2016;PERNOCTACIONES;19101.96572288;A
A;55552;2015;PERNOCTACIONES;17241.02291776;A
A;55552;2014;PERNOCTACIONES;13629.54841669;A
A;55552;2013;PERNOCTACIONES;15494.49961536;A
A;55553;2020;PERNOCTACIONES;4319.394326508;A
A;55553;2019;PERNOCTACIONES;7579.793416473;A
A;55553;2018;PERNOCTACIONES;5637.292132123;A
A;55553;2017;PERNOCTACIONES;4132.715491814;A
A;55553;2016;PERNOCTACIONES;7121.745990553;A
A;55553;2015;PERNOCTACIONES;5676.8753364;A
A;55553;2014;PERNOCTACIONES;3607.02902252;A
A;55553;2013;PERNOCTACIONES;5329.488305985;A
A;55554;2020;PERNOCTACIONES;6523.140018195;A
A;55554;2019;PERNOCTACIONES;7312.683991675;A
A;55554;2018;PERNOCTACIONES;4344.573217442;A
A;55554;2017;PERNOCTACIONES;2240.505694245;A
A;55554;2016;PERNOCTACIONES;1390.080351215;A
A;55554;2015;PERNOCTACIONES;3285.039931432;A
A;55554;2014;PERNOCTACIONES;1867.755369285;A
A;55554;2013;PERNOCTACIONES;842.187599321;A
A;55555;2020;PERNOCTACIONES;64961.565020732;A
A;55555;2019;PERNOCTACIONES;77241.63100791;A
A;55555;2018;PERNOCTACIONES;66136.9472797;A
A;55555;2017;PERNOCTACIONES;65007.8236087;A
A;55555;2016;PERNOCTACIONES;52155.6359967;A
A;55555;2015;PERNOCTACIONES;46753.0564217;A
A;55555;2014;PERNOCTACIONES;42427.8698716;A
A;55555;2013;PERNOCTACIONES;48063.0106727;A
A;55556;2020;PERNOCTACIONES;9053.020391456;A
A;55556;2019;PERNOCTACIONES;15764.664709637;A
A;55556;2018;PERNOCTACIONES;15938.7693543;A
A;55556;2017;PERNOCTACIONES;14133.55733028;A
A;55556;2016;PERNOCTACIONES;13844.64099045;A
A;55556;2015;PERNOCTACIONES;12165.51450727;A
A;55556;2014;PERNOCTACIONES;10455.73527648;A
A;55556;2013;PERNOCTACIONES;7828.27367221;A
A;55557;2020;PERNOCTACIONES;834.178760045;A
A;55557;2019;PERNOCTACIONES;801.564191749;A
A;55557;2018;PERNOCTACIONES;1421.297893544;A
A;55557;2017;PERNOCTACIONES;1597.205452981;A
A;55557;2016;PERNOCTACIONES;1555.232385125;A
A;55557;2015;PERNOCTACIONES;1782.464219011;A
A;55557;2014;PERNOCTACIONES;857.405758356;A
A;55557;2013;PERNOCTACIONES;1361.830546821;A
A;55558;2020;PERNOCTACIONES;9269.819389191;A
A;55558;2019;PERNOCTACIONES;9754.610383882;A
A;55558;2018;PERNOCTACIONES;5802.58420416;A
A;55558;2017;PERNOCTACIONES;6204.08270136;A
A;55558;2016;PERNOCTACIONES;6690.80800115;A
A;55558;2015;PERNOCTACIONES;4818.24345067;A
A;55558;2014;PERNOCTACIONES;4032.50423388;A
A;55558;2013;PERNOCTACIONES;4642.26056498;A
A;55559;2020;PERNOCTACIONES;62.940187994;A
A;55559;2019;PERNOCTACIONES;356.644582088;A
A;55559;2018;PERNOCTACIONES;551.895998668;A
A;55559;2017;PERNOCTACIONES;216.277106764;A
A;55559;2016;PERNOCTACIONES;529.389977825;A
A;55559;2015;PERNOCTACIONES;198.743368208;A
A;55559;2014;PERNOCTACIONES;200.039779292;A
A;55559;2013;PERNOCTACIONES;363.497758171;A
A;55544;2020;PERNOCTACIONES;523.062789286;A
A;55544;2019;PERNOCTACIONES;3657.233690675;A
A;55544;2018;PERNOCTACIONES;2101.583146563;A
A;55544;2017;PERNOCTACIONES;2108.625573639;A
A;55544;2016;PERNOCTACIONES;1985.060612306;A
A;55544;2015;PERNOCTACIONES;1412.893026188;A
A;55544;2014;PERNOCTACIONES;2674.96911731;A
A;55544;2013;PERNOCTACIONES;2192.21149556;A
A;55561;2020;PERNOCTACIONES;1981.471692029;A
A;55561;2019;PERNOCTACIONES;1091.878358356;A
A;55561;2018;PERNOCTACIONES;670.39990578;A
A;55561;2017;PERNOCTACIONES;997.257437864;A
A;55561;2016;PERNOCTACIONES;1455.330863619;A
A;55561;2015;PERNOCTACIONES;968.795193693;A
A;55561;2014;PERNOCTACIONES;567.175667511;A
A;55561;2013;PERNOCTACIONES;248.29983431;A
A;55562;2020;PERNOCTACIONES;2654.262476786;A
A;55562;2019;PERNOCTACIONES;291.405717359;A
A;55562;2018;PERNOCTACIONES;827.958919694;A
A;55562;2017;PERNOCTACIONES;879.549045753;A
A;55562;2016;PERNOCTACIONES;1145.689852258;A
A;55562;2015;PERNOCTACIONES;302.201552499;A
A;55562;2014;PERNOCTACIONES;1163.66066602;A
A;55562;2013;PERNOCTACIONES;234.038867569;A
P;55564;2021;PERNOCTACIONES;707992.457222211;A
P;55543;2021;PERNOCTACIONES;510973.240088054;A
P;55563;2021;PERNOCTACIONES;197019.217134157;A
P;55545;2021;PERNOCTACIONES;2260.146020841;A
P;55546;2021;PERNOCTACIONES;1589.812940096;A
P;55547;2021;PERNOCTACIONES;1885.705088405;A
P;55548;2021;PERNOCTACIONES;2193.986241657;A
P;55549;2021;PERNOCTACIONES;8555.529871816;A
P;55550;2021;PERNOCTACIONES;8129.961294353;A
P;55551;2021;PERNOCTACIONES;22111.782004615;A
P;55552;2021;PERNOCTACIONES;15374.08066317;A
P;55553;2021;PERNOCTACIONES;6764.264440882;A
P;55554;2021;PERNOCTACIONES;5505.480836561;A
P;55555;2021;PERNOCTACIONES;92579.639906542;A
P;55556;2021;PERNOCTACIONES;13832.097410223;A
P;55557;2021;PERNOCTACIONES;986.390276105;A
P;55558;2021;PERNOCTACIONES;8786.969135577;A
P;55559;2021;PERNOCTACIONES;744.602850437;A
P;55544;2021;PERNOCTACIONES;2289.124620256;A
P;55561;2021;PERNOCTACIONES;2096.036360481;A
P;55562;2021;PERNOCTACIONES;1333.60717214;A
A;55564;2020;PCT_PERN;100.0;A
A;55564;2019;PCT_PERN;100.0;A
A;55564;2018;PCT_PERN;100.0;A
A;55564;2017;PCT_PERN;100.0;A
A;55564;2016;PCT_PERN;100.0;A
A;55564;2015;PCT_PERN;100.0;A
A;55564;2014;PCT_PERN;100.0;A
A;55564;2013;PCT_PERN;100.0;A
A;55543;2020;PCT_PERN;74.8907157194607;A
A;55543;2019;PCT_PERN;68.2252509543873;A
A;55543;2018;PCT_PERN;69.65723489703123;A
A;55543;2017;PCT_PERN;69.07888321403995;A
A;55543;2016;PCT_PERN;69.0183093502553;A
A;55543;2015;PCT_PERN;70.74580520522048;A
A;55543;2014;PCT_PERN;71.03236889818795;A
A;55543;2013;PCT_PERN;66.56122787522567;A
A;55563;2020;PCT_PERN;25.109284280539306;A
A;55563;2019;PCT_PERN;31.774749045612698;A
A;55563;2018;PCT_PERN;30.342765102968784;A
A;55563;2017;PCT_PERN;30.921116785960056;A
A;55563;2016;PCT_PERN;30.981690649744714;A
A;55563;2015;PCT_PERN;29.25419479477953;A
A;55563;2014;PCT_PERN;28.967631101812053;A
A;55563;2013;PCT_PERN;33.43877212477432;A
A;55545;2020;PCT_PERN;0.1747009048805012;A
A;55545;2019;PCT_PERN;0.5206641997747901;A
A;55545;2018;PCT_PERN;0.5226996478067052;A
A;55545;2017;PCT_PERN;0.466025262059152;A
A;55545;2016;PCT_PERN;0.33517765542936406;A
A;55545;2015;PCT_PERN;0.49947902175517594;A
A;55545;2014;PCT_PERN;0.23472131830129683;A
A;55545;2013;PCT_PERN;0.3338576387854063;A
A;55546;2020;PCT_PERN;0.11675237710123221;A
A;55546;2019;PCT_PERN;0.24212989698073786;A
A;55546;2018;PCT_PERN;0.19954356206369717;A
A;55546;2017;PCT_PERN;0.2727661369992339;A
A;55546;2016;PCT_PERN;0.1594555168436081;A
A;55546;2015;PCT_PERN;0.2967271035700188;A
A;55546;2014;PCT_PERN;0.28581490821599764;A
A;55546;2013;PCT_PERN;0.36834174244996;A
A;55547;2020;PCT_PERN;0.15806659952688626;A
A;55547;2019;PCT_PERN;0.7262462131855053;A
A;55547;2018;PCT_PERN;0.20274244835179595;A
A;55547;2017;PCT_PERN;0.2045344490430996;A
A;55547;2016;PCT_PERN;0.4236236952949084;A
A;55547;2015;PCT_PERN;0.3435177256033551;A
A;55547;2014;PCT_PERN;0.9067658129483911;A
A;55547;2013;PCT_PERN;1.1561750401365347;A
A;55548;2020;PCT_PERN;0.13015937221710067;A
A;55548;2019;PCT_PERN;0.145595823415258;A
A;55548;2018;PCT_PERN;0.2201942811014608;A
A;55548;2017;PCT_PERN;0.1630269117936261;A
A;55548;2016;PCT_PERN;0.18898677713379994;A
A;55548;2015;PCT_PERN;0.17474883529940186;A
A;55548;2014;PCT_PERN;0.09587494390795907;A
A;55548;2013;PCT_PERN;0.12448807895110738;A
A;55549;2020;PCT_PERN;0.6294391427385897;A
A;55549;2019;PCT_PERN;0.8521963847627487;A
A;55549;2018;PCT_PERN;0.8537392020015905;A
A;55549;2017;PCT_PERN;1.3241861720803005;A
A;55549;2016;PCT_PERN;0.6187700671381351;A
A;55549;2015;PCT_PERN;1.10163773031845;A
A;55549;2014;PCT_PERN;0.8482346696502154;A
A;55549;2013;PCT_PERN;0.7426375029502241;A
A;55550;2020;PCT_PERN;1.0044870699956332;A
A;55550;2019;PCT_PERN;1.9152847233748278;A
A;55550;2018;PCT_PERN;1.4649937758809075;A
A;55550;2017;PCT_PERN;1.9393684722879845;A
A;55550;2016;PCT_PERN;1.5489517446671552;A
A;55550;2015;PCT_PERN;1.654360188254666;A
A;55550;2014;PCT_PERN;1.4279966735463232;A
A;55550;2013;PCT_PERN;1.5294631939162573;A
A;55551;2020;PCT_PERN;2.657763085092443;A
A;55551;2019;PCT_PERN;4.319121611400113;A
A;55551;2018;PCT_PERN;4.244582397205172;A
A;55551;2017;PCT_PERN;4.975923450766793;A
A;55551;2016;PCT_PERN;4.236073036925917;A
A;55551;2015;PCT_PERN;3.7846540742741013;A
A;55551;2014;PCT_PERN;4.732823062476356;A
A;55551;2013;PCT_PERN;4.609099870081662;A
A;55552;2020;PCT_PERN;2.20970760858398;A
A;55552;2019;PCT_PERN;3.603885108193002;A
A;55552;2018;PCT_PERN;4.4815570415845265;A
A;55552;2017;PCT_PERN;3.414900927898078;A
A;55552;2016;PCT_PERN;4.191008731759697;A
A;55552;2015;PCT_PERN;3.8998197087861524;A
A;55552;2014;PCT_PERN;3.4181718934595797;A
A;55552;2013;PCT_PERN;4.396935144396205;A
A;55553;2020;PCT_PERN;0.7772880881841745;A
A;55553;2019;PCT_PERN;1.1903240090885272;A
A;55553;2018;PCT_PERN;0.9893539383841645;A
A;55553;2017;PCT_PERN;0.7696221489014065;A
A;55553;2016;PCT_PERN;1.5625250335378662;A
A;55553;2015;PCT_PERN;1.2840763814778962;A
A;55553;2014;PCT_PERN;0.9046114256120827;A
A;55553;2013;PCT_PERN;1.5123698742103322;A
A;55554;2020;PCT_PERN;1.1738587983467554;A
A;55554;2019;PCT_PERN;1.1483773828519994;A
A;55554;2018;PCT_PERN;0.7624796662180181;A
A;55554;2017;PCT_PERN;0.417242079801094;A
A;55554;2016;PCT_PERN;0.30498635450965994;A
A;55554;2015;PCT_PERN;0.7430570407485121;A
A;55554;2014;PCT_PERN;0.4684167598194471;A
A;55554;2013;PCT_PERN;0.23899089002901872;A
A;55555;2020;PCT_PERN;11.690030329145316;A
A;55555;2019;PCT_PERN;12.12995695767319;A
A;55555;2018;PCT_PERN;11.607141820985442;A
A;55555;2017;PCT_PERN;12.106195309169623;A
A;55555;2016;PCT_PERN;11.443048796325352;A
A;55555;2015;PCT_PERN;10.575271069996655;A
A;55555;2014;PCT_PERN;10.640539793444148;A
A;55555;2013;PCT_PERN;13.639029721410884;A
A;55556;2020;PCT_PERN;1.6291184319946226;A
A;55556;2019;PCT_PERN;2.475668909172358;A
A;55556;2018;PCT_PERN;2.797279946486454;A
A;55556;2017;PCT_PERN;2.6320463592756993;A
A;55556;2016;PCT_PERN;3.0375413777208924;A
A;55556;2015;PCT_PERN;2.751769049277464;A
A;55556;2014;PCT_PERN;2.6222072334952142;A
A;55556;2013;PCT_PERN;2.2214600331571894;A
A;55557;2020;PCT_PERN;0.15011299376397014;A
A;55557;2019;PCT_PERN;0.1258769269609517;A
A;55557;2018;PCT_PERN;0.24944009209352655;A
A;55557;2017;PCT_PERN;0.29744237061446516;A
A;55557;2016;PCT_PERN;0.3412210345539045;A
A;55557;2015;PCT_PERN;0.40318310141242736;A
A;55557;2014;PCT_PERN;0.21502988763105507;A
A;55557;2013;PCT_PERN;0.3864520146293498;A
A;55558;2020;PCT_PERN;1.6681320681045535;A
A;55558;2019;PCT_PERN;1.5318553291973296;A
A;55558;2018;PCT_PERN;1.0183629658783455;A
A;55558;2017;PCT_PERN;1.1553661194535536;A
A;55558;2016;PCT_PERN;1.4679763937467438;A
A;55558;2015;PCT_PERN;1.0898588129186215;A
A;55558;2014;PCT_PERN;1.011316898484068;A
A;55558;2013;PCT_PERN;1.317352553119599;A
A;55559;2020;PCT_PERN;0.011326277412453832;A
A;55559;2019;PCT_PERN;0.0560071476154066;A
A;55559;2018;PCT_PERN;0.09685864543887253;A
A;55559;2017;PCT_PERN;0.04027658134115273;A
A;55559;2016;PCT_PERN;0.11614919908023674;A
A;55559;2015;PCT_PERN;0.04495460089724188;A
A;55559;2014;PCT_PERN;0.050168232302727225;A
A;55559;2013;PCT_PERN;0.10315118961485535;A
A;55544;2020;PCT_PERN;0.09412673276650971;A
A;55544;2019;PCT_PERN;0.5743287223893173;A
A;55544;2018;PCT_PERN;0.36883126049933135;A
A;55544;2017;PCT_PERN;0.3926824743747801;A
A;55544;2016;PCT_PERN;0.43552619033767076;A
A;55544;2015;PCT_PERN;0.3195882341910574;A
A;55544;2014;PCT_PERN;0.6708589289330223;A
A;55544;2013;PCT_PERN;0.6220924849500651;A
A;55561;2020;PCT_PERN;0.35657183087829625;A
A;55561;2019;PCT_PERN;0.17146760518970444;A
A;55561;2018;PCT_PERN;0.11765627388659593;A
A;55561;2017;PCT_PERN;0.18571600533767055;A
A;55561;2016;PCT_PERN;0.3193024448641414;A
A;55561;2015;PCT_PERN;0.219135871935383;A
A;55561;2014;PCT_PERN;0.14224271164892338;A
A;55561;2013;PCT_PERN;0.07046102132547168;A
A;55562;2020;PCT_PERN;0.4776425698062881;A
A;55562;2019;PCT_PERN;0.04576209438693198;A
A;55562;2018;PCT_PERN;0.14530813710217783;A
A;55562;2017;PCT_PERN;0.16379555476234348;A
A;55562;2016;PCT_PERN;0.25136659987566035;A
A;55562;2015;PCT_PERN;0.06835624406295328;A
A;55562;2014;PCT_PERN;0.29183594793524315;A
A;55562;2013;PCT_PERN;0.06641413066019275;A
P;55564;2021;PCT_PERN;100.0;A
P;55543;2021;PCT_PERN;72.17213049032239;A
P;55563;2021;PCT_PERN;27.827869509677615;A
P;55545;2021;PCT_PERN;0.319233064955045;A
P;55546;2021;PCT_PERN;0.22455224259501116;A
P;55547;2021;PCT_PERN;0.2663453641587528;A
P;55548;2021;PCT_PERN;0.3098883638202934;A
P;55549;2021;PCT_PERN;1.2084210480692672;A
P;55550;2021;PCT_PERN;1.1483118515486284;A
P;55551;2021;PCT_PERN;3.123166324591928;A
P;55552;2021;PCT_PERN;2.17150345407489;A
P;55553;2021;PCT_PERN;0.955414760691294;A
P;55554;2021;PCT_PERN;0.7776185721189183;A
P;55555;2021;PCT_PERN;13.076359636623206;A
P;55556;2021;PCT_PERN;1.953706888981961;A
P;55557;2021;PCT_PERN;0.1393221447549138;A
P;55558;2021;PCT_PERN;1.241110557879731;A
P;55559;2021;PCT_PERN;0.10517101458374697;A
P;55544;2021;PCT_PERN;0.3233261310773448;A
P;55561;2021;PCT_PERN;0.296053487448827;A
P;55562;2021;PCT_PERN;0.18836460170386157;A
A;55564;2020;ESTANCIA_MEDIA;3.173205750077857;A
A;55564;2019;ESTANCIA_MEDIA;2.4955098220640872;A
A;55564;2018;ESTANCIA_MEDIA;2.4556976959138743;A
A;55564;2017;ESTANCIA_MEDIA;2.516183635897187;A
A;55564;2016;ESTANCIA_MEDIA;2.4920092566804604;A
A;55564;2015;ESTANCIA_MEDIA;2.6223063296105766;A
A;55564;2014;ESTANCIA_MEDIA;2.7351851758747903;A
A;55564;2013;ESTANCIA_MEDIA;2.6380476162875715;A
A;55543;2020;ESTANCIA_MEDIA;2.9605581787538178;A
A;55543;2019;ESTANCIA_MEDIA;2.3456706631160076;A
A;55543;2018;ESTANCIA_MEDIA;2.353473815854794;A
A;55543;2017;ESTANCIA_MEDIA;2.3357703898241398;A
A;55543;2016;ESTANCIA_MEDIA;2.3284546611854924;A
A;55543;2015;ESTANCIA_MEDIA;2.5292678657048278;A
A;55543;2014;ESTANCIA_MEDIA;2.604085963509903;A
A;55543;2013;ESTANCIA_MEDIA;2.46834659369558;A
A;55563;2020;ESTANCIA_MEDIA;4.038339618243192;A
A;55563;2019;ESTANCIA_MEDIA;2.8921980705282033;A
A;55563;2018;ESTANCIA_MEDIA;2.7276847559903605;A
A;55563;2017;ESTANCIA_MEDIA;3.040908671551035;A
A;55563;2016;ESTANCIA_MEDIA;2.954291880710757;A
A;55563;2015;ESTANCIA_MEDIA;2.8783563470205427;A
A;55563;2014;ESTANCIA_MEDIA;3.120395305508813;A
A;55563;2013;ESTANCIA_MEDIA;3.056307674129749;A
A;55545;2020;ESTANCIA_MEDIA;4.199140245800452;A
A;55545;2019;ESTANCIA_MEDIA;3.0143105967250956;A
A;55545;2018;ESTANCIA_MEDIA;3.92431794795087;A
A;55545;2017;ESTANCIA_MEDIA;3.8544375314250927;A
A;55545;2016;ESTANCIA_MEDIA;3.1100933645437;A
A;55545;2015;ESTANCIA_MEDIA;3.3443135090071894;A
A;55545;2014;ESTANCIA_MEDIA;3.360854894231215;A
A;55545;2013;ESTANCIA_MEDIA;2.9511273135064804;A
A;55546;2020;ESTANCIA_MEDIA;4.615386236975225;A
A;55546;2019;ESTANCIA_MEDIA;2.579254125776979;A
A;55546;2018;ESTANCIA_MEDIA;2.5845674547176025;A
A;55546;2017;ESTANCIA_MEDIA;3.053165814778093;A
A;55546;2016;ESTANCIA_MEDIA;2.9733815107145105;A
A;55546;2015;ESTANCIA_MEDIA;3.626213916328795;A
A;55546;2014;ESTANCIA_MEDIA;2.6826047321341027;A
A;55546;2013;ESTANCIA_MEDIA;3.318023857978039;A
A;55547;2020;ESTANCIA_MEDIA;3.963105768911353;A
A;55547;2019;ESTANCIA_MEDIA;3.101503946800208;A
A;55547;2018;ESTANCIA_MEDIA;2.079275588083025;A
A;55547;2017;ESTANCIA_MEDIA;2.246233679268978;A
A;55547;2016;ESTANCIA_MEDIA;3.4346310623922167;A
A;55547;2015;ESTANCIA_MEDIA;2.6561761874931404;A
A;55547;2014;ESTANCIA_MEDIA;31.79203125413465;A
A;55547;2013;ESTANCIA_MEDIA;12.581909441983525;A
A;55548;2020;ESTANCIA_MEDIA;3.5700106290324913;A
A;55548;2019;ESTANCIA_MEDIA;1.880101172855455;A
A;55548;2018;ESTANCIA_MEDIA;2.2636525034062007;A
A;55548;2017;ESTANCIA_MEDIA;2.987597621674662;A
A;55548;2016;ESTANCIA_MEDIA;3.463623095895457;A
A;55548;2015;ESTANCIA_MEDIA;3.0407776720527733;A
A;55548;2014;ESTANCIA_MEDIA;2.6436950673957673;A
A;55548;2013;ESTANCIA_MEDIA;3.328811831070078;A
A;55549;2020;ESTANCIA_MEDIA;3.816483385457704;A
A;55549;2019;ESTANCIA_MEDIA;2.3449504327671216;A
A;55549;2018;ESTANCIA_MEDIA;2.3911765198723627;A
A;55549;2017;ESTANCIA_MEDIA;4.1680472770591095;A
A;55549;2016;ESTANCIA_MEDIA;2.868035638454494;A
A;55549;2015;ESTANCIA_MEDIA;2.9971273165921537;A
A;55549;2014;ESTANCIA_MEDIA;3.247237126886009;A
A;55549;2013;ESTANCIA_MEDIA;2.204345477889869;A
A;55550;2020;ESTANCIA_MEDIA;2.840197463951407;A
A;55550;2019;ESTANCIA_MEDIA;2.623829909005812;A
A;55550;2018;ESTANCIA_MEDIA;2.3160959419873337;A
A;55550;2017;ESTANCIA_MEDIA;2.9227816965544298;A
A;55550;2016;ESTANCIA_MEDIA;2.224465136700032;A
A;55550;2015;ESTANCIA_MEDIA;2.632073052582752;A
A;55550;2014;ESTANCIA_MEDIA;2.626232285142438;A
A;55550;2013;ESTANCIA_MEDIA;2.2690574305391147;A
A;55551;2020;ESTANCIA_MEDIA;4.176759947506208;A
A;55551;2019;ESTANCIA_MEDIA;3.676580186080757;A
A;55551;2018;ESTANCIA_MEDIA;3.078978005497253;A
A;55551;2017;ESTANCIA_MEDIA;3.926293979543753;A
A;55551;2016;ESTANCIA_MEDIA;3.576799187279894;A
A;55551;2015;ESTANCIA_MEDIA;3.496985411168236;A
A;55551;2014;ESTANCIA_MEDIA;4.40962430487028;A
A;55551;2013;ESTANCIA_MEDIA;3.908490253935769;A
A;55552;2020;ESTANCIA_MEDIA;3.2621209570949437;A
A;55552;2019;ESTANCIA_MEDIA;2.860764067561817;A
A;55552;2018;ESTANCIA_MEDIA;2.7221774511367345;A
A;55552;2017;ESTANCIA_MEDIA;2.637745279904267;A
A;55552;2016;ESTANCIA_MEDIA;3.0099539100065567;A
A;55552;2015;ESTANCIA_MEDIA;2.7094022714235937;A
A;55552;2014;ESTANCIA_MEDIA;2.820547648765296;A
A;55552;2013;ESTANCIA_MEDIA;3.028085459394767;A
A;55553;2020;ESTANCIA_MEDIA;3.2964673466962826;A
A;55553;2019;ESTANCIA_MEDIA;1.8296586205936207;A
A;55553;2018;ESTANCIA_MEDIA;2.181489172811007;A
A;55553;2017;ESTANCIA_MEDIA;2.5928444607025405;A
A;55553;2016;ESTANCIA_MEDIA;2.4316579616131277;A
A;55553;2015;ESTANCIA_MEDIA;2.2318865084267276;A
A;55553;2014;ESTANCIA_MEDIA;2.0228594501099875;A
A;55553;2013;ESTANCIA_MEDIA;2.77408451824545;A
A;55554;2020;ESTANCIA_MEDIA;8.760264037262152;A
A;55554;2019;ESTANCIA_MEDIA;6.2016145320543465;A
A;55554;2018;ESTANCIA_MEDIA;4.094146668230801;A
A;55554;2017;ESTANCIA_MEDIA;2.9502525155288333;A
A;55554;2016;ESTANCIA_MEDIA;2.8884070264332835;A
A;55554;2015;ESTANCIA_MEDIA;3.657768297251234;A
A;55554;2014;ESTANCIA_MEDIA;3.523525551942357;A
A;55554;2013;ESTANCIA_MEDIA;2.3496988864824897;A
A;55555;2020;ESTANCIA_MEDIA;4.392943092308625;A
A;55555;2019;ESTANCIA_MEDIA;2.9140972655556143;A
A;55555;2018;ESTANCIA_MEDIA;2.8416425457807932;A
A;55555;2017;ESTANCIA_MEDIA;3.0490563378328432;A
A;55555;2016;ESTANCIA_MEDIA;2.9905716990485134;A
A;55555;2015;ESTANCIA_MEDIA;2.977381690304507;A
A;55555;2014;ESTANCIA_MEDIA;2.829584524735356;A
A;55555;2013;ESTANCIA_MEDIA;2.9836166694160626;A
A;55556;2020;ESTANCIA_MEDIA;2.376942466577697;A
A;55556;2019;ESTANCIA_MEDIA;2.29225911403117;A
A;55556;2018;ESTANCIA_MEDIA;2.2853199001244118;A
A;55556;2017;ESTANCIA_MEDIA;2.32191216528703;A
A;55556;2016;ESTANCIA_MEDIA;2.441080443003575;A
A;55556;2015;ESTANCIA_MEDIA;2.364704064010006;A
A;55556;2014;ESTANCIA_MEDIA;2.7119377768770683;A
A;55556;2013;ESTANCIA_MEDIA;2.3970325869638747;A
A;55557;2020;ESTANCIA_MEDIA;8.22605633419088;A
A;55557;2019;ESTANCIA_MEDIA;2.3905720517034306;A
A;55557;2018;ESTANCIA_MEDIA;2.354783801943086;A
A;55557;2017;ESTANCIA_MEDIA;3.833813724241468;A
A;55557;2016;ESTANCIA_MEDIA;4.6364476484565245;A
A;55557;2015;ESTANCIA_MEDIA;4.035038419396743;A
A;55557;2014;ESTANCIA_MEDIA;3.6856595268000105;A
A;55557;2013;ESTANCIA_MEDIA;3.7340448765874905;A
A;55558;2020;ESTANCIA_MEDIA;5.828100098367987;A
A;55558;2019;ESTANCIA_MEDIA;3.5203095102840716;A
A;55558;2018;ESTANCIA_MEDIA;2.959099040024015;A
A;55558;2017;ESTANCIA_MEDIA;3.151686951117315;A
A;55558;2016;ESTANCIA_MEDIA;3.3987689365132323;A
A;55558;2015;ESTANCIA_MEDIA;3.338708279773034;A
A;55558;2014;ESTANCIA_MEDIA;3.2684779747473107;A
A;55558;2013;ESTANCIA_MEDIA;3.461160092821003;A
A;55559;2020;ESTANCIA_MEDIA;4.198978412471737;A
A;55559;2019;ESTANCIA_MEDIA;1.9335069337553854;A
A;55559;2018;ESTANCIA_MEDIA;1.4389233061537618;A
A;55559;2017;ESTANCIA_MEDIA;2.3904832940448424;A
A;55559;2016;ESTANCIA_MEDIA;4.1516268916961465;A
A;55559;2015;ESTANCIA_MEDIA;2.301143917252078;A
A;55559;2014;ESTANCIA_MEDIA;2.101560928473635;A
A;55559;2013;ESTANCIA_MEDIA;2.4703185901203515;A
A;55544;2020;ESTANCIA_MEDIA;2.656628038032474;A
A;55544;2019;ESTANCIA_MEDIA;2.5609381074175945;A
A;55544;2018;ESTANCIA_MEDIA;2.6838341364813494;A
A;55544;2017;ESTANCIA_MEDIA;2.6841705400658062;A
A;55544;2016;ESTANCIA_MEDIA;3.556324451019273;A
A;55544;2015;ESTANCIA_MEDIA;1.9322138197065162;A
A;55544;2014;ESTANCIA_MEDIA;5.530192684425859;A
A;55544;2013;ESTANCIA_MEDIA;2.990033454006502;A
A;55561;2020;ESTANCIA_MEDIA;3.6705685922869753;A
A;55561;2019;ESTANCIA_MEDIA;4.5536308698219585;A
A;55561;2018;ESTANCIA_MEDIA;2.286636410074509;A
A;55561;2017;ESTANCIA_MEDIA;2.89509344627915;A
A;55561;2016;ESTANCIA_MEDIA;3.2892416759948118;A
A;55561;2015;ESTANCIA_MEDIA;2.5082096460787455;A
A;55561;2014;ESTANCIA_MEDIA;2.231899079937194;A
A;55561;2013;ESTANCIA_MEDIA;1.8297240988198347;A
A;55562;2020;ESTANCIA_MEDIA;5.5430972232418885;A
A;55562;2019;ESTANCIA_MEDIA;1.9641982017387691;A
A;55562;2018;ESTANCIA_MEDIA;2.9258459120779694;A
A;55562;2017;ESTANCIA_MEDIA;2.9481685802422324;A
A;55562;2016;ESTANCIA_MEDIA;2.8884504265626005;A
A;55562;2015;ESTANCIA_MEDIA;1.9467032360985548;A
A;55562;2014;ESTANCIA_MEDIA;4.302060172625665;A
A;55562;2013;ESTANCIA_MEDIA;2.385143570904947;A
P;55564;2021;ESTANCIA_MEDIA;3.0150807966943094;A
P;55543;2021;ESTANCIA_MEDIA;2.844518610786107;A
P;55563;2021;ESTANCIA_MEDIA;3.5703057110422485;A
P;55545;2021;ESTANCIA_MEDIA;3.9303593239779153;A
P;55546;2021;ESTANCIA_MEDIA;7.827447854167455;A
P;55547;2021;ESTANCIA_MEDIA;2.5274496372654327;A
P;55548;2021;ESTANCIA_MEDIA;3.6766204164884444;A
P;55549;2021;ESTANCIA_MEDIA;4.369632756992559;A
P;55550;2021;ESTANCIA_MEDIA;3.324973747132444;A
P;55551;2021;ESTANCIA_MEDIA;3.2230253482755336;A
P;55552;2021;ESTANCIA_MEDIA;3.0358733959792294;A
P;55553;2021;ESTANCIA_MEDIA;2.3192884342882913;A
P;55554;2021;ESTANCIA_MEDIA;6.059396473926556;A
P;55555;2021;ESTANCIA_MEDIA;4.035963344343878;A
P;55556;2021;ESTANCIA_MEDIA;2.799634932707493;A
P;55557;2021;ESTANCIA_MEDIA;2.867089720256045;A
P;55558;2021;ESTANCIA_MEDIA;3.5960601522576665;A
P;55559;2021;ESTANCIA_MEDIA;1.759142341159255;A
P;55544;2021;ESTANCIA_MEDIA;2.800348371214187;A
P;55561;2021;ESTANCIA_MEDIA;3.166089791758276;A
P;55562;2021;ESTANCIA_MEDIA;3.931373626352562;A
