MACROECO;TIME_PERIOD;OBS_STATUS;REF_AREA;INDICATOR;OBS_VALUE;FREQ;CNAE_09_CRA_NEW
93039;1996;A;ES61;TAS_INTER_PREC_CORR;9.16515778;A;_Z
93039;1997;A;ES61;TAS_INTER_PREC_CORR;11.039315254;A;_Z
93039;1998;A;ES61;TAS_INTER_PREC_CORR;7.256656961;A;_Z
93039;1999;A;ES61;TAS_INTER_PREC_CORR;-2.463637515;A;_Z
93039;2000;A;ES61;TAS_INTER_PREC_CORR;1.070133242;A;_Z
93039;2001;A;ES61;TAS_INTER_PREC_CORR;6.331662467;A;_Z
93039;2002;A;ES61;TAS_INTER_PREC_CORR;-0.423098101;A;_Z
93039;2003;A;ES61;TAS_INTER_PREC_CORR;-0.490538844;A;_Z
93039;2004;A;ES61;TAS_INTER_PREC_CORR;-5.663448404;A;_Z
93039;2005;A;ES61;TAS_INTER_PREC_CORR;1.506468236;A;_Z
93039;2006;A;ES61;TAS_INTER_PREC_CORR;-5.261404139;A;_Z
93039;2007;A;ES61;TAS_INTER_PREC_CORR;-3.225538742;A;_Z
93039;2008;A;ES61;TAS_INTER_PREC_CORR;-5.963304626;A;_Z
93039;2009;A;ES61;TAS_INTER_PREC_CORR;-1.694473636;A;_Z
93039;2010;A;ES61;TAS_INTER_PREC_CORR;5.531946849;A;_Z
93039;2011;A;ES61;TAS_INTER_PREC_CORR;-3.621195568;A;_Z
93039;2012;A;ES61;TAS_INTER_PREC_CORR;-6.124266009;A;_Z
93039;2013;A;ES61;TAS_INTER_PREC_CORR;-3.361601133;A;_Z
93039;2014;A;ES61;TAS_INTER_PREC_CORR;13.472264112;A;_Z
93039;2015;A;ES61;TAS_INTER_PREC_CORR;-0.804988566;A;_Z
93039;2016;A;ES61;TAS_INTER_PREC_CORR;11.461248586;A;_Z
93039;2017;A;ES61;TAS_INTER_PREC_CORR;5.549852897;A;_Z
93039;2018;A;ES61;TAS_INTER_PREC_CORR;-5.318414345;A;_Z
93039;2019;P;ES61;TAS_INTER_PREC_CORR;1.88855033;A;_Z
93039;2020;AV;ES61;TAS_INTER_PREC_CORR;1.834807375;A;_Z
93039;2021;1E;ES61;TAS_INTER_PREC_CORR;2.796464215;A;_Z
93040;1996;A;ES61;TAS_INTER_PREC_CORR;1.416195294;A;_Z
93040;1997;A;ES61;TAS_INTER_PREC_CORR;4.055348982;A;_Z
93040;1998;A;ES61;TAS_INTER_PREC_CORR;3.691081035;A;_Z
93040;1999;A;ES61;TAS_INTER_PREC_CORR;3.955168933;A;_Z
93040;2000;A;ES61;TAS_INTER_PREC_CORR;2.434108923;A;_Z
93040;2001;A;ES61;TAS_INTER_PREC_CORR;-0.460497708;A;_Z
93040;2002;A;ES61;TAS_INTER_PREC_CORR;-1.001525384;A;_Z
93040;2003;A;ES61;TAS_INTER_PREC_CORR;2.283734271;A;_Z
93040;2004;A;ES61;TAS_INTER_PREC_CORR;1.5972927;A;_Z
93040;2005;A;ES61;TAS_INTER_PREC_CORR;0.797402091;A;_Z
93040;2006;A;ES61;TAS_INTER_PREC_CORR;-1.433361303;A;_Z
93040;2007;A;ES61;TAS_INTER_PREC_CORR;-0.508323758;A;_Z
93040;2008;A;ES61;TAS_INTER_PREC_CORR;-1.035574319;A;_Z
93040;2009;A;ES61;TAS_INTER_PREC_CORR;-11.217693271;A;_Z
93040;2010;A;ES61;TAS_INTER_PREC_CORR;-4.752572858;A;_Z
93040;2011;A;ES61;TAS_INTER_PREC_CORR;-3.613849513;A;_Z
93040;2012;A;ES61;TAS_INTER_PREC_CORR;-7.628339445;A;_Z
93040;2013;A;ES61;TAS_INTER_PREC_CORR;-6.762600128;A;_Z
93040;2014;A;ES61;TAS_INTER_PREC_CORR;0.18652272;A;_Z
93040;2015;A;ES61;TAS_INTER_PREC_CORR;2.391949935;A;_Z
93040;2016;A;ES61;TAS_INTER_PREC_CORR;8.60314935;A;_Z
93040;2017;A;ES61;TAS_INTER_PREC_CORR;5.269718794;A;_Z
93040;2018;A;ES61;TAS_INTER_PREC_CORR;4.492060885;A;_Z
93040;2019;P;ES61;TAS_INTER_PREC_CORR;2.295888825;A;_Z
93040;2020;AV;ES61;TAS_INTER_PREC_CORR;-3.735075668;A;_Z
93040;2021;1E;ES61;TAS_INTER_PREC_CORR;0.151201421;A;_Z
93041;1996;A;ES61;TAS_INTER_PREC_CORR;1.22271915;A;_Z
93041;1997;A;ES61;TAS_INTER_PREC_CORR;4.228051318;A;_Z
93041;1998;A;ES61;TAS_INTER_PREC_CORR;2.922164833;A;_Z
93041;1999;A;ES61;TAS_INTER_PREC_CORR;4.164783532;A;_Z
93041;2000;A;ES61;TAS_INTER_PREC_CORR;2.521018722;A;_Z
93041;2001;A;ES61;TAS_INTER_PREC_CORR;-0.253528437;A;_Z
93041;2002;A;ES61;TAS_INTER_PREC_CORR;-1.584277309;A;_Z
93041;2003;A;ES61;TAS_INTER_PREC_CORR;1.917664476;A;_Z
93041;2004;A;ES61;TAS_INTER_PREC_CORR;0.951765255;A;_Z
93041;2005;A;ES61;TAS_INTER_PREC_CORR;-0.16009677;A;_Z
93041;2006;A;ES61;TAS_INTER_PREC_CORR;-1.631646256;A;_Z
93041;2007;A;ES61;TAS_INTER_PREC_CORR;-0.610595461;A;_Z
93041;2008;A;ES61;TAS_INTER_PREC_CORR;-1.315357856;A;_Z
93041;2009;A;ES61;TAS_INTER_PREC_CORR;-12.355907929;A;_Z
93041;2010;A;ES61;TAS_INTER_PREC_CORR;-5.680051692;A;_Z
93041;2011;A;ES61;TAS_INTER_PREC_CORR;-5.22932273;A;_Z
93041;2012;A;ES61;TAS_INTER_PREC_CORR;-9.134290518;A;_Z
93041;2013;A;ES61;TAS_INTER_PREC_CORR;-5.67940093;A;_Z
93041;2014;A;ES61;TAS_INTER_PREC_CORR;-0.010390118;A;_Z
93041;2015;A;ES61;TAS_INTER_PREC_CORR;2.303178484;A;_Z
93041;2016;A;ES61;TAS_INTER_PREC_CORR;8.689235696;A;_Z
93041;2017;A;ES61;TAS_INTER_PREC_CORR;5.347670014;A;_Z
93041;2018;A;ES61;TAS_INTER_PREC_CORR;4.838785425;A;_Z
93041;2019;P;ES61;TAS_INTER_PREC_CORR;2.303993788;A;_Z
93041;2020;AV;ES61;TAS_INTER_PREC_CORR;-5.20577403;A;_Z
93041;2021;1E;ES61;TAS_INTER_PREC_CORR;-1.210217562;A;_Z
93042;1996;A;ES61;TAS_INTER_PREC_CORR;6.251666966;A;_Z
93042;1997;A;ES61;TAS_INTER_PREC_CORR;5.211325161;A;_Z
93042;1998;A;ES61;TAS_INTER_PREC_CORR;16.009809851;A;_Z
93042;1999;A;ES61;TAS_INTER_PREC_CORR;21.370664958;A;_Z
93042;2000;A;ES61;TAS_INTER_PREC_CORR;18.463684619;A;_Z
93042;2001;A;ES61;TAS_INTER_PREC_CORR;8.337851818;A;_Z
93042;2002;A;ES61;TAS_INTER_PREC_CORR;3.474861982;A;_Z
93042;2003;A;ES61;TAS_INTER_PREC_CORR;7.696165271;A;_Z
93042;2004;A;ES61;TAS_INTER_PREC_CORR;10.532464491;A;_Z
93042;2005;A;ES61;TAS_INTER_PREC_CORR;7.97759503;A;_Z
93042;2006;A;ES61;TAS_INTER_PREC_CORR;9.827686511;A;_Z
93042;2007;A;ES61;TAS_INTER_PREC_CORR;4.070552031;A;_Z
93042;2008;A;ES61;TAS_INTER_PREC_CORR;-14.90307999;A;_Z
93042;2009;A;ES61;TAS_INTER_PREC_CORR;-32.668271171;A;_Z
93042;2010;A;ES61;TAS_INTER_PREC_CORR;-13.67818442;A;_Z
93042;2011;A;ES61;TAS_INTER_PREC_CORR;-14.665790033;A;_Z
93042;2012;A;ES61;TAS_INTER_PREC_CORR;-24.00472811;A;_Z
93042;2013;A;ES61;TAS_INTER_PREC_CORR;-14.497928238;A;_Z
93042;2014;A;ES61;TAS_INTER_PREC_CORR;1.198270719;A;_Z
93042;2015;A;ES61;TAS_INTER_PREC_CORR;12.658835859;A;_Z
93042;2016;A;ES61;TAS_INTER_PREC_CORR;7.80749354;A;_Z
93042;2017;A;ES61;TAS_INTER_PREC_CORR;1.745502918;A;_Z
93042;2018;A;ES61;TAS_INTER_PREC_CORR;14.337540268;A;_Z
93042;2019;P;ES61;TAS_INTER_PREC_CORR;7.427991594;A;_Z
93042;2020;AV;ES61;TAS_INTER_PREC_CORR;-9.939826912;A;_Z
93042;2021;1E;ES61;TAS_INTER_PREC_CORR;11.830658986;A;_Z
93044;1996;A;ES61;TAS_INTER_PREC_CORR;4.840327906;A;_Z
93044;1997;A;ES61;TAS_INTER_PREC_CORR;2.27477999;A;_Z
93044;1998;A;ES61;TAS_INTER_PREC_CORR;2.824017424;A;_Z
93044;1999;A;ES61;TAS_INTER_PREC_CORR;4.094238016;A;_Z
93044;2000;A;ES61;TAS_INTER_PREC_CORR;6.317703699;A;_Z
93044;2001;A;ES61;TAS_INTER_PREC_CORR;3.60395495;A;_Z
93044;2002;A;ES61;TAS_INTER_PREC_CORR;3.284608003;A;_Z
93044;2003;A;ES61;TAS_INTER_PREC_CORR;3.951253322;A;_Z
93044;2004;A;ES61;TAS_INTER_PREC_CORR;4.069589819;A;_Z
93044;2005;A;ES61;TAS_INTER_PREC_CORR;4.419393786;A;_Z
93044;2006;A;ES61;TAS_INTER_PREC_CORR;6.062045741;A;_Z
93044;2007;A;ES61;TAS_INTER_PREC_CORR;3.569145854;A;_Z
93044;2008;A;ES61;TAS_INTER_PREC_CORR;1.393348446;A;_Z
93044;2009;A;ES61;TAS_INTER_PREC_CORR;-1.671118546;A;_Z
93044;2010;A;ES61;TAS_INTER_PREC_CORR;-1.338678682;A;_Z
93044;2011;A;ES61;TAS_INTER_PREC_CORR;-1.394037488;A;_Z
93044;2012;A;ES61;TAS_INTER_PREC_CORR;-2.718485773;A;_Z
93044;2013;A;ES61;TAS_INTER_PREC_CORR;-1.453746891;A;_Z
93044;2014;A;ES61;TAS_INTER_PREC_CORR;1.864964978;A;_Z
93044;2015;A;ES61;TAS_INTER_PREC_CORR;4.784233172;A;_Z
93044;2016;A;ES61;TAS_INTER_PREC_CORR;0.317483668;A;_Z
93044;2017;A;ES61;TAS_INTER_PREC_CORR;3.489196918;A;_Z
93044;2018;A;ES61;TAS_INTER_PREC_CORR;1.812484605;A;_Z
93044;2019;P;ES61;TAS_INTER_PREC_CORR;2.938790604;A;_Z
93044;2020;AV;ES61;TAS_INTER_PREC_CORR;-11.288723814;A;_Z
93044;2021;1E;ES61;TAS_INTER_PREC_CORR;8.703675234;A;_Z
93043;1996;A;ES61;TAS_INTER_PREC_CORR;0.219138656;A;_Z
93043;1997;A;ES61;TAS_INTER_PREC_CORR;1.573792262;A;_Z
93043;1998;A;ES61;TAS_INTER_PREC_CORR;1.500460491;A;_Z
93043;1999;A;ES61;TAS_INTER_PREC_CORR;6.913919051;A;_Z
93043;2000;A;ES61;TAS_INTER_PREC_CORR;5.103712276;A;_Z
93043;2001;A;ES61;TAS_INTER_PREC_CORR;2.898876024;A;_Z
93043;2002;A;ES61;TAS_INTER_PREC_CORR;2.151011163;A;_Z
93043;2003;A;ES61;TAS_INTER_PREC_CORR;3.010373466;A;_Z
93043;2004;A;ES61;TAS_INTER_PREC_CORR;4.744285254;A;_Z
93043;2005;A;ES61;TAS_INTER_PREC_CORR;4.540600152;A;_Z
93043;2006;A;ES61;TAS_INTER_PREC_CORR;5.312457211;A;_Z
93043;2007;A;ES61;TAS_INTER_PREC_CORR;2.808840771;A;_Z
93043;2008;A;ES61;TAS_INTER_PREC_CORR;3.69785899;A;_Z
93043;2009;A;ES61;TAS_INTER_PREC_CORR;-4.504206422;A;_Z
93043;2010;A;ES61;TAS_INTER_PREC_CORR;-4.186498462;A;_Z
93043;2011;A;ES61;TAS_INTER_PREC_CORR;0.582759904;A;_Z
93043;2012;A;ES61;TAS_INTER_PREC_CORR;-3.050981829;A;_Z
93043;2013;A;ES61;TAS_INTER_PREC_CORR;-1.963410836;A;_Z
93043;2014;A;ES61;TAS_INTER_PREC_CORR;1.123998725;A;_Z
93043;2015;A;ES61;TAS_INTER_PREC_CORR;6.597577731;A;_Z
93043;2016;A;ES61;TAS_INTER_PREC_CORR;0.618361443;A;_Z
93043;2017;A;ES61;TAS_INTER_PREC_CORR;3.572570315;A;_Z
93043;2018;A;ES61;TAS_INTER_PREC_CORR;0.167928831;A;_Z
93043;2019;P;ES61;TAS_INTER_PREC_CORR;4.325645189;A;_Z
93043;2020;AV;ES61;TAS_INTER_PREC_CORR;-16.997026708;A;_Z
93043;2021;1E;ES61;TAS_INTER_PREC_CORR;12.175456976;A;_Z
93045;1996;A;ES61;TAS_INTER_PREC_CORR;4.650594559;A;_Z
93045;1997;A;ES61;TAS_INTER_PREC_CORR;3.545022959;A;_Z
93045;1998;A;ES61;TAS_INTER_PREC_CORR;5.148633921;A;_Z
93045;1999;A;ES61;TAS_INTER_PREC_CORR;5.357589621;A;_Z
93045;2000;A;ES61;TAS_INTER_PREC_CORR;5.437953728;A;_Z
93045;2001;A;ES61;TAS_INTER_PREC_CORR;6.997844342;A;_Z
93045;2002;A;ES61;TAS_INTER_PREC_CORR;3.530190041;A;_Z
93045;2003;A;ES61;TAS_INTER_PREC_CORR;1.428986349;A;_Z
93045;2004;A;ES61;TAS_INTER_PREC_CORR;3.911574366;A;_Z
93045;2005;A;ES61;TAS_INTER_PREC_CORR;6.914131393;A;_Z
93045;2006;A;ES61;TAS_INTER_PREC_CORR;-0.76036807;A;_Z
93045;2007;A;ES61;TAS_INTER_PREC_CORR;2.420653473;A;_Z
93045;2008;A;ES61;TAS_INTER_PREC_CORR;1.480955521;A;_Z
93045;2009;A;ES61;TAS_INTER_PREC_CORR;4.595432056;A;_Z
93045;2010;A;ES61;TAS_INTER_PREC_CORR;-7.666579067;A;_Z
93045;2011;A;ES61;TAS_INTER_PREC_CORR;-3.54998965;A;_Z
93045;2012;A;ES61;TAS_INTER_PREC_CORR;-1.926172336;A;_Z
93045;2013;A;ES61;TAS_INTER_PREC_CORR;-8.362054817;A;_Z
93045;2014;A;ES61;TAS_INTER_PREC_CORR;3.489448076;A;_Z
93045;2015;A;ES61;TAS_INTER_PREC_CORR;5.030285549;A;_Z
93045;2016;A;ES61;TAS_INTER_PREC_CORR;7.332344703;A;_Z
93045;2017;A;ES61;TAS_INTER_PREC_CORR;11.475284004;A;_Z
93045;2018;A;ES61;TAS_INTER_PREC_CORR;8.430305951;A;_Z
93045;2019;P;ES61;TAS_INTER_PREC_CORR;8.166462046;A;_Z
93045;2020;AV;ES61;TAS_INTER_PREC_CORR;-1.410958904;A;_Z
93045;2021;1E;ES61;TAS_INTER_PREC_CORR;10.94900653;A;_Z
93046;1996;A;ES61;TAS_INTER_PREC_CORR;-4.676839102;A;_Z
93046;1997;A;ES61;TAS_INTER_PREC_CORR;-2.281797675;A;_Z
93046;1998;A;ES61;TAS_INTER_PREC_CORR;-3.635798633;A;_Z
93046;1999;A;ES61;TAS_INTER_PREC_CORR;-1.342884784;A;_Z
93046;2000;A;ES61;TAS_INTER_PREC_CORR;-2.572902804;A;_Z
93046;2001;A;ES61;TAS_INTER_PREC_CORR;2.794219847;A;_Z
93046;2002;A;ES61;TAS_INTER_PREC_CORR;7.126704744;A;_Z
93046;2003;A;ES61;TAS_INTER_PREC_CORR;3.782207521;A;_Z
93046;2004;A;ES61;TAS_INTER_PREC_CORR;1.348291046;A;_Z
93046;2005;A;ES61;TAS_INTER_PREC_CORR;0.475865351;A;_Z
93046;2006;A;ES61;TAS_INTER_PREC_CORR;5.940736775;A;_Z
93046;2007;A;ES61;TAS_INTER_PREC_CORR;4.460814803;A;_Z
93046;2008;A;ES61;TAS_INTER_PREC_CORR;-5.35883743;A;_Z
93046;2009;A;ES61;TAS_INTER_PREC_CORR;-2.235416708;A;_Z
93046;2010;A;ES61;TAS_INTER_PREC_CORR;3.352370993;A;_Z
93046;2011;A;ES61;TAS_INTER_PREC_CORR;-1.904928687;A;_Z
93046;2012;A;ES61;TAS_INTER_PREC_CORR;-2.225572262;A;_Z
93046;2013;A;ES61;TAS_INTER_PREC_CORR;-7.380507993;A;_Z
93046;2014;A;ES61;TAS_INTER_PREC_CORR;-0.146756035;A;_Z
93046;2015;A;ES61;TAS_INTER_PREC_CORR;1.318358304;A;_Z
93046;2016;A;ES61;TAS_INTER_PREC_CORR;-0.681995323;A;_Z
93046;2017;A;ES61;TAS_INTER_PREC_CORR;-0.165674798;A;_Z
93046;2018;A;ES61;TAS_INTER_PREC_CORR;-0.908356443;A;_Z
93046;2019;P;ES61;TAS_INTER_PREC_CORR;-0.101364007;A;_Z
93046;2020;AV;ES61;TAS_INTER_PREC_CORR;-0.941877137;A;_Z
93046;2021;1E;ES61;TAS_INTER_PREC_CORR;2.186692794;A;_Z
93047;1996;A;ES61;TAS_INTER_PREC_CORR;4.875015545;A;_Z
93047;1997;A;ES61;TAS_INTER_PREC_CORR;8.573461402;A;_Z
93047;1998;A;ES61;TAS_INTER_PREC_CORR;18.020969856;A;_Z
93047;1999;A;ES61;TAS_INTER_PREC_CORR;11.067925227;A;_Z
93047;2000;A;ES61;TAS_INTER_PREC_CORR;11.70638227;A;_Z
93047;2001;A;ES61;TAS_INTER_PREC_CORR;-4.475274111;A;_Z
93047;2002;A;ES61;TAS_INTER_PREC_CORR;14.039197314;A;_Z
93047;2003;A;ES61;TAS_INTER_PREC_CORR;11.386511469;A;_Z
93047;2004;A;ES61;TAS_INTER_PREC_CORR;11.427342021;A;_Z
93047;2005;A;ES61;TAS_INTER_PREC_CORR;16.908479064;A;_Z
93047;2006;A;ES61;TAS_INTER_PREC_CORR;17.171574179;A;_Z
93047;2007;A;ES61;TAS_INTER_PREC_CORR;2.472715557;A;_Z
93047;2008;A;ES61;TAS_INTER_PREC_CORR;-0.448025152;A;_Z
93047;2009;A;ES61;TAS_INTER_PREC_CORR;-12.77091311;A;_Z
93047;2010;A;ES61;TAS_INTER_PREC_CORR;-5.525887038;A;_Z
93047;2011;A;ES61;TAS_INTER_PREC_CORR;-1.135329341;A;_Z
93047;2012;A;ES61;TAS_INTER_PREC_CORR;-3.081693963;A;_Z
93047;2013;A;ES61;TAS_INTER_PREC_CORR;5.149485051;A;_Z
93047;2014;A;ES61;TAS_INTER_PREC_CORR;5.253898821;A;_Z
93047;2015;A;ES61;TAS_INTER_PREC_CORR;9.956181958;A;_Z
93047;2016;A;ES61;TAS_INTER_PREC_CORR;5.706421265;A;_Z
93047;2017;A;ES61;TAS_INTER_PREC_CORR;10.318694131;A;_Z
93047;2018;A;ES61;TAS_INTER_PREC_CORR;8.934296283;A;_Z
93047;2019;P;ES61;TAS_INTER_PREC_CORR;6.600692086;A;_Z
93047;2020;AV;ES61;TAS_INTER_PREC_CORR;-4.65384382;A;_Z
93047;2021;1E;ES61;TAS_INTER_PREC_CORR;3.013236604;A;_Z
93048;1996;A;ES61;TAS_INTER_PREC_CORR;10.629187613;A;_Z
93048;1997;A;ES61;TAS_INTER_PREC_CORR;9.970279315;A;_Z
93048;1998;A;ES61;TAS_INTER_PREC_CORR;9.752544334;A;_Z
93048;1999;A;ES61;TAS_INTER_PREC_CORR;-0.46395941;A;_Z
93048;2000;A;ES61;TAS_INTER_PREC_CORR;3.571317293;A;_Z
93048;2001;A;ES61;TAS_INTER_PREC_CORR;8.95225145;A;_Z
93048;2002;A;ES61;TAS_INTER_PREC_CORR;7.265176742;A;_Z
93048;2003;A;ES61;TAS_INTER_PREC_CORR;8.053480506;A;_Z
93048;2004;A;ES61;TAS_INTER_PREC_CORR;7.869183637;A;_Z
93048;2005;A;ES61;TAS_INTER_PREC_CORR;9.518635324;A;_Z
93048;2006;A;ES61;TAS_INTER_PREC_CORR;12.144481907;A;_Z
93048;2007;A;ES61;TAS_INTER_PREC_CORR;6.447888945;A;_Z
93048;2008;A;ES61;TAS_INTER_PREC_CORR;1.373699698;A;_Z
93048;2009;A;ES61;TAS_INTER_PREC_CORR;-2.490210128;A;_Z
93048;2010;A;ES61;TAS_INTER_PREC_CORR;-2.459473038;A;_Z
93048;2011;A;ES61;TAS_INTER_PREC_CORR;-3.125930754;A;_Z
93048;2012;A;ES61;TAS_INTER_PREC_CORR;-2.372443628;A;_Z
93048;2013;A;ES61;TAS_INTER_PREC_CORR;2.274487138;A;_Z
93048;2014;A;ES61;TAS_INTER_PREC_CORR;3.986654398;A;_Z
93048;2015;A;ES61;TAS_INTER_PREC_CORR;4.665373052;A;_Z
93048;2016;A;ES61;TAS_INTER_PREC_CORR;2.258997547;A;_Z
93048;2017;A;ES61;TAS_INTER_PREC_CORR;4.731634281;A;_Z
93048;2018;A;ES61;TAS_INTER_PREC_CORR;5.128244972;A;_Z
93048;2019;P;ES61;TAS_INTER_PREC_CORR;6.68700557;A;_Z
93048;2020;AV;ES61;TAS_INTER_PREC_CORR;-9.73071978;A;_Z
93048;2021;1E;ES61;TAS_INTER_PREC_CORR;3.975798951;A;_Z
93049;1996;A;ES61;TAS_INTER_PREC_CORR;10.962350008;A;_Z
93049;1997;A;ES61;TAS_INTER_PREC_CORR;2.266539445;A;_Z
93049;1998;A;ES61;TAS_INTER_PREC_CORR;2.054185682;A;_Z
93049;1999;A;ES61;TAS_INTER_PREC_CORR;2.99299732;A;_Z
93049;2000;A;ES61;TAS_INTER_PREC_CORR;9.41581607;A;_Z
93049;2001;A;ES61;TAS_INTER_PREC_CORR;3.093228385;A;_Z
93049;2002;A;ES61;TAS_INTER_PREC_CORR;3.5656016;A;_Z
93049;2003;A;ES61;TAS_INTER_PREC_CORR;4.792425241;A;_Z
93049;2004;A;ES61;TAS_INTER_PREC_CORR;2.406534446;A;_Z
93049;2005;A;ES61;TAS_INTER_PREC_CORR;3.614776476;A;_Z
93049;2006;A;ES61;TAS_INTER_PREC_CORR;5.460384747;A;_Z
93049;2007;A;ES61;TAS_INTER_PREC_CORR;2.935796962;A;_Z
93049;2008;A;ES61;TAS_INTER_PREC_CORR;0.942454191;A;_Z
93049;2009;A;ES61;TAS_INTER_PREC_CORR;3.842831069;A;_Z
93049;2010;A;ES61;TAS_INTER_PREC_CORR;1.863372555;A;_Z
93049;2011;A;ES61;TAS_INTER_PREC_CORR;-1.13576021;A;_Z
93049;2012;A;ES61;TAS_INTER_PREC_CORR;-1.533670546;A;_Z
93049;2013;A;ES61;TAS_INTER_PREC_CORR;-2.848532138;A;_Z
93049;2014;A;ES61;TAS_INTER_PREC_CORR;1.074467003;A;_Z
93049;2015;A;ES61;TAS_INTER_PREC_CORR;4.22520631;A;_Z
93049;2016;A;ES61;TAS_INTER_PREC_CORR;0.066028854;A;_Z
93049;2017;A;ES61;TAS_INTER_PREC_CORR;2.091537807;A;_Z
93049;2018;A;ES61;TAS_INTER_PREC_CORR;3.096380527;A;_Z
93049;2019;P;ES61;TAS_INTER_PREC_CORR;1.110795289;A;_Z
93049;2020;AV;ES61;TAS_INTER_PREC_CORR;-3.677124508;A;_Z
93049;2021;1E;ES61;TAS_INTER_PREC_CORR;9.219166593;A;_Z
93050;1996;A;ES61;TAS_INTER_PREC_CORR;5.413930123;A;_Z
93050;1997;A;ES61;TAS_INTER_PREC_CORR;0.433588669;A;_Z
93050;1998;A;ES61;TAS_INTER_PREC_CORR;3.770326666;A;_Z
93050;1999;A;ES61;TAS_INTER_PREC_CORR;2.565899695;A;_Z
93050;2000;A;ES61;TAS_INTER_PREC_CORR;6.773176249;A;_Z
93050;2001;A;ES61;TAS_INTER_PREC_CORR;3.307801826;A;_Z
93050;2002;A;ES61;TAS_INTER_PREC_CORR;2.104335554;A;_Z
93050;2003;A;ES61;TAS_INTER_PREC_CORR;2.07426875;A;_Z
93050;2004;A;ES61;TAS_INTER_PREC_CORR;3.023223288;A;_Z
93050;2005;A;ES61;TAS_INTER_PREC_CORR;1.650370709;A;_Z
93050;2006;A;ES61;TAS_INTER_PREC_CORR;4.632456944;A;_Z
93050;2007;A;ES61;TAS_INTER_PREC_CORR;4.471455094;A;_Z
93050;2008;A;ES61;TAS_INTER_PREC_CORR;-2.439925139;A;_Z
93050;2009;A;ES61;TAS_INTER_PREC_CORR;-3.844916849;A;_Z
93050;2010;A;ES61;TAS_INTER_PREC_CORR;0.914047561;A;_Z
93050;2011;A;ES61;TAS_INTER_PREC_CORR;-5.184996158;A;_Z
93050;2012;A;ES61;TAS_INTER_PREC_CORR;-4.866836402;A;_Z
93050;2013;A;ES61;TAS_INTER_PREC_CORR;1.178146249;A;_Z
93050;2014;A;ES61;TAS_INTER_PREC_CORR;3.562062094;A;_Z
93050;2015;A;ES61;TAS_INTER_PREC_CORR;1.494617082;A;_Z
93050;2016;A;ES61;TAS_INTER_PREC_CORR;-2.775509954;A;_Z
93050;2017;A;ES61;TAS_INTER_PREC_CORR;4.19138136;A;_Z
93050;2018;A;ES61;TAS_INTER_PREC_CORR;-0.742855935;A;_Z
93050;2019;P;ES61;TAS_INTER_PREC_CORR;-1.321967716;A;_Z
93050;2020;AV;ES61;TAS_INTER_PREC_CORR;-17.519669873;A;_Z
93050;2021;1E;ES61;TAS_INTER_PREC_CORR;3.959526665;A;_Z
93051;1996;A;ES61;TAS_INTER_PREC_CORR;4.984002017;A;_Z
93051;1997;A;ES61;TAS_INTER_PREC_CORR;3.620435839;A;_Z
93051;1998;A;ES61;TAS_INTER_PREC_CORR;4.475815418;A;_Z
93051;1999;A;ES61;TAS_INTER_PREC_CORR;4.868182018;A;_Z
93051;2000;A;ES61;TAS_INTER_PREC_CORR;6.579644724;A;_Z
93051;2001;A;ES61;TAS_INTER_PREC_CORR;3.987444186;A;_Z
93051;2002;A;ES61;TAS_INTER_PREC_CORR;2.485005228;A;_Z
93051;2003;A;ES61;TAS_INTER_PREC_CORR;3.792237333;A;_Z
93051;2004;A;ES61;TAS_INTER_PREC_CORR;3.700983166;A;_Z
93051;2005;A;ES61;TAS_INTER_PREC_CORR;4.293065652;A;_Z
93051;2006;A;ES61;TAS_INTER_PREC_CORR;4.925102785;A;_Z
93051;2007;A;ES61;TAS_INTER_PREC_CORR;2.7650564;A;_Z
93051;2008;A;ES61;TAS_INTER_PREC_CORR;-1.730784479;A;_Z
93051;2009;A;ES61;TAS_INTER_PREC_CORR;-6.412321803;A;_Z
93051;2010;A;ES61;TAS_INTER_PREC_CORR;-2.238446345;A;_Z
93051;2011;A;ES61;TAS_INTER_PREC_CORR;-2.812149037;A;_Z
93051;2012;A;ES61;TAS_INTER_PREC_CORR;-4.870836165;A;_Z
93051;2013;A;ES61;TAS_INTER_PREC_CORR;-2.737613435;A;_Z
93051;2014;A;ES61;TAS_INTER_PREC_CORR;2.597887819;A;_Z
93051;2015;A;ES61;TAS_INTER_PREC_CORR;4.52899423;A;_Z
93051;2016;A;ES61;TAS_INTER_PREC_CORR;2.179313903;A;_Z
93051;2017;A;ES61;TAS_INTER_PREC_CORR;3.703045721;A;_Z
93051;2018;A;ES61;TAS_INTER_PREC_CORR;2.061825461;A;_Z
93051;2019;P;ES61;TAS_INTER_PREC_CORR;3.077948724;A;_Z
93051;2020;AV;ES61;TAS_INTER_PREC_CORR;-9.558878445;A;_Z
93051;2021;1E;ES61;TAS_INTER_PREC_CORR;7.67003842;A;_Z
93026;1996;A;ES61;TAS_INTER_PREC_CORR;9.738420133;A;_Z
93026;1997;A;ES61;TAS_INTER_PREC_CORR;17.229237929;A;_Z
93026;1998;A;ES61;TAS_INTER_PREC_CORR;6.084722435;A;_Z
93026;1999;A;ES61;TAS_INTER_PREC_CORR;-3.404988986;A;_Z
93026;2000;A;ES61;TAS_INTER_PREC_CORR;4.964869237;A;_Z
93026;2001;A;ES61;TAS_INTER_PREC_CORR;9.895697078;A;_Z
93026;2002;A;ES61;TAS_INTER_PREC_CORR;-2.0213834;A;_Z
93026;2003;A;ES61;TAS_INTER_PREC_CORR;0.76797938;A;_Z
93026;2004;A;ES61;TAS_INTER_PREC_CORR;-6.481219402;A;_Z
93026;2005;A;ES61;TAS_INTER_PREC_CORR;5.885089425;A;_Z
93026;2006;A;ES61;TAS_INTER_PREC_CORR;-4.848690166;A;_Z
93026;2007;A;ES61;TAS_INTER_PREC_CORR;-0.822777416;A;_Z
93026;2008;A;ES61;TAS_INTER_PREC_CORR;-6.847171272;A;_Z
93026;2009;A;ES61;TAS_INTER_PREC_CORR;-1.01041121;A;_Z
93026;2010;A;ES61;TAS_INTER_PREC_CORR;9.540552213;A;_Z
93026;2011;A;ES61;TAS_INTER_PREC_CORR;-4.388122859;A;_Z
93026;2012;A;ES61;TAS_INTER_PREC_CORR;-3.076520982;A;_Z
93026;2013;A;ES61;TAS_INTER_PREC_CORR;-3.460012704;A;_Z
93026;2014;A;ES61;TAS_INTER_PREC_CORR;14.102691429;A;_Z
93026;2015;A;ES61;TAS_INTER_PREC_CORR;-3.015928279;A;_Z
93026;2016;A;ES61;TAS_INTER_PREC_CORR;14.246129684;A;_Z
93026;2017;A;ES61;TAS_INTER_PREC_CORR;4.6151278;A;_Z
93026;2018;A;ES61;TAS_INTER_PREC_CORR;-2.991392823;A;_Z
93026;2019;P;ES61;TAS_INTER_PREC_CORR;0.336229584;A;_Z
93026;2020;AV;ES61;TAS_INTER_PREC_CORR;1.876576068;A;_Z
93026;2021;1E;ES61;TAS_INTER_PREC_CORR;3.669347014;A;_Z
93027;1996;A;ES61;TAS_INTER_PREC_CORR;1.443493976;A;_Z
93027;1997;A;ES61;TAS_INTER_PREC_CORR;5.460117603;A;_Z
93027;1998;A;ES61;TAS_INTER_PREC_CORR;4.437792133;A;_Z
93027;1999;A;ES61;TAS_INTER_PREC_CORR;1.549666432;A;_Z
93027;2000;A;ES61;TAS_INTER_PREC_CORR;4.332934428;A;_Z
93027;2001;A;ES61;TAS_INTER_PREC_CORR;0.082664241;A;_Z
93027;2002;A;ES61;TAS_INTER_PREC_CORR;-0.508617249;A;_Z
93027;2003;A;ES61;TAS_INTER_PREC_CORR;2.695907083;A;_Z
93027;2004;A;ES61;TAS_INTER_PREC_CORR;2.213592533;A;_Z
93027;2005;A;ES61;TAS_INTER_PREC_CORR;0.74282341;A;_Z
93027;2006;A;ES61;TAS_INTER_PREC_CORR;-1.376655085;A;_Z
93027;2007;A;ES61;TAS_INTER_PREC_CORR;-0.395719074;A;_Z
93027;2008;A;ES61;TAS_INTER_PREC_CORR;-0.990360239;A;_Z
93027;2009;A;ES61;TAS_INTER_PREC_CORR;-11.689214501;A;_Z
93027;2010;A;ES61;TAS_INTER_PREC_CORR;-4.060105657;A;_Z
93027;2011;A;ES61;TAS_INTER_PREC_CORR;-3.194457106;A;_Z
93027;2012;A;ES61;TAS_INTER_PREC_CORR;-7.613998079;A;_Z
93027;2013;A;ES61;TAS_INTER_PREC_CORR;-7.15079357;A;_Z
93027;2014;A;ES61;TAS_INTER_PREC_CORR;-0.724589948;A;_Z
93027;2015;A;ES61;TAS_INTER_PREC_CORR;2.320129166;A;_Z
93027;2016;A;ES61;TAS_INTER_PREC_CORR;8.837706973;A;_Z
93027;2017;A;ES61;TAS_INTER_PREC_CORR;5.863894102;A;_Z
93027;2018;A;ES61;TAS_INTER_PREC_CORR;4.828527475;A;_Z
93027;2019;P;ES61;TAS_INTER_PREC_CORR;2.469721306;A;_Z
93027;2020;AV;ES61;TAS_INTER_PREC_CORR;-3.686464915;A;_Z
93027;2021;1E;ES61;TAS_INTER_PREC_CORR;-0.012240235;A;_Z
93028;1996;A;ES61;TAS_INTER_PREC_CORR;1.238966119;A;_Z
93028;1997;A;ES61;TAS_INTER_PREC_CORR;5.820898639;A;_Z
93028;1998;A;ES61;TAS_INTER_PREC_CORR;3.679637661;A;_Z
93028;1999;A;ES61;TAS_INTER_PREC_CORR;1.500421146;A;_Z
93028;2000;A;ES61;TAS_INTER_PREC_CORR;4.727746678;A;_Z
93028;2001;A;ES61;TAS_INTER_PREC_CORR;0.309788789;A;_Z
93028;2002;A;ES61;TAS_INTER_PREC_CORR;-1.063060651;A;_Z
93028;2003;A;ES61;TAS_INTER_PREC_CORR;2.304590235;A;_Z
93028;2004;A;ES61;TAS_INTER_PREC_CORR;1.603636732;A;_Z
93028;2005;A;ES61;TAS_INTER_PREC_CORR;-0.274265082;A;_Z
93028;2006;A;ES61;TAS_INTER_PREC_CORR;-1.586583233;A;_Z
93028;2007;A;ES61;TAS_INTER_PREC_CORR;-0.530607191;A;_Z
93028;2008;A;ES61;TAS_INTER_PREC_CORR;-1.292252707;A;_Z
93028;2009;A;ES61;TAS_INTER_PREC_CORR;-13.000734072;A;_Z
93028;2010;A;ES61;TAS_INTER_PREC_CORR;-4.942515051;A;_Z
93028;2011;A;ES61;TAS_INTER_PREC_CORR;-4.844989735;A;_Z
93028;2012;A;ES61;TAS_INTER_PREC_CORR;-9.33751488;A;_Z
93028;2013;A;ES61;TAS_INTER_PREC_CORR;-5.857846232;A;_Z
93028;2014;A;ES61;TAS_INTER_PREC_CORR;-1.113048143;A;_Z
93028;2015;A;ES61;TAS_INTER_PREC_CORR;2.246406292;A;_Z
93028;2016;A;ES61;TAS_INTER_PREC_CORR;8.915533214;A;_Z
93028;2017;A;ES61;TAS_INTER_PREC_CORR;6.094241858;A;_Z
93028;2018;A;ES61;TAS_INTER_PREC_CORR;5.282761154;A;_Z
93028;2019;P;ES61;TAS_INTER_PREC_CORR;2.503665829;A;_Z
93028;2020;AV;ES61;TAS_INTER_PREC_CORR;-5.270043181;A;_Z
93028;2021;1E;ES61;TAS_INTER_PREC_CORR;-1.525817643;A;_Z
93029;1996;A;ES61;TAS_INTER_PREC_CORR;7.802768909;A;_Z
93029;1997;A;ES61;TAS_INTER_PREC_CORR;5.653611698;A;_Z
93029;1998;A;ES61;TAS_INTER_PREC_CORR;18.645196973;A;_Z
93029;1999;A;ES61;TAS_INTER_PREC_CORR;21.655524596;A;_Z
93029;2000;A;ES61;TAS_INTER_PREC_CORR;19.227185244;A;_Z
93029;2001;A;ES61;TAS_INTER_PREC_CORR;8.757897812;A;_Z
93029;2002;A;ES61;TAS_INTER_PREC_CORR;3.601867088;A;_Z
93029;2003;A;ES61;TAS_INTER_PREC_CORR;7.958096177;A;_Z
93029;2004;A;ES61;TAS_INTER_PREC_CORR;10.488248646;A;_Z
93029;2005;A;ES61;TAS_INTER_PREC_CORR;7.594001103;A;_Z
93029;2006;A;ES61;TAS_INTER_PREC_CORR;9.675789942;A;_Z
93029;2007;A;ES61;TAS_INTER_PREC_CORR;3.067301005;A;_Z
93029;2008;A;ES61;TAS_INTER_PREC_CORR;-15.962357399;A;_Z
93029;2009;A;ES61;TAS_INTER_PREC_CORR;-35.037779089;A;_Z
93029;2010;A;ES61;TAS_INTER_PREC_CORR;-14.529047044;A;_Z
93029;2011;A;ES61;TAS_INTER_PREC_CORR;-15.049031813;A;_Z
93029;2012;A;ES61;TAS_INTER_PREC_CORR;-26.753656681;A;_Z
93029;2013;A;ES61;TAS_INTER_PREC_CORR;-14.524047711;A;_Z
93029;2014;A;ES61;TAS_INTER_PREC_CORR;1.647520617;A;_Z
93029;2015;A;ES61;TAS_INTER_PREC_CORR;15.367650966;A;_Z
93029;2016;A;ES61;TAS_INTER_PREC_CORR;7.766953024;A;_Z
93029;2017;A;ES61;TAS_INTER_PREC_CORR;2.518984997;A;_Z
93029;2018;A;ES61;TAS_INTER_PREC_CORR;13.645333889;A;_Z
93029;2019;P;ES61;TAS_INTER_PREC_CORR;9.312307777;A;_Z
93029;2020;AV;ES61;TAS_INTER_PREC_CORR;-10.094139626;A;_Z
93029;2021;1E;ES61;TAS_INTER_PREC_CORR;11.00098923;A;_Z
93031;1996;A;ES61;TAS_INTER_PREC_CORR;6.337253888;A;_Z
93031;1997;A;ES61;TAS_INTER_PREC_CORR;3.15420911;A;_Z
93031;1998;A;ES61;TAS_INTER_PREC_CORR;3.329947691;A;_Z
93031;1999;A;ES61;TAS_INTER_PREC_CORR;4.623639402;A;_Z
93031;2000;A;ES61;TAS_INTER_PREC_CORR;7.895096328;A;_Z
93031;2001;A;ES61;TAS_INTER_PREC_CORR;3.767823723;A;_Z
93031;2002;A;ES61;TAS_INTER_PREC_CORR;3.898205975;A;_Z
93031;2003;A;ES61;TAS_INTER_PREC_CORR;4.431439276;A;_Z
93031;2004;A;ES61;TAS_INTER_PREC_CORR;3.247310606;A;_Z
93031;2005;A;ES61;TAS_INTER_PREC_CORR;4.794005104;A;_Z
93031;2006;A;ES61;TAS_INTER_PREC_CORR;6.948586036;A;_Z
93031;2007;A;ES61;TAS_INTER_PREC_CORR;3.464683254;A;_Z
93031;2008;A;ES61;TAS_INTER_PREC_CORR;1.433849336;A;_Z
93031;2009;A;ES61;TAS_INTER_PREC_CORR;-1.892129508;A;_Z
93031;2010;A;ES61;TAS_INTER_PREC_CORR;-0.533011629;A;_Z
93031;2011;A;ES61;TAS_INTER_PREC_CORR;-1.161375117;A;_Z
93031;2012;A;ES61;TAS_INTER_PREC_CORR;-4.173854163;A;_Z
93031;2013;A;ES61;TAS_INTER_PREC_CORR;-2.546725946;A;_Z
93031;2014;A;ES61;TAS_INTER_PREC_CORR;2.12600281;A;_Z
93031;2015;A;ES61;TAS_INTER_PREC_CORR;5.694907304;A;_Z
93031;2016;A;ES61;TAS_INTER_PREC_CORR;-0.021428843;A;_Z
93031;2017;A;ES61;TAS_INTER_PREC_CORR;3.939039863;A;_Z
93031;2018;A;ES61;TAS_INTER_PREC_CORR;2.063091;A;_Z
93031;2019;P;ES61;TAS_INTER_PREC_CORR;3.146334252;A;_Z
93031;2020;AV;ES61;TAS_INTER_PREC_CORR;-11.554015475;A;_Z
93031;2021;1E;ES61;TAS_INTER_PREC_CORR;9.11220874;A;_Z
93030;1996;A;ES61;TAS_INTER_PREC_CORR;1.651788943;A;_Z
93030;1997;A;ES61;TAS_INTER_PREC_CORR;3.782228987;A;_Z
93030;1998;A;ES61;TAS_INTER_PREC_CORR;3.440441097;A;_Z
93030;1999;A;ES61;TAS_INTER_PREC_CORR;9.258251122;A;_Z
93030;2000;A;ES61;TAS_INTER_PREC_CORR;9.184299062;A;_Z
93030;2001;A;ES61;TAS_INTER_PREC_CORR;3.104575812;A;_Z
93030;2002;A;ES61;TAS_INTER_PREC_CORR;3.657496945;A;_Z
93030;2003;A;ES61;TAS_INTER_PREC_CORR;4.203649487;A;_Z
93030;2004;A;ES61;TAS_INTER_PREC_CORR;3.269231454;A;_Z
93030;2005;A;ES61;TAS_INTER_PREC_CORR;5.800456832;A;_Z
93030;2006;A;ES61;TAS_INTER_PREC_CORR;7.424510734;A;_Z
93030;2007;A;ES61;TAS_INTER_PREC_CORR;2.776420086;A;_Z
93030;2008;A;ES61;TAS_INTER_PREC_CORR;4.813547407;A;_Z
93030;2009;A;ES61;TAS_INTER_PREC_CORR;-5.444277077;A;_Z
93030;2010;A;ES61;TAS_INTER_PREC_CORR;-2.848695466;A;_Z
93030;2011;A;ES61;TAS_INTER_PREC_CORR;0.708973997;A;_Z
93030;2012;A;ES61;TAS_INTER_PREC_CORR;-6.163734674;A;_Z
93030;2013;A;ES61;TAS_INTER_PREC_CORR;-3.859064215;A;_Z
93030;2014;A;ES61;TAS_INTER_PREC_CORR;2.247651978;A;_Z
93030;2015;A;ES61;TAS_INTER_PREC_CORR;8.858029788;A;_Z
93030;2016;A;ES61;TAS_INTER_PREC_CORR;0.38451854;A;_Z
93030;2017;A;ES61;TAS_INTER_PREC_CORR;5.188115461;A;_Z
93030;2018;A;ES61;TAS_INTER_PREC_CORR;0.905426526;A;_Z
93030;2019;P;ES61;TAS_INTER_PREC_CORR;5.934892567;A;_Z
93030;2020;AV;ES61;TAS_INTER_PREC_CORR;-18.725541842;A;_Z
93030;2021;1E;ES61;TAS_INTER_PREC_CORR;13.115879005;A;_Z
93032;1996;A;ES61;TAS_INTER_PREC_CORR;4.069397765;A;_Z
93032;1997;A;ES61;TAS_INTER_PREC_CORR;3.037444357;A;_Z
93032;1998;A;ES61;TAS_INTER_PREC_CORR;6.327827192;A;_Z
93032;1999;A;ES61;TAS_INTER_PREC_CORR;5.620618228;A;_Z
93032;2000;A;ES61;TAS_INTER_PREC_CORR;8.259475768;A;_Z
93032;2001;A;ES61;TAS_INTER_PREC_CORR;5.420658422;A;_Z
93032;2002;A;ES61;TAS_INTER_PREC_CORR;2.898119692;A;_Z
93032;2003;A;ES61;TAS_INTER_PREC_CORR;0.844627144;A;_Z
93032;2004;A;ES61;TAS_INTER_PREC_CORR;2.955319894;A;_Z
93032;2005;A;ES61;TAS_INTER_PREC_CORR;7.454607319;A;_Z
93032;2006;A;ES61;TAS_INTER_PREC_CORR;0.449063013;A;_Z
93032;2007;A;ES61;TAS_INTER_PREC_CORR;2.183693939;A;_Z
93032;2008;A;ES61;TAS_INTER_PREC_CORR;1.222761309;A;_Z
93032;2009;A;ES61;TAS_INTER_PREC_CORR;5.435957111;A;_Z
93032;2010;A;ES61;TAS_INTER_PREC_CORR;-8.831953751;A;_Z
93032;2011;A;ES61;TAS_INTER_PREC_CORR;-3.378105724;A;_Z
93032;2012;A;ES61;TAS_INTER_PREC_CORR;-5.148857467;A;_Z
93032;2013;A;ES61;TAS_INTER_PREC_CORR;-8.513649516;A;_Z
93032;2014;A;ES61;TAS_INTER_PREC_CORR;3.736807728;A;_Z
93032;2015;A;ES61;TAS_INTER_PREC_CORR;6.077677625;A;_Z
93032;2016;A;ES61;TAS_INTER_PREC_CORR;8.569197126;A;_Z
93032;2017;A;ES61;TAS_INTER_PREC_CORR;11.932782781;A;_Z
93032;2018;A;ES61;TAS_INTER_PREC_CORR;8.097686375;A;_Z
93032;2019;P;ES61;TAS_INTER_PREC_CORR;10.620689655;A;_Z
93032;2020;AV;ES61;TAS_INTER_PREC_CORR;1.629546823;A;_Z
93032;2021;1E;ES61;TAS_INTER_PREC_CORR;12.201209967;A;_Z
93033;1996;A;ES61;TAS_INTER_PREC_CORR;-5.390305841;A;_Z
93033;1997;A;ES61;TAS_INTER_PREC_CORR;-3.774157408;A;_Z
93033;1998;A;ES61;TAS_INTER_PREC_CORR;-3.284255464;A;_Z
93033;1999;A;ES61;TAS_INTER_PREC_CORR;-2.337421313;A;_Z
93033;2000;A;ES61;TAS_INTER_PREC_CORR;-1.173570273;A;_Z
93033;2001;A;ES61;TAS_INTER_PREC_CORR;3.526140734;A;_Z
93033;2002;A;ES61;TAS_INTER_PREC_CORR;7.130845109;A;_Z
93033;2003;A;ES61;TAS_INTER_PREC_CORR;2.909891758;A;_Z
93033;2004;A;ES61;TAS_INTER_PREC_CORR;1.857754303;A;_Z
93033;2005;A;ES61;TAS_INTER_PREC_CORR;0.516316495;A;_Z
93033;2006;A;ES61;TAS_INTER_PREC_CORR;6.49974428;A;_Z
93033;2007;A;ES61;TAS_INTER_PREC_CORR;4.710402138;A;_Z
93033;2008;A;ES61;TAS_INTER_PREC_CORR;-5.310069791;A;_Z
93033;2009;A;ES61;TAS_INTER_PREC_CORR;-3.337755596;A;_Z
93033;2010;A;ES61;TAS_INTER_PREC_CORR;0.037035423;A;_Z
93033;2011;A;ES61;TAS_INTER_PREC_CORR;-0.285284958;A;_Z
93033;2012;A;ES61;TAS_INTER_PREC_CORR;-3.610116188;A;_Z
93033;2013;A;ES61;TAS_INTER_PREC_CORR;-8.26781466;A;_Z
93033;2014;A;ES61;TAS_INTER_PREC_CORR;-0.970705923;A;_Z
93033;2015;A;ES61;TAS_INTER_PREC_CORR;0.541241613;A;_Z
93033;2016;A;ES61;TAS_INTER_PREC_CORR;0.414289258;A;_Z
93033;2017;A;ES61;TAS_INTER_PREC_CORR;-0.303876275;A;_Z
93033;2018;A;ES61;TAS_INTER_PREC_CORR;-1.402587104;A;_Z
93033;2019;P;ES61;TAS_INTER_PREC_CORR;-0.414697899;A;_Z
93033;2020;AV;ES61;TAS_INTER_PREC_CORR;-1.044847689;A;_Z
93033;2021;1E;ES61;TAS_INTER_PREC_CORR;2.402509628;A;_Z
93034;1996;A;ES61;TAS_INTER_PREC_CORR;4.097894138;A;_Z
93034;1997;A;ES61;TAS_INTER_PREC_CORR;9.92345544;A;_Z
93034;1998;A;ES61;TAS_INTER_PREC_CORR;17.04799801;A;_Z
93034;1999;A;ES61;TAS_INTER_PREC_CORR;7.25592266;A;_Z
93034;2000;A;ES61;TAS_INTER_PREC_CORR;10.003961965;A;_Z
93034;2001;A;ES61;TAS_INTER_PREC_CORR;-3.772735458;A;_Z
93034;2002;A;ES61;TAS_INTER_PREC_CORR;12.650884252;A;_Z
93034;2003;A;ES61;TAS_INTER_PREC_CORR;13.265221364;A;_Z
93034;2004;A;ES61;TAS_INTER_PREC_CORR;9.093575829;A;_Z
93034;2005;A;ES61;TAS_INTER_PREC_CORR;18.002151116;A;_Z
93034;2006;A;ES61;TAS_INTER_PREC_CORR;16.79389313;A;_Z
93034;2007;A;ES61;TAS_INTER_PREC_CORR;-0.268266511;A;_Z
93034;2008;A;ES61;TAS_INTER_PREC_CORR;-1.134640779;A;_Z
93034;2009;A;ES61;TAS_INTER_PREC_CORR;-15.171902053;A;_Z
93034;2010;A;ES61;TAS_INTER_PREC_CORR;-8.467459762;A;_Z
93034;2011;A;ES61;TAS_INTER_PREC_CORR;-0.496941896;A;_Z
93034;2012;A;ES61;TAS_INTER_PREC_CORR;-10.667178896;A;_Z
93034;2013;A;ES61;TAS_INTER_PREC_CORR;-1.433486239;A;_Z
93034;2014;A;ES61;TAS_INTER_PREC_CORR;1.476148924;A;_Z
93034;2015;A;ES61;TAS_INTER_PREC_CORR;3.117162307;A;_Z
93034;2016;A;ES61;TAS_INTER_PREC_CORR;12.432244614;A;_Z
93034;2017;A;ES61;TAS_INTER_PREC_CORR;11.106990543;A;_Z
93034;2018;A;ES61;TAS_INTER_PREC_CORR;7.993991989;A;_Z
93034;2019;P;ES61;TAS_INTER_PREC_CORR;7.428012157;A;_Z
93034;2020;AV;ES61;TAS_INTER_PREC_CORR;-8.300167825;A;_Z
93034;2021;1E;ES61;TAS_INTER_PREC_CORR;0.747751516;A;_Z
93035;1996;A;ES61;TAS_INTER_PREC_CORR;12.030618886;A;_Z
93035;1997;A;ES61;TAS_INTER_PREC_CORR;12.180840764;A;_Z
93035;1998;A;ES61;TAS_INTER_PREC_CORR;10.26393444;A;_Z
93035;1999;A;ES61;TAS_INTER_PREC_CORR;-1.736168056;A;_Z
93035;2000;A;ES61;TAS_INTER_PREC_CORR;3.322788411;A;_Z
93035;2001;A;ES61;TAS_INTER_PREC_CORR;10.039134489;A;_Z
93035;2002;A;ES61;TAS_INTER_PREC_CORR;7.048108361;A;_Z
93035;2003;A;ES61;TAS_INTER_PREC_CORR;7.742796058;A;_Z
93035;2004;A;ES61;TAS_INTER_PREC_CORR;7.66711984;A;_Z
93035;2005;A;ES61;TAS_INTER_PREC_CORR;10.530444688;A;_Z
93035;2006;A;ES61;TAS_INTER_PREC_CORR;13.130876105;A;_Z
93035;2007;A;ES61;TAS_INTER_PREC_CORR;6.36567161;A;_Z
93035;2008;A;ES61;TAS_INTER_PREC_CORR;0.117965023;A;_Z
93035;2009;A;ES61;TAS_INTER_PREC_CORR;-2.39566142;A;_Z
93035;2010;A;ES61;TAS_INTER_PREC_CORR;-2.490429376;A;_Z
93035;2011;A;ES61;TAS_INTER_PREC_CORR;-1.235044221;A;_Z
93035;2012;A;ES61;TAS_INTER_PREC_CORR;-3.382285393;A;_Z
93035;2013;A;ES61;TAS_INTER_PREC_CORR;0.303016839;A;_Z
93035;2014;A;ES61;TAS_INTER_PREC_CORR;4.873932457;A;_Z
93035;2015;A;ES61;TAS_INTER_PREC_CORR;6.826043801;A;_Z
93035;2016;A;ES61;TAS_INTER_PREC_CORR;0.766262316;A;_Z
93035;2017;A;ES61;TAS_INTER_PREC_CORR;4.889073744;A;_Z
93035;2018;A;ES61;TAS_INTER_PREC_CORR;6.567557255;A;_Z
93035;2019;P;ES61;TAS_INTER_PREC_CORR;6.895777021;A;_Z
93035;2020;AV;ES61;TAS_INTER_PREC_CORR;-9.504981709;A;_Z
93035;2021;1E;ES61;TAS_INTER_PREC_CORR;5.924447509;A;_Z
93036;1996;A;ES61;TAS_INTER_PREC_CORR;11.189186665;A;_Z
93036;1997;A;ES61;TAS_INTER_PREC_CORR;2.360140064;A;_Z
93036;1998;A;ES61;TAS_INTER_PREC_CORR;1.963635369;A;_Z
93036;1999;A;ES61;TAS_INTER_PREC_CORR;2.976794503;A;_Z
93036;2000;A;ES61;TAS_INTER_PREC_CORR;9.258278491;A;_Z
93036;2001;A;ES61;TAS_INTER_PREC_CORR;3.056622815;A;_Z
93036;2002;A;ES61;TAS_INTER_PREC_CORR;3.756515638;A;_Z
93036;2003;A;ES61;TAS_INTER_PREC_CORR;4.935168206;A;_Z
93036;2004;A;ES61;TAS_INTER_PREC_CORR;2.370388207;A;_Z
93036;2005;A;ES61;TAS_INTER_PREC_CORR;3.537418496;A;_Z
93036;2006;A;ES61;TAS_INTER_PREC_CORR;5.419089507;A;_Z
93036;2007;A;ES61;TAS_INTER_PREC_CORR;2.982170361;A;_Z
93036;2008;A;ES61;TAS_INTER_PREC_CORR;0.969066201;A;_Z
93036;2009;A;ES61;TAS_INTER_PREC_CORR;3.89773271;A;_Z
93036;2010;A;ES61;TAS_INTER_PREC_CORR;2.176218393;A;_Z
93036;2011;A;ES61;TAS_INTER_PREC_CORR;-1.22994591;A;_Z
93036;2012;A;ES61;TAS_INTER_PREC_CORR;-1.573291398;A;_Z
93036;2013;A;ES61;TAS_INTER_PREC_CORR;-3.109610867;A;_Z
93036;2014;A;ES61;TAS_INTER_PREC_CORR;0.772520285;A;_Z
93036;2015;A;ES61;TAS_INTER_PREC_CORR;4.30135822;A;_Z
93036;2016;A;ES61;TAS_INTER_PREC_CORR;-0.359009678;A;_Z
93036;2017;A;ES61;TAS_INTER_PREC_CORR;1.997674618;A;_Z
93036;2018;A;ES61;TAS_INTER_PREC_CORR;3.030558104;A;_Z
93036;2019;P;ES61;TAS_INTER_PREC_CORR;0.848831783;A;_Z
93036;2020;AV;ES61;TAS_INTER_PREC_CORR;-3.920917096;A;_Z
93036;2021;1E;ES61;TAS_INTER_PREC_CORR;9.798168756;A;_Z
93037;1996;A;ES61;TAS_INTER_PREC_CORR;6.286911265;A;_Z
93037;1997;A;ES61;TAS_INTER_PREC_CORR;0.394596331;A;_Z
93037;1998;A;ES61;TAS_INTER_PREC_CORR;2.475450878;A;_Z
93037;1999;A;ES61;TAS_INTER_PREC_CORR;4.031291667;A;_Z
93037;2000;A;ES61;TAS_INTER_PREC_CORR;6.685459339;A;_Z
93037;2001;A;ES61;TAS_INTER_PREC_CORR;3.325818433;A;_Z
93037;2002;A;ES61;TAS_INTER_PREC_CORR;2.185215302;A;_Z
93037;2003;A;ES61;TAS_INTER_PREC_CORR;2.237145326;A;_Z
93037;2004;A;ES61;TAS_INTER_PREC_CORR;2.224116253;A;_Z
93037;2005;A;ES61;TAS_INTER_PREC_CORR;1.295099363;A;_Z
93037;2006;A;ES61;TAS_INTER_PREC_CORR;4.993418524;A;_Z
93037;2007;A;ES61;TAS_INTER_PREC_CORR;3.932449593;A;_Z
93037;2008;A;ES61;TAS_INTER_PREC_CORR;-2.50072469;A;_Z
93037;2009;A;ES61;TAS_INTER_PREC_CORR;-5.34807739;A;_Z
93037;2010;A;ES61;TAS_INTER_PREC_CORR;1.513805624;A;_Z
93037;2011;A;ES61;TAS_INTER_PREC_CORR;-4.914209285;A;_Z
93037;2012;A;ES61;TAS_INTER_PREC_CORR;-6.129739981;A;_Z
93037;2013;A;ES61;TAS_INTER_PREC_CORR;1.087714197;A;_Z
93037;2014;A;ES61;TAS_INTER_PREC_CORR;3.170137212;A;_Z
93037;2015;A;ES61;TAS_INTER_PREC_CORR;2.010122094;A;_Z
93037;2016;A;ES61;TAS_INTER_PREC_CORR;-2.494323915;A;_Z
93037;2017;A;ES61;TAS_INTER_PREC_CORR;4.09466418;A;_Z
93037;2018;A;ES61;TAS_INTER_PREC_CORR;-2.348075834;A;_Z
93037;2019;P;ES61;TAS_INTER_PREC_CORR;-2.592600448;A;_Z
93037;2020;AV;ES61;TAS_INTER_PREC_CORR;-18.609461872;A;_Z
93037;2021;1E;ES61;TAS_INTER_PREC_CORR;1.327417845;A;_Z
93038;1996;A;ES61;TAS_INTER_PREC_CORR;6.088438214;A;_Z
93038;1997;A;ES61;TAS_INTER_PREC_CORR;4.784920973;A;_Z
93038;1998;A;ES61;TAS_INTER_PREC_CORR;5.05148298;A;_Z
93038;1999;A;ES61;TAS_INTER_PREC_CORR;5.192089517;A;_Z
93038;2000;A;ES61;TAS_INTER_PREC_CORR;8.514412857;A;_Z
93038;2001;A;ES61;TAS_INTER_PREC_CORR;4.459113554;A;_Z
93038;2002;A;ES61;TAS_INTER_PREC_CORR;2.870935271;A;_Z
93038;2003;A;ES61;TAS_INTER_PREC_CORR;4.413362615;A;_Z
93038;2004;A;ES61;TAS_INTER_PREC_CORR;3.364838072;A;_Z
93038;2005;A;ES61;TAS_INTER_PREC_CORR;4.854906645;A;_Z
93038;2006;A;ES61;TAS_INTER_PREC_CORR;5.683436874;A;_Z
93038;2007;A;ES61;TAS_INTER_PREC_CORR;2.768579298;A;_Z
93038;2008;A;ES61;TAS_INTER_PREC_CORR;-1.991739651;A;_Z
93038;2009;A;ES61;TAS_INTER_PREC_CORR;-7.139474211;A;_Z
93038;2010;A;ES61;TAS_INTER_PREC_CORR;-1.510597344;A;_Z
93038;2011;A;ES61;TAS_INTER_PREC_CORR;-2.678009077;A;_Z
93038;2012;A;ES61;TAS_INTER_PREC_CORR;-5.9783178;A;_Z
93038;2013;A;ES61;TAS_INTER_PREC_CORR;-3.649120912;A;_Z
93038;2014;A;ES61;TAS_INTER_PREC_CORR;2.720393292;A;_Z
93038;2015;A;ES61;TAS_INTER_PREC_CORR;5.217555192;A;_Z
93038;2016;A;ES61;TAS_INTER_PREC_CORR;2.084893579;A;_Z
93038;2017;A;ES61;TAS_INTER_PREC_CORR;4.068469865;A;_Z
93038;2018;A;ES61;TAS_INTER_PREC_CORR;2.512997374;A;_Z
93038;2019;P;ES61;TAS_INTER_PREC_CORR;3.249163029;A;_Z
93038;2020;AV;ES61;TAS_INTER_PREC_CORR;-9.806659204;A;_Z
93038;2021;1E;ES61;TAS_INTER_PREC_CORR;7.969728864;A;_Z
