MACROECO;TIME_PERIOD;OBS_STATUS;REF_AREA;INDICATOR;OBS_VALUE;FREQ;CNAE_09_CRA_NEW
93017;1996;A;ES61;RAS_INTER_IVE;2.302247677;A;_Z
93017;1997;A;ES61;RAS_INTER_IVE;4.51527806;A;_Z
93017;1998;A;ES61;RAS_INTER_IVE;5.934719379;A;_Z
93017;1999;A;ES61;RAS_INTER_IVE;6.57995476;A;_Z
93017;2000;A;ES61;RAS_INTER_IVE;4.885184718;A;_Z
93017;2001;A;ES61;RAS_INTER_IVE;3.836791816;A;_Z
93017;2002;A;ES61;RAS_INTER_IVE;3.752773353;A;_Z
93017;2003;A;ES61;RAS_INTER_IVE;4.1904237;A;_Z
93017;2004;A;ES61;RAS_INTER_IVE;4.532009143;A;_Z
93017;2005;A;ES61;RAS_INTER_IVE;4.246864589;A;_Z
93017;2006;A;ES61;RAS_INTER_IVE;4.307083729;A;_Z
93017;2007;A;ES61;RAS_INTER_IVE;4.401436793;A;_Z
93017;2008;A;ES61;RAS_INTER_IVE;1.25619821;A;_Z
93017;2009;A;ES61;RAS_INTER_IVE;-1.716506594;A;_Z
93017;2010;A;ES61;RAS_INTER_IVE;0.526764376;A;_Z
93017;2011;A;ES61;RAS_INTER_IVE;-2.00946583;A;_Z
93017;2012;A;ES61;RAS_INTER_IVE;-3.77947093;A;_Z
93017;2013;A;ES61;RAS_INTER_IVE;-2.858577049;A;_Z
93017;2014;A;ES61;RAS_INTER_IVE;1.222541893;A;_Z
93017;2015;A;ES61;RAS_INTER_IVE;1.938173365;A;_Z
93017;2016;A;ES61;RAS_INTER_IVE;2.508925112;A;_Z
93017;2017;A;ES61;RAS_INTER_IVE;2.894052418;A;_Z
93017;2018;A;ES61;RAS_INTER_IVE;1.547455695;A;_Z
93017;2019;P;ES61;RAS_INTER_IVE;-0.091800214;A;_Z
93017;2020;AV;ES61;RAS_INTER_IVE;-7.73475143;A;_Z
93017;2021;1E;ES61;RAS_INTER_IVE;5.355058251;A;_Z
93018;1996;A;ES61;RAS_INTER_IVE;2.008071667;A;_Z
93018;1997;A;ES61;RAS_INTER_IVE;4.810794402;A;_Z
93018;1998;A;ES61;RAS_INTER_IVE;6.459165636;A;_Z
93018;1999;A;ES61;RAS_INTER_IVE;7.210993287;A;_Z
93018;2000;A;ES61;RAS_INTER_IVE;4.956275326;A;_Z
93018;2001;A;ES61;RAS_INTER_IVE;4.262033982;A;_Z
93018;2002;A;ES61;RAS_INTER_IVE;3.865470198;A;_Z
93018;2003;A;ES61;RAS_INTER_IVE;4.19604335;A;_Z
93018;2004;A;ES61;RAS_INTER_IVE;4.297368962;A;_Z
93018;2005;A;ES61;RAS_INTER_IVE;4.217068962;A;_Z
93018;2006;A;ES61;RAS_INTER_IVE;4.084441683;A;_Z
93018;2007;A;ES61;RAS_INTER_IVE;3.785277524;A;_Z
93018;2008;A;ES61;RAS_INTER_IVE;-0.320018276;A;_Z
93018;2009;A;ES61;RAS_INTER_IVE;-3.800699359;A;_Z
93018;2010;A;ES61;RAS_INTER_IVE;0.288098741;A;_Z
93018;2011;A;ES61;RAS_INTER_IVE;-2.734895176;A;_Z
93018;2012;A;ES61;RAS_INTER_IVE;-3.739766414;A;_Z
93018;2013;A;ES61;RAS_INTER_IVE;-3.21154829;A;_Z
93018;2014;A;ES61;RAS_INTER_IVE;1.846222031;A;_Z
93018;2015;A;ES61;RAS_INTER_IVE;1.82980552;A;_Z
93018;2016;A;ES61;RAS_INTER_IVE;2.744628949;A;_Z
93018;2017;A;ES61;RAS_INTER_IVE;3.386155943;A;_Z
93018;2018;A;ES61;RAS_INTER_IVE;1.374659305;A;_Z
93018;2019;P;ES61;RAS_INTER_IVE;-0.911712953;A;_Z
93018;2020;AV;ES61;RAS_INTER_IVE;-12.448758034;A;_Z
93018;2021;1E;ES61;RAS_INTER_IVE;5.275217311;A;_Z
93011;1996;A;ES61;RAS_INTER_IVE;3.174583911;A;_Z
93011;1997;A;ES61;RAS_INTER_IVE;3.65464712;A;_Z
93011;1998;A;ES61;RAS_INTER_IVE;4.374184016;A;_Z
93011;1999;A;ES61;RAS_INTER_IVE;4.679510725;A;_Z
93011;2000;A;ES61;RAS_INTER_IVE;4.668071169;A;_Z
93011;2001;A;ES61;RAS_INTER_IVE;2.541304084;A;_Z
93011;2002;A;ES61;RAS_INTER_IVE;3.403180136;A;_Z
93011;2003;A;ES61;RAS_INTER_IVE;4.172986458;A;_Z
93011;2004;A;ES61;RAS_INTER_IVE;5.257772265;A;_Z
93011;2005;A;ES61;RAS_INTER_IVE;4.338007855;A;_Z
93011;2006;A;ES61;RAS_INTER_IVE;4.985624659;A;_Z
93011;2007;A;ES61;RAS_INTER_IVE;6.263679092;A;_Z
93011;2008;A;ES61;RAS_INTER_IVE;5.900726808;A;_Z
93011;2009;A;ES61;RAS_INTER_IVE;4.031812864;A;_Z
93011;2010;A;ES61;RAS_INTER_IVE;1.12364571;A;_Z
93011;2011;A;ES61;RAS_INTER_IVE;-0.162630448;A;_Z
93011;2012;A;ES61;RAS_INTER_IVE;-3.880781486;A;_Z
93011;2013;A;ES61;RAS_INTER_IVE;-1.918115291;A;_Z
93011;2014;A;ES61;RAS_INTER_IVE;-0.42437016;A;_Z
93011;2015;A;ES61;RAS_INTER_IVE;2.229991828;A;_Z
93011;2016;A;ES61;RAS_INTER_IVE;1.885423748;A;_Z
93011;2017;A;ES61;RAS_INTER_IVE;1.580114724;A;_Z
93011;2018;A;ES61;RAS_INTER_IVE;2.022105389;A;_Z
93011;2019;P;ES61;RAS_INTER_IVE;2.14471269;A;_Z
93011;2020;AV;ES61;RAS_INTER_IVE;4.537743917;A;_Z
93011;2021;1E;ES61;RAS_INTER_IVE;5.525684531;A;_Z
93020;1996;A;ES61;RAS_INTER_IVE;3.579946151;A;_Z
93020;1997;A;ES61;RAS_INTER_IVE;1.956705306;A;_Z
93020;1998;A;ES61;RAS_INTER_IVE;3.301228808;A;_Z
93020;1999;A;ES61;RAS_INTER_IVE;5.006001151;A;_Z
93020;2000;A;ES61;RAS_INTER_IVE;2.650765166;A;_Z
93020;2001;A;ES61;RAS_INTER_IVE;2.410048079;A;_Z
93020;2002;A;ES61;RAS_INTER_IVE;3.103262401;A;_Z
93020;2003;A;ES61;RAS_INTER_IVE;2.615864394;A;_Z
93020;2004;A;ES61;RAS_INTER_IVE;5.102633992;A;_Z
93020;2005;A;ES61;RAS_INTER_IVE;3.045309077;A;_Z
93020;2006;A;ES61;RAS_INTER_IVE;4.519161053;A;_Z
93020;2007;A;ES61;RAS_INTER_IVE;6.664669923;A;_Z
93020;2008;A;ES61;RAS_INTER_IVE;9.786671597;A;_Z
93020;2009;A;ES61;RAS_INTER_IVE;4.022410834;A;_Z
93020;2010;A;ES61;RAS_INTER_IVE;0.913513999;A;_Z
93020;2011;A;ES61;RAS_INTER_IVE;-1.716187492;A;_Z
93020;2012;A;ES61;RAS_INTER_IVE;-5.261235637;A;_Z
93020;2013;A;ES61;RAS_INTER_IVE;-1.554743394;A;_Z
93020;2014;A;ES61;RAS_INTER_IVE;-0.55055808;A;_Z
93020;2015;A;ES61;RAS_INTER_IVE;1.969630103;A;_Z
93020;2016;A;ES61;RAS_INTER_IVE;3.511328656;A;_Z
93020;2017;A;ES61;RAS_INTER_IVE;1.877649421;A;_Z
93020;2018;A;ES61;RAS_INTER_IVE;2.159566077;A;_Z
93020;2019;P;ES61;RAS_INTER_IVE;3.156760234;A;_Z
93020;2020;AV;ES61;RAS_INTER_IVE;;A;_Z
93020;2021;1E;ES61;RAS_INTER_IVE;;A;_Z
93012;1996;A;ES61;RAS_INTER_IVE;2.438515837;A;_Z
93012;1997;A;ES61;RAS_INTER_IVE;6.785082659;A;_Z
93012;1998;A;ES61;RAS_INTER_IVE;6.257492442;A;_Z
93012;1999;A;ES61;RAS_INTER_IVE;4.121876616;A;_Z
93012;2000;A;ES61;RAS_INTER_IVE;8.152040024;A;_Z
93012;2001;A;ES61;RAS_INTER_IVE;2.757428523;A;_Z
93012;2002;A;ES61;RAS_INTER_IVE;3.895134866;A;_Z
93012;2003;A;ES61;RAS_INTER_IVE;6.700900716;A;_Z
93012;2004;A;ES61;RAS_INTER_IVE;5.499804144;A;_Z
93012;2005;A;ES61;RAS_INTER_IVE;6.339597593;A;_Z
93012;2006;A;ES61;RAS_INTER_IVE;5.683039618;A;_Z
93012;2007;A;ES61;RAS_INTER_IVE;5.67200138;A;_Z
93012;2008;A;ES61;RAS_INTER_IVE;0.176162997;A;_Z
93012;2009;A;ES61;RAS_INTER_IVE;4.046908655;A;_Z
93012;2010;A;ES61;RAS_INTER_IVE;1.458718574;A;_Z
93012;2011;A;ES61;RAS_INTER_IVE;2.25057954;A;_Z
93012;2012;A;ES61;RAS_INTER_IVE;-1.828999882;A;_Z
93012;2013;A;ES61;RAS_INTER_IVE;-2.433694005;A;_Z
93012;2014;A;ES61;RAS_INTER_IVE;-0.244942019;A;_Z
93012;2015;A;ES61;RAS_INTER_IVE;2.598878481;A;_Z
93012;2016;A;ES61;RAS_INTER_IVE;-0.40928168;A;_Z
93012;2017;A;ES61;RAS_INTER_IVE;1.143660766;A;_Z
93012;2018;A;ES61;RAS_INTER_IVE;1.818589296;A;_Z
93012;2019;P;ES61;RAS_INTER_IVE;0.645927124;A;_Z
93012;2020;AV;ES61;RAS_INTER_IVE;;A;_Z
93012;2021;1E;ES61;RAS_INTER_IVE;;A;_Z
93016;1996;A;ES61;RAS_INTER_IVE;-0.548674591;A;_Z
93016;1997;A;ES61;RAS_INTER_IVE;2.903983435;A;_Z
93016;1998;A;ES61;RAS_INTER_IVE;9.060448598;A;_Z
93016;1999;A;ES61;RAS_INTER_IVE;9.690070783;A;_Z
93016;2000;A;ES61;RAS_INTER_IVE;7.093062753;A;_Z
93016;2001;A;ES61;RAS_INTER_IVE;5.817753503;A;_Z
93016;2002;A;ES61;RAS_INTER_IVE;3.45635673;A;_Z
93016;2003;A;ES61;RAS_INTER_IVE;4.423843665;A;_Z
93016;2004;A;ES61;RAS_INTER_IVE;3.652676685;A;_Z
93016;2005;A;ES61;RAS_INTER_IVE;6.050771485;A;_Z
93016;2006;A;ES61;RAS_INTER_IVE;3.638111308;A;_Z
93016;2007;A;ES61;RAS_INTER_IVE;1.578482198;A;_Z
93016;2008;A;ES61;RAS_INTER_IVE;-6.936378515;A;_Z
93016;2009;A;ES61;RAS_INTER_IVE;-17.480655515;A;_Z
93016;2010;A;ES61;RAS_INTER_IVE;-5.630668624;A;_Z
93016;2011;A;ES61;RAS_INTER_IVE;-9.2221018;A;_Z
93016;2012;A;ES61;RAS_INTER_IVE;-11.733020241;A;_Z
93016;2013;A;ES61;RAS_INTER_IVE;-4.551047196;A;_Z
93016;2014;A;ES61;RAS_INTER_IVE;2.71121984;A;_Z
93016;2015;A;ES61;RAS_INTER_IVE;9.581516913;A;_Z
93016;2016;A;ES61;RAS_INTER_IVE;-1.303261763;A;_Z
93016;2017;A;ES61;RAS_INTER_IVE;5.486255202;A;_Z
93016;2018;A;ES61;RAS_INTER_IVE;10.42326121;A;_Z
93016;2019;P;ES61;RAS_INTER_IVE;5.557152567;A;_Z
93016;2020;AV;ES61;RAS_INTER_IVE;-10.975253745;A;_Z
93016;2021;1E;ES61;RAS_INTER_IVE;1.848353564;A;_Z
93013;1996;A;ES61;RAS_INTER_IVE;1.710874908;A;_Z
93013;1997;A;ES61;RAS_INTER_IVE;4.191838576;A;_Z
93013;1998;A;ES61;RAS_INTER_IVE;6.556704127;A;_Z
93013;1999;A;ES61;RAS_INTER_IVE;7.21323614;A;_Z
93013;2000;A;ES61;RAS_INTER_IVE;5.347982148;A;_Z
93013;2001;A;ES61;RAS_INTER_IVE;4.270113735;A;_Z
93013;2002;A;ES61;RAS_INTER_IVE;3.686123061;A;_Z
93013;2003;A;ES61;RAS_INTER_IVE;4.243770517;A;_Z
93013;2004;A;ES61;RAS_INTER_IVE;4.325821545;A;_Z
93013;2005;A;ES61;RAS_INTER_IVE;4.678416467;A;_Z
93013;2006;A;ES61;RAS_INTER_IVE;4.140491649;A;_Z
93013;2007;A;ES61;RAS_INTER_IVE;3.690075737;A;_Z
93013;2008;A;ES61;RAS_INTER_IVE;-0.760619602;A;_Z
93013;2009;A;ES61;RAS_INTER_IVE;-5.289422631;A;_Z
93013;2010;A;ES61;RAS_INTER_IVE;-0.657124905;A;_Z
93013;2011;A;ES61;RAS_INTER_IVE;-3.304599479;A;_Z
93013;2012;A;ES61;RAS_INTER_IVE;-5.084140067;A;_Z
93013;2013;A;ES61;RAS_INTER_IVE;-3.108524715;A;_Z
93013;2014;A;ES61;RAS_INTER_IVE;1.430396158;A;_Z
93013;2015;A;ES61;RAS_INTER_IVE;3.010569518;A;_Z
93013;2016;A;ES61;RAS_INTER_IVE;1.939248981;A;_Z
93013;2017;A;ES61;RAS_INTER_IVE;3.270724254;A;_Z
93013;2018;A;ES61;RAS_INTER_IVE;2.871692939;A;_Z
93013;2019;P;ES61;RAS_INTER_IVE;0.814361184;A;_Z
93013;2020;AV;ES61;RAS_INTER_IVE;-8.283618436;A;_Z
93013;2021;1E;ES61;RAS_INTER_IVE;4.77767192;A;_Z
93015;1996;A;ES61;RAS_INTER_IVE;9.214840385;A;_Z
93015;1997;A;ES61;RAS_INTER_IVE;12.119109295;A;_Z
93015;1998;A;ES61;RAS_INTER_IVE;2.331395672;A;_Z
93015;1999;A;ES61;RAS_INTER_IVE;6.857046909;A;_Z
93015;2000;A;ES61;RAS_INTER_IVE;6.572125939;A;_Z
93015;2001;A;ES61;RAS_INTER_IVE;5.284272122;A;_Z
93015;2002;A;ES61;RAS_INTER_IVE;1.600175378;A;_Z
93015;2003;A;ES61;RAS_INTER_IVE;5.731130534;A;_Z
93015;2004;A;ES61;RAS_INTER_IVE;7.479286724;A;_Z
93015;2005;A;ES61;RAS_INTER_IVE;4.089514035;A;_Z
93015;2006;A;ES61;RAS_INTER_IVE;5.179192664;A;_Z
93015;2007;A;ES61;RAS_INTER_IVE;3.003785716;A;_Z
93015;2008;A;ES61;RAS_INTER_IVE;2.904988338;A;_Z
93015;2009;A;ES61;RAS_INTER_IVE;-7.376982946;A;_Z
93015;2010;A;ES61;RAS_INTER_IVE;7.476855186;A;_Z
93015;2011;A;ES61;RAS_INTER_IVE;9.329403525;A;_Z
93015;2012;A;ES61;RAS_INTER_IVE;1.504513363;A;_Z
93015;2013;A;ES61;RAS_INTER_IVE;0.77787546;A;_Z
93015;2014;A;ES61;RAS_INTER_IVE;4.444716588;A;_Z
93015;2015;A;ES61;RAS_INTER_IVE;0.374551684;A;_Z
93015;2016;A;ES61;RAS_INTER_IVE;7.579384238;A;_Z
93015;2017;A;ES61;RAS_INTER_IVE;6.087856617;A;_Z
93015;2018;A;ES61;RAS_INTER_IVE;1.932663893;A;_Z
93015;2019;P;ES61;RAS_INTER_IVE;3.164417339;A;_Z
93015;2020;AV;ES61;RAS_INTER_IVE;-23.353232144;A;_Z
93015;2021;1E;ES61;RAS_INTER_IVE;11.434025126;A;_Z
93019;1996;A;ES61;RAS_INTER_IVE;3.002812103;A;_Z
93019;1997;A;ES61;RAS_INTER_IVE;6.112025889;A;_Z
93019;1998;A;ES61;RAS_INTER_IVE;5.979711753;A;_Z
93019;1999;A;ES61;RAS_INTER_IVE;13.06225254;A;_Z
93019;2000;A;ES61;RAS_INTER_IVE;5.929098619;A;_Z
93019;2001;A;ES61;RAS_INTER_IVE;5.436772734;A;_Z
93019;2002;A;ES61;RAS_INTER_IVE;3.338546231;A;_Z
93019;2003;A;ES61;RAS_INTER_IVE;5.616994967;A;_Z
93019;2004;A;ES61;RAS_INTER_IVE;8.304533912;A;_Z
93019;2005;A;ES61;RAS_INTER_IVE;6.611745887;A;_Z
93019;2006;A;ES61;RAS_INTER_IVE;4.755956621;A;_Z
93019;2007;A;ES61;RAS_INTER_IVE;3.422499213;A;_Z
93019;2008;A;ES61;RAS_INTER_IVE;-1.033776259;A;_Z
93019;2009;A;ES61;RAS_INTER_IVE;-10.282953237;A;_Z
93019;2010;A;ES61;RAS_INTER_IVE;6.258288597;A;_Z
93019;2011;A;ES61;RAS_INTER_IVE;1.486749376;A;_Z
93019;2012;A;ES61;RAS_INTER_IVE;-3.966133074;A;_Z
93019;2013;A;ES61;RAS_INTER_IVE;-2.992145744;A;_Z
93019;2014;A;ES61;RAS_INTER_IVE;3.988100252;A;_Z
93019;2015;A;ES61;RAS_INTER_IVE;-0.35437264;A;_Z
93019;2016;A;ES61;RAS_INTER_IVE;5.3253386;A;_Z
93019;2017;A;ES61;RAS_INTER_IVE;6.324283637;A;_Z
93019;2018;A;ES61;RAS_INTER_IVE;3.182190084;A;_Z
93019;2019;P;ES61;RAS_INTER_IVE;0.159171587;A;_Z
93019;2020;AV;ES61;RAS_INTER_IVE;-17.717387965;A;_Z
93019;2021;1E;ES61;RAS_INTER_IVE;9.660679327;A;_Z
93023;1996;A;ES61;RAS_INTER_IVE;3.394504577;A;_Z
93023;1997;A;ES61;RAS_INTER_IVE;5.867779412;A;_Z
93023;1998;A;ES61;RAS_INTER_IVE;5.391619601;A;_Z
93023;1999;A;ES61;RAS_INTER_IVE;4.680009503;A;_Z
93023;2000;A;ES61;RAS_INTER_IVE;5.489980183;A;_Z
93023;2001;A;ES61;RAS_INTER_IVE;4.086002917;A;_Z
93023;2002;A;ES61;RAS_INTER_IVE;3.168420955;A;_Z
93023;2003;A;ES61;RAS_INTER_IVE;4.110460998;A;_Z
93023;2004;A;ES61;RAS_INTER_IVE;3.574037828;A;_Z
93023;2005;A;ES61;RAS_INTER_IVE;3.614120189;A;_Z
93023;2006;A;ES61;RAS_INTER_IVE;4.189703663;A;_Z
93023;2007;A;ES61;RAS_INTER_IVE;3.5904354;A;_Z
93023;2008;A;ES61;RAS_INTER_IVE;0.543200156;A;_Z
93023;2009;A;ES61;RAS_INTER_IVE;-3.642460536;A;_Z
93023;2010;A;ES61;RAS_INTER_IVE;-1.126124868;A;_Z
93023;2011;A;ES61;RAS_INTER_IVE;-1.231191468;A;_Z
93023;2012;A;ES61;RAS_INTER_IVE;-3.119250733;A;_Z
93023;2013;A;ES61;RAS_INTER_IVE;-1.579422254;A;_Z
93023;2014;A;ES61;RAS_INTER_IVE;1.443240317;A;_Z
93023;2015;A;ES61;RAS_INTER_IVE;3.558343442;A;_Z
93023;2016;A;ES61;RAS_INTER_IVE;2.653342385;A;_Z
93023;2017;A;ES61;RAS_INTER_IVE;3.020727808;A;_Z
93023;2018;A;ES61;RAS_INTER_IVE;2.318913314;A;_Z
93023;2019;P;ES61;RAS_INTER_IVE;2.153318795;A;_Z
93023;2020;AV;ES61;RAS_INTER_IVE;-10.2515326;A;_Z
93023;2021;1E;ES61;RAS_INTER_IVE;5.081717596;A;_Z
93077;1996;A;ES61;RAS_INTER_IVE;3.550787712;A;_Z
93077;1997;A;ES61;RAS_INTER_IVE;5.808600062;A;_Z
93077;1998;A;ES61;RAS_INTER_IVE;5.060671541;A;_Z
93077;1999;A;ES61;RAS_INTER_IVE;4.655183422;A;_Z
93077;2000;A;ES61;RAS_INTER_IVE;5.267866704;A;_Z
93077;2001;A;ES61;RAS_INTER_IVE;4.08133744;A;_Z
93077;2002;A;ES61;RAS_INTER_IVE;3.006394415;A;_Z
93077;2003;A;ES61;RAS_INTER_IVE;3.916735273;A;_Z
93077;2004;A;ES61;RAS_INTER_IVE;3.393660303;A;_Z
93077;2005;A;ES61;RAS_INTER_IVE;3.397647498;A;_Z
93077;2006;A;ES61;RAS_INTER_IVE;4.068818177;A;_Z
93077;2007;A;ES61;RAS_INTER_IVE;3.738488107;A;_Z
93077;2008;A;ES61;RAS_INTER_IVE;0.920064621;A;_Z
93077;2009;A;ES61;RAS_INTER_IVE;-3.200187013;A;_Z
93077;2010;A;ES61;RAS_INTER_IVE;-1.433851609;A;_Z
93077;2011;A;ES61;RAS_INTER_IVE;-0.837844924;A;_Z
93077;2012;A;ES61;RAS_INTER_IVE;-3.020326021;A;_Z
93077;2013;A;ES61;RAS_INTER_IVE;-1.375366343;A;_Z
93077;2014;A;ES61;RAS_INTER_IVE;1.071214652;A;_Z
93077;2015;A;ES61;RAS_INTER_IVE;3.043500778;A;_Z
93077;2016;A;ES61;RAS_INTER_IVE;2.348399403;A;_Z
93077;2017;A;ES61;RAS_INTER_IVE;3.118475086;A;_Z
93077;2018;A;ES61;RAS_INTER_IVE;2.312169327;A;_Z
93077;2019;P;ES61;RAS_INTER_IVE;2.258968506;A;_Z
93077;2020;AV;ES61;RAS_INTER_IVE;-10.111737813;A;_Z
93077;2021;1E;ES61;RAS_INTER_IVE;4.919007199;A;_Z
93065;1996;A;ES61;RAS_INTER_IVE;21.183802079;A;_Z
93065;1997;A;ES61;RAS_INTER_IVE;14.324102845;A;_Z
93065;1998;A;ES61;RAS_INTER_IVE;0.551074203;A;_Z
93065;1999;A;ES61;RAS_INTER_IVE;-2.818805889;A;_Z
93065;2000;A;ES61;RAS_INTER_IVE;6.955634594;A;_Z
93065;2001;A;ES61;RAS_INTER_IVE;4.232440788;A;_Z
93065;2002;A;ES61;RAS_INTER_IVE;-5.067962101;A;_Z
93065;2003;A;ES61;RAS_INTER_IVE;4.333891044;A;_Z
93065;2004;A;ES61;RAS_INTER_IVE;-2.490034334;A;_Z
93065;2005;A;ES61;RAS_INTER_IVE;-7.053817156;A;_Z
93065;2006;A;ES61;RAS_INTER_IVE;5.55429744;A;_Z
93065;2007;A;ES61;RAS_INTER_IVE;3.533338914;A;_Z
93065;2008;A;ES61;RAS_INTER_IVE;0.100284821;A;_Z
93065;2009;A;ES61;RAS_INTER_IVE;4.44225163;A;_Z
93065;2010;A;ES61;RAS_INTER_IVE;-0.614028895;A;_Z
93065;2011;A;ES61;RAS_INTER_IVE;4.037509644;A;_Z
93065;2012;A;ES61;RAS_INTER_IVE;-15.317012256;A;_Z
93065;2013;A;ES61;RAS_INTER_IVE;25.588036969;A;_Z
93065;2014;A;ES61;RAS_INTER_IVE;-3.772738665;A;_Z
93065;2015;A;ES61;RAS_INTER_IVE;8.410336158;A;_Z
93065;2016;A;ES61;RAS_INTER_IVE;4.743940333;A;_Z
93065;2017;A;ES61;RAS_INTER_IVE;2.089971816;A;_Z
93065;2018;A;ES61;RAS_INTER_IVE;4.977455937;A;_Z
93065;2019;P;ES61;RAS_INTER_IVE;-6.500376097;A;_Z
93065;2020;AV;ES61;RAS_INTER_IVE;5.673700768;A;_Z
93065;2021;1E;ES61;RAS_INTER_IVE;-0.77010351;A;_Z
93066;1996;A;ES61;RAS_INTER_IVE;-0.964735541;A;_Z
93066;1997;A;ES61;RAS_INTER_IVE;7.763556646;A;_Z
93066;1998;A;ES61;RAS_INTER_IVE;6.342965953;A;_Z
93066;1999;A;ES61;RAS_INTER_IVE;4.455100887;A;_Z
93066;2000;A;ES61;RAS_INTER_IVE;4.946626142;A;_Z
93066;2001;A;ES61;RAS_INTER_IVE;1.726525067;A;_Z
93066;2002;A;ES61;RAS_INTER_IVE;3.709016126;A;_Z
93066;2003;A;ES61;RAS_INTER_IVE;2.190507973;A;_Z
93066;2004;A;ES61;RAS_INTER_IVE;1.496815388;A;_Z
93066;2005;A;ES61;RAS_INTER_IVE;4.038275575;A;_Z
93066;2006;A;ES61;RAS_INTER_IVE;-0.299460584;A;_Z
93066;2007;A;ES61;RAS_INTER_IVE;-0.015977463;A;_Z
93066;2008;A;ES61;RAS_INTER_IVE;0.536087193;A;_Z
93066;2009;A;ES61;RAS_INTER_IVE;-10.962084169;A;_Z
93066;2010;A;ES61;RAS_INTER_IVE;7.77359684;A;_Z
93066;2011;A;ES61;RAS_INTER_IVE;-1.916295125;A;_Z
93066;2012;A;ES61;RAS_INTER_IVE;-5.045425918;A;_Z
93066;2013;A;ES61;RAS_INTER_IVE;-8.581285061;A;_Z
93066;2014;A;ES61;RAS_INTER_IVE;2.196027446;A;_Z
93066;2015;A;ES61;RAS_INTER_IVE;3.32736053;A;_Z
93066;2016;A;ES61;RAS_INTER_IVE;4.407990671;A;_Z
93066;2017;A;ES61;RAS_INTER_IVE;3.062465293;A;_Z
93066;2018;A;ES61;RAS_INTER_IVE;-1.383520398;A;_Z
93066;2019;P;ES61;RAS_INTER_IVE;1.635932733;A;_Z
93066;2020;AV;ES61;RAS_INTER_IVE;-12.643156756;A;_Z
93066;2021;1E;ES61;RAS_INTER_IVE;3.293579537;A;_Z
93067;1996;A;ES61;RAS_INTER_IVE;-2.346853698;A;_Z
93067;1997;A;ES61;RAS_INTER_IVE;7.325448637;A;_Z
93067;1998;A;ES61;RAS_INTER_IVE;6.823356977;A;_Z
93067;1999;A;ES61;RAS_INTER_IVE;3.124648769;A;_Z
93067;2000;A;ES61;RAS_INTER_IVE;4.044774521;A;_Z
93067;2001;A;ES61;RAS_INTER_IVE;1.339965063;A;_Z
93067;2002;A;ES61;RAS_INTER_IVE;2.145297305;A;_Z
93067;2003;A;ES61;RAS_INTER_IVE;1.680083666;A;_Z
93067;2004;A;ES61;RAS_INTER_IVE;1.32320594;A;_Z
93067;2005;A;ES61;RAS_INTER_IVE;1.659006334;A;_Z
93067;2006;A;ES61;RAS_INTER_IVE;1.743071058;A;_Z
93067;2007;A;ES61;RAS_INTER_IVE;-1.149319108;A;_Z
93067;2008;A;ES61;RAS_INTER_IVE;-0.858606961;A;_Z
93067;2009;A;ES61;RAS_INTER_IVE;-14.712551079;A;_Z
93067;2010;A;ES61;RAS_INTER_IVE;7.200700457;A;_Z
93067;2011;A;ES61;RAS_INTER_IVE;-4.795570647;A;_Z
93067;2012;A;ES61;RAS_INTER_IVE;-5.580429439;A;_Z
93067;2013;A;ES61;RAS_INTER_IVE;-11.539761194;A;_Z
93067;2014;A;ES61;RAS_INTER_IVE;3.6737714;A;_Z
93067;2015;A;ES61;RAS_INTER_IVE;6.858473815;A;_Z
93067;2016;A;ES61;RAS_INTER_IVE;4.165212852;A;_Z
93067;2017;A;ES61;RAS_INTER_IVE;5.132046839;A;_Z
93067;2018;A;ES61;RAS_INTER_IVE;-1.267375465;A;_Z
93067;2019;P;ES61;RAS_INTER_IVE;0.864119236;A;_Z
93067;2020;AV;ES61;RAS_INTER_IVE;-12.305735732;A;_Z
93067;2021;1E;ES61;RAS_INTER_IVE;5.258428453;A;_Z
93068;1996;A;ES61;RAS_INTER_IVE;-1.337395753;A;_Z
93068;1997;A;ES61;RAS_INTER_IVE;4.163534471;A;_Z
93068;1998;A;ES61;RAS_INTER_IVE;10.566315537;A;_Z
93068;1999;A;ES61;RAS_INTER_IVE;13.331493417;A;_Z
93068;2000;A;ES61;RAS_INTER_IVE;9.552487862;A;_Z
93068;2001;A;ES61;RAS_INTER_IVE;7.61575744;A;_Z
93068;2002;A;ES61;RAS_INTER_IVE;5.471733355;A;_Z
93068;2003;A;ES61;RAS_INTER_IVE;6.224697574;A;_Z
93068;2004;A;ES61;RAS_INTER_IVE;5.691702957;A;_Z
93068;2005;A;ES61;RAS_INTER_IVE;4.755167835;A;_Z
93068;2006;A;ES61;RAS_INTER_IVE;4.52232264;A;_Z
93068;2007;A;ES61;RAS_INTER_IVE;1.822399965;A;_Z
93068;2008;A;ES61;RAS_INTER_IVE;-2.55155054;A;_Z
93068;2009;A;ES61;RAS_INTER_IVE;-16.124434954;A;_Z
93068;2010;A;ES61;RAS_INTER_IVE;-18.296866265;A;_Z
93068;2011;A;ES61;RAS_INTER_IVE;-14.489679738;A;_Z
93068;2012;A;ES61;RAS_INTER_IVE;-10.89155926;A;_Z
93068;2013;A;ES61;RAS_INTER_IVE;-9.368445305;A;_Z
93068;2014;A;ES61;RAS_INTER_IVE;-0.942933735;A;_Z
93068;2015;A;ES61;RAS_INTER_IVE;5.407393102;A;_Z
93068;2016;A;ES61;RAS_INTER_IVE;1.74755598;A;_Z
93068;2017;A;ES61;RAS_INTER_IVE;2.218815383;A;_Z
93068;2018;A;ES61;RAS_INTER_IVE;4.531870082;A;_Z
93068;2019;P;ES61;RAS_INTER_IVE;7.401164763;A;_Z
93068;2020;AV;ES61;RAS_INTER_IVE;-11.056682603;A;_Z
93068;2021;1E;ES61;RAS_INTER_IVE;-1.600403152;A;_Z
93070;1996;A;ES61;RAS_INTER_IVE;2.908843206;A;_Z
93070;1997;A;ES61;RAS_INTER_IVE;4.393307238;A;_Z
93070;1998;A;ES61;RAS_INTER_IVE;4.726893347;A;_Z
93070;1999;A;ES61;RAS_INTER_IVE;4.48865603;A;_Z
93070;2000;A;ES61;RAS_INTER_IVE;4.483265424;A;_Z
93070;2001;A;ES61;RAS_INTER_IVE;3.96488891;A;_Z
93070;2002;A;ES61;RAS_INTER_IVE;3.409746047;A;_Z
93070;2003;A;ES61;RAS_INTER_IVE;3.789461399;A;_Z
93070;2004;A;ES61;RAS_INTER_IVE;3.939558541;A;_Z
93070;2005;A;ES61;RAS_INTER_IVE;4.046000782;A;_Z
93070;2006;A;ES61;RAS_INTER_IVE;4.636149045;A;_Z
93070;2007;A;ES61;RAS_INTER_IVE;4.825308909;A;_Z
93070;2008;A;ES61;RAS_INTER_IVE;1.778926166;A;_Z
93070;2009;A;ES61;RAS_INTER_IVE;0.080413301;A;_Z
93070;2010;A;ES61;RAS_INTER_IVE;0.016937353;A;_Z
93070;2011;A;ES61;RAS_INTER_IVE;0.782190619;A;_Z
93070;2012;A;ES61;RAS_INTER_IVE;-1.052324221;A;_Z
93070;2013;A;ES61;RAS_INTER_IVE;-1.091063501;A;_Z
93070;2014;A;ES61;RAS_INTER_IVE;1.420573945;A;_Z
93070;2015;A;ES61;RAS_INTER_IVE;2.437490575;A;_Z
93070;2016;A;ES61;RAS_INTER_IVE;1.862340094;A;_Z
93070;2017;A;ES61;RAS_INTER_IVE;3.292429156;A;_Z
93070;2018;A;ES61;RAS_INTER_IVE;2.457237052;A;_Z
93070;2019;P;ES61;RAS_INTER_IVE;2.736838136;A;_Z
93070;2020;AV;ES61;RAS_INTER_IVE;-10.880203512;A;_Z
93070;2021;1E;ES61;RAS_INTER_IVE;6.292111969;A;_Z
93069;1996;A;ES61;RAS_INTER_IVE;1.196529558;A;_Z
93069;1997;A;ES61;RAS_INTER_IVE;4.674705749;A;_Z
93069;1998;A;ES61;RAS_INTER_IVE;4.877049696;A;_Z
93069;1999;A;ES61;RAS_INTER_IVE;5.492182446;A;_Z
93069;2000;A;ES61;RAS_INTER_IVE;4.079096244;A;_Z
93069;2001;A;ES61;RAS_INTER_IVE;2.726759835;A;_Z
93069;2002;A;ES61;RAS_INTER_IVE;3.133257173;A;_Z
93069;2003;A;ES61;RAS_INTER_IVE;3.25933385;A;_Z
93069;2004;A;ES61;RAS_INTER_IVE;3.484409658;A;_Z
93069;2005;A;ES61;RAS_INTER_IVE;2.815968044;A;_Z
93069;2006;A;ES61;RAS_INTER_IVE;2.434094279;A;_Z
93069;2007;A;ES61;RAS_INTER_IVE;2.852009734;A;_Z
93069;2008;A;ES61;RAS_INTER_IVE;-1.523209458;A;_Z
93069;2009;A;ES61;RAS_INTER_IVE;-2.373279058;A;_Z
93069;2010;A;ES61;RAS_INTER_IVE;-1.269065108;A;_Z
93069;2011;A;ES61;RAS_INTER_IVE;0.360901377;A;_Z
93069;2012;A;ES61;RAS_INTER_IVE;-1.390661315;A;_Z
93069;2013;A;ES61;RAS_INTER_IVE;-1.827323155;A;_Z
93069;2014;A;ES61;RAS_INTER_IVE;2.607750096;A;_Z
93069;2015;A;ES61;RAS_INTER_IVE;5.001332545;A;_Z
93069;2016;A;ES61;RAS_INTER_IVE;2.953882577;A;_Z
93069;2017;A;ES61;RAS_INTER_IVE;4.484332786;A;_Z
93069;2018;A;ES61;RAS_INTER_IVE;2.571936626;A;_Z
93069;2019;P;ES61;RAS_INTER_IVE;3.244823205;A;_Z
93069;2020;AV;ES61;RAS_INTER_IVE;-24.44438174;A;_Z
93069;2021;1E;ES61;RAS_INTER_IVE;14.296246671;A;_Z
93071;1996;A;ES61;RAS_INTER_IVE;0.715268644;A;_Z
93071;1997;A;ES61;RAS_INTER_IVE;6.992179786;A;_Z
93071;1998;A;ES61;RAS_INTER_IVE;3.227928355;A;_Z
93071;1999;A;ES61;RAS_INTER_IVE;3.688199661;A;_Z
93071;2000;A;ES61;RAS_INTER_IVE;0.803946344;A;_Z
93071;2001;A;ES61;RAS_INTER_IVE;8.406622997;A;_Z
93071;2002;A;ES61;RAS_INTER_IVE;4.481360411;A;_Z
93071;2003;A;ES61;RAS_INTER_IVE;-0.186604937;A;_Z
93071;2004;A;ES61;RAS_INTER_IVE;6.882185266;A;_Z
93071;2005;A;ES61;RAS_INTER_IVE;5.887609727;A;_Z
93071;2006;A;ES61;RAS_INTER_IVE;6.723642104;A;_Z
93071;2007;A;ES61;RAS_INTER_IVE;8.049093128;A;_Z
93071;2008;A;ES61;RAS_INTER_IVE;5.368350363;A;_Z
93071;2009;A;ES61;RAS_INTER_IVE;2.343749584;A;_Z
93071;2010;A;ES61;RAS_INTER_IVE;5.064788147;A;_Z
93071;2011;A;ES61;RAS_INTER_IVE;-1.470218669;A;_Z
93071;2012;A;ES61;RAS_INTER_IVE;2.338980159;A;_Z
93071;2013;A;ES61;RAS_INTER_IVE;-1.10826729;A;_Z
93071;2014;A;ES61;RAS_INTER_IVE;3.617160043;A;_Z
93071;2015;A;ES61;RAS_INTER_IVE;4.32281072;A;_Z
93071;2016;A;ES61;RAS_INTER_IVE;5.045451634;A;_Z
93071;2017;A;ES61;RAS_INTER_IVE;3.962408884;A;_Z
93071;2018;A;ES61;RAS_INTER_IVE;4.140105313;A;_Z
93071;2019;P;ES61;RAS_INTER_IVE;5.982877445;A;_Z
93071;2020;AV;ES61;RAS_INTER_IVE;-1.739075064;A;_Z
93071;2021;1E;ES61;RAS_INTER_IVE;5.276343874;A;_Z
93072;1996;A;ES61;RAS_INTER_IVE;-0.348697962;A;_Z
93072;1997;A;ES61;RAS_INTER_IVE;-3.271539999;A;_Z
93072;1998;A;ES61;RAS_INTER_IVE;-0.806163268;A;_Z
93072;1999;A;ES61;RAS_INTER_IVE;-5.109157125;A;_Z
93072;2000;A;ES61;RAS_INTER_IVE;4.037564706;A;_Z
93072;2001;A;ES61;RAS_INTER_IVE;11.254296205;A;_Z
93072;2002;A;ES61;RAS_INTER_IVE;5.025781964;A;_Z
93072;2003;A;ES61;RAS_INTER_IVE;4.556011698;A;_Z
93072;2004;A;ES61;RAS_INTER_IVE;13.492772878;A;_Z
93072;2005;A;ES61;RAS_INTER_IVE;14.03693079;A;_Z
93072;2006;A;ES61;RAS_INTER_IVE;13.124169511;A;_Z
93072;2007;A;ES61;RAS_INTER_IVE;7.388591097;A;_Z
93072;2008;A;ES61;RAS_INTER_IVE;3.952303359;A;_Z
93072;2009;A;ES61;RAS_INTER_IVE;-3.559533029;A;_Z
93072;2010;A;ES61;RAS_INTER_IVE;-1.602679107;A;_Z
93072;2011;A;ES61;RAS_INTER_IVE;0.044034179;A;_Z
93072;2012;A;ES61;RAS_INTER_IVE;0.455900953;A;_Z
93072;2013;A;ES61;RAS_INTER_IVE;-8.925569104;A;_Z
93072;2014;A;ES61;RAS_INTER_IVE;-2.467798734;A;_Z
93072;2015;A;ES61;RAS_INTER_IVE;-8.062899117;A;_Z
93072;2016;A;ES61;RAS_INTER_IVE;-0.906355647;A;_Z
93072;2017;A;ES61;RAS_INTER_IVE;1.274952441;A;_Z
93072;2018;A;ES61;RAS_INTER_IVE;6.234835143;A;_Z
93072;2019;P;ES61;RAS_INTER_IVE;-3.454441755;A;_Z
93072;2020;AV;ES61;RAS_INTER_IVE;5.520000454;A;_Z
93072;2021;1E;ES61;RAS_INTER_IVE;6.809949279;A;_Z
93073;1996;A;ES61;RAS_INTER_IVE;8.461637237;A;_Z
93073;1997;A;ES61;RAS_INTER_IVE;9.267087483;A;_Z
93073;1998;A;ES61;RAS_INTER_IVE;8.167611853;A;_Z
93073;1999;A;ES61;RAS_INTER_IVE;6.446313367;A;_Z
93073;2000;A;ES61;RAS_INTER_IVE;10.247874382;A;_Z
93073;2001;A;ES61;RAS_INTER_IVE;5.165027083;A;_Z
93073;2002;A;ES61;RAS_INTER_IVE;8.530248715;A;_Z
93073;2003;A;ES61;RAS_INTER_IVE;8.047984829;A;_Z
93073;2004;A;ES61;RAS_INTER_IVE;5.426712412;A;_Z
93073;2005;A;ES61;RAS_INTER_IVE;6.769594982;A;_Z
93073;2006;A;ES61;RAS_INTER_IVE;7.765525893;A;_Z
93073;2007;A;ES61;RAS_INTER_IVE;8.068778866;A;_Z
93073;2008;A;ES61;RAS_INTER_IVE;4.13689373;A;_Z
93073;2009;A;ES61;RAS_INTER_IVE;1.922635227;A;_Z
93073;2010;A;ES61;RAS_INTER_IVE;-1.207596087;A;_Z
93073;2011;A;ES61;RAS_INTER_IVE;0.59202206;A;_Z
93073;2012;A;ES61;RAS_INTER_IVE;2.97053453;A;_Z
93073;2013;A;ES61;RAS_INTER_IVE;0.612439843;A;_Z
93073;2014;A;ES61;RAS_INTER_IVE;1.36587001;A;_Z
93073;2015;A;ES61;RAS_INTER_IVE;0.611712375;A;_Z
93073;2016;A;ES61;RAS_INTER_IVE;1.226515964;A;_Z
93073;2017;A;ES61;RAS_INTER_IVE;1.539283135;A;_Z
93073;2018;A;ES61;RAS_INTER_IVE;1.64841629;A;_Z
93073;2019;P;ES61;RAS_INTER_IVE;2.49846261;A;_Z
93073;2020;AV;ES61;RAS_INTER_IVE;-0.325149278;A;_Z
93073;2021;1E;ES61;RAS_INTER_IVE;2.248074496;A;_Z
93074;1996;A;ES61;RAS_INTER_IVE;5.864953483;A;_Z
93074;1997;A;ES61;RAS_INTER_IVE;7.912335074;A;_Z
93074;1998;A;ES61;RAS_INTER_IVE;7.557293253;A;_Z
93074;1999;A;ES61;RAS_INTER_IVE;7.325812988;A;_Z
93074;2000;A;ES61;RAS_INTER_IVE;3.131866754;A;_Z
93074;2001;A;ES61;RAS_INTER_IVE;3.435466514;A;_Z
93074;2002;A;ES61;RAS_INTER_IVE;2.326563532;A;_Z
93074;2003;A;ES61;RAS_INTER_IVE;4.352516233;A;_Z
93074;2004;A;ES61;RAS_INTER_IVE;3.779316438;A;_Z
93074;2005;A;ES61;RAS_INTER_IVE;7.872063789;A;_Z
93074;2006;A;ES61;RAS_INTER_IVE;4.571272604;A;_Z
93074;2007;A;ES61;RAS_INTER_IVE;5.504998154;A;_Z
93074;2008;A;ES61;RAS_INTER_IVE;-2.358932811;A;_Z
93074;2009;A;ES61;RAS_INTER_IVE;-0.078887795;A;_Z
93074;2010;A;ES61;RAS_INTER_IVE;1.247443738;A;_Z
93074;2011;A;ES61;RAS_INTER_IVE;0.494742241;A;_Z
93074;2012;A;ES61;RAS_INTER_IVE;-5.511262747;A;_Z
93074;2013;A;ES61;RAS_INTER_IVE;-0.400956951;A;_Z
93074;2014;A;ES61;RAS_INTER_IVE;6.613056266;A;_Z
93074;2015;A;ES61;RAS_INTER_IVE;4.422837861;A;_Z
93074;2016;A;ES61;RAS_INTER_IVE;0.982577195;A;_Z
93074;2017;A;ES61;RAS_INTER_IVE;7.496067927;A;_Z
93074;2018;A;ES61;RAS_INTER_IVE;4.111757239;A;_Z
93074;2019;P;ES61;RAS_INTER_IVE;7.30025131;A;_Z
93074;2020;AV;ES61;RAS_INTER_IVE;-19.834382358;A;_Z
93074;2021;1E;ES61;RAS_INTER_IVE;2.330072606;A;_Z
93075;1996;A;ES61;RAS_INTER_IVE;4.121513261;A;_Z
93075;1997;A;ES61;RAS_INTER_IVE;2.303359734;A;_Z
93075;1998;A;ES61;RAS_INTER_IVE;4.129664724;A;_Z
93075;1999;A;ES61;RAS_INTER_IVE;2.961553305;A;_Z
93075;2000;A;ES61;RAS_INTER_IVE;4.651847479;A;_Z
93075;2001;A;ES61;RAS_INTER_IVE;3.113883942;A;_Z
93075;2002;A;ES61;RAS_INTER_IVE;2.112652069;A;_Z
93075;2003;A;ES61;RAS_INTER_IVE;3.414347727;A;_Z
93075;2004;A;ES61;RAS_INTER_IVE;2.483173869;A;_Z
93075;2005;A;ES61;RAS_INTER_IVE;1.469505521;A;_Z
93075;2006;A;ES61;RAS_INTER_IVE;4.265739827;A;_Z
93075;2007;A;ES61;RAS_INTER_IVE;4.458469382;A;_Z
93075;2008;A;ES61;RAS_INTER_IVE;4.454378158;A;_Z
93075;2009;A;ES61;RAS_INTER_IVE;2.622463602;A;_Z
93075;2010;A;ES61;RAS_INTER_IVE;2.177205087;A;_Z
93075;2011;A;ES61;RAS_INTER_IVE;1.787298561;A;_Z
93075;2012;A;ES61;RAS_INTER_IVE;-1.918658669;A;_Z
93075;2013;A;ES61;RAS_INTER_IVE;-0.517955974;A;_Z
93075;2014;A;ES61;RAS_INTER_IVE;-0.774610508;A;_Z
93075;2015;A;ES61;RAS_INTER_IVE;1.579770655;A;_Z
93075;2016;A;ES61;RAS_INTER_IVE;1.59177171;A;_Z
93075;2017;A;ES61;RAS_INTER_IVE;2.071075725;A;_Z
93075;2018;A;ES61;RAS_INTER_IVE;1.743009413;A;_Z
93075;2019;P;ES61;RAS_INTER_IVE;1.509556798;A;_Z
93075;2020;AV;ES61;RAS_INTER_IVE;0.24921925;A;_Z
93075;2021;1E;ES61;RAS_INTER_IVE;4.683559003;A;_Z
93076;1996;A;ES61;RAS_INTER_IVE;-0.003264057;A;_Z
93076;1997;A;ES61;RAS_INTER_IVE;7.005325241;A;_Z
93076;1998;A;ES61;RAS_INTER_IVE;3.743676613;A;_Z
93076;1999;A;ES61;RAS_INTER_IVE;7.551144391;A;_Z
93076;2000;A;ES61;RAS_INTER_IVE;0.822918721;A;_Z
93076;2001;A;ES61;RAS_INTER_IVE;5.005272045;A;_Z
93076;2002;A;ES61;RAS_INTER_IVE;1.142070612;A;_Z
93076;2003;A;ES61;RAS_INTER_IVE;1.056292195;A;_Z
93076;2004;A;ES61;RAS_INTER_IVE;0.856759968;A;_Z
93076;2005;A;ES61;RAS_INTER_IVE;1.651013386;A;_Z
93076;2006;A;ES61;RAS_INTER_IVE;2.409024624;A;_Z
93076;2007;A;ES61;RAS_INTER_IVE;3.853624505;A;_Z
93076;2008;A;ES61;RAS_INTER_IVE;2.740825628;A;_Z
93076;2009;A;ES61;RAS_INTER_IVE;-1.426828653;A;_Z
93076;2010;A;ES61;RAS_INTER_IVE;-3.541753231;A;_Z
93076;2011;A;ES61;RAS_INTER_IVE;0.639385092;A;_Z
93076;2012;A;ES61;RAS_INTER_IVE;-3.142422565;A;_Z
93076;2013;A;ES61;RAS_INTER_IVE;-0.257876229;A;_Z
93076;2014;A;ES61;RAS_INTER_IVE;0.639126293;A;_Z
93076;2015;A;ES61;RAS_INTER_IVE;3.346894977;A;_Z
93076;2016;A;ES61;RAS_INTER_IVE;1.469173879;A;_Z
93076;2017;A;ES61;RAS_INTER_IVE;3.244201372;A;_Z
93076;2018;A;ES61;RAS_INTER_IVE;1.724416006;A;_Z
93076;2019;P;ES61;RAS_INTER_IVE;2.846075226;A;_Z
93076;2020;AV;ES61;RAS_INTER_IVE;-23.516093289;A;_Z
93076;2021;1E;ES61;RAS_INTER_IVE;-2.892237444;A;_Z
93021;1996;A;ES61;RAS_INTER_IVE;1.692076267;A;_Z
93021;1997;A;ES61;RAS_INTER_IVE;6.510621623;A;_Z
93021;1998;A;ES61;RAS_INTER_IVE;8.882272691;A;_Z
93021;1999;A;ES61;RAS_INTER_IVE;4.926638696;A;_Z
93021;2000;A;ES61;RAS_INTER_IVE;7.567170526;A;_Z
93021;2001;A;ES61;RAS_INTER_IVE;4.128786372;A;_Z
93021;2002;A;ES61;RAS_INTER_IVE;4.699048476;A;_Z
93021;2003;A;ES61;RAS_INTER_IVE;5.923672888;A;_Z
93021;2004;A;ES61;RAS_INTER_IVE;5.201453724;A;_Z
93021;2005;A;ES61;RAS_INTER_IVE;5.483822821;A;_Z
93021;2006;A;ES61;RAS_INTER_IVE;5.205512255;A;_Z
93021;2007;A;ES61;RAS_INTER_IVE;2.433957387;A;_Z
93021;2008;A;ES61;RAS_INTER_IVE;-2.546170491;A;_Z
93021;2009;A;ES61;RAS_INTER_IVE;-8.194931097;A;_Z
93021;2010;A;ES61;RAS_INTER_IVE;2.722632804;A;_Z
93021;2011;A;ES61;RAS_INTER_IVE;-5.087932204;A;_Z
93021;2012;A;ES61;RAS_INTER_IVE;-4.124469653;A;_Z
93021;2013;A;ES61;RAS_INTER_IVE;-3.614661837;A;_Z
93021;2014;A;ES61;RAS_INTER_IVE;4.882525058;A;_Z
93021;2015;A;ES61;RAS_INTER_IVE;8.157440667;A;_Z
93021;2016;A;ES61;RAS_INTER_IVE;5.33199014;A;_Z
93021;2017;A;ES61;RAS_INTER_IVE;2.174571901;A;_Z
93021;2018;A;ES61;RAS_INTER_IVE;2.377070249;A;_Z
93021;2019;P;ES61;RAS_INTER_IVE;1.261515797;A;_Z
93021;2020;AV;ES61;RAS_INTER_IVE;-11.449203862;A;_Z
93021;2021;1E;ES61;RAS_INTER_IVE;6.596651686;A;_Z
93024;1996;A;ES61;RAS_INTER_IVE;3.394504577;A;_Z
93024;1997;A;ES61;RAS_INTER_IVE;5.867779412;A;_Z
93024;1998;A;ES61;RAS_INTER_IVE;5.391619601;A;_Z
93024;1999;A;ES61;RAS_INTER_IVE;4.680009503;A;_Z
93024;2000;A;ES61;RAS_INTER_IVE;5.489980183;A;_Z
93024;2001;A;ES61;RAS_INTER_IVE;4.086002917;A;_Z
93024;2002;A;ES61;RAS_INTER_IVE;3.168420955;A;_Z
93024;2003;A;ES61;RAS_INTER_IVE;4.110460998;A;_Z
93024;2004;A;ES61;RAS_INTER_IVE;3.574037828;A;_Z
93024;2005;A;ES61;RAS_INTER_IVE;3.614120189;A;_Z
93024;2006;A;ES61;RAS_INTER_IVE;4.189703663;A;_Z
93024;2007;A;ES61;RAS_INTER_IVE;3.5904354;A;_Z
93024;2008;A;ES61;RAS_INTER_IVE;0.543200156;A;_Z
93024;2009;A;ES61;RAS_INTER_IVE;-3.642460536;A;_Z
93024;2010;A;ES61;RAS_INTER_IVE;-1.126124868;A;_Z
93024;2011;A;ES61;RAS_INTER_IVE;-1.231191468;A;_Z
93024;2012;A;ES61;RAS_INTER_IVE;-3.119250733;A;_Z
93024;2013;A;ES61;RAS_INTER_IVE;-1.579422254;A;_Z
93024;2014;A;ES61;RAS_INTER_IVE;1.443240317;A;_Z
93024;2015;A;ES61;RAS_INTER_IVE;3.558343442;A;_Z
93024;2016;A;ES61;RAS_INTER_IVE;2.653342385;A;_Z
93024;2017;A;ES61;RAS_INTER_IVE;3.020727808;A;_Z
93024;2018;A;ES61;RAS_INTER_IVE;2.318913314;A;_Z
93024;2019;P;ES61;RAS_INTER_IVE;2.153318795;A;_Z
93024;2020;AV;ES61;RAS_INTER_IVE;-10.2515326;A;_Z
93024;2021;1E;ES61;RAS_INTER_IVE;5.081717596;A;_Z
