EDCA_LUGDEF;MES;G102;SEXO;TEMPORAL;TERRITORIO;INDICATOR;OBS_VALUE;FREQ
838404;01;57731;M;2020;ES61;DEATHS;1132.0;A
838404;01;57731;F;2020;ES61;DEATHS;1214.0;A
838404;01;57731;_T;2020;ES61;DEATHS;2346.0;A
838404;01;583;M;2020;ES61;DEATHS;1132.0;A
838404;01;583;F;2020;ES61;DEATHS;1214.0;A
838404;01;583;_T;2020;ES61;DEATHS;2346.0;A
838404;02;57731;M;2020;ES61;DEATHS;966.0;A
838404;02;57731;F;2020;ES61;DEATHS;1032.0;A
838404;02;57731;_T;2020;ES61;DEATHS;1998.0;A
838404;02;583;M;2020;ES61;DEATHS;966.0;A
838404;02;583;F;2020;ES61;DEATHS;1032.0;A
838404;02;583;_T;2020;ES61;DEATHS;1998.0;A
838404;03;838410;M;2020;ES61;DEATHS;5.0;A
838404;03;838410;F;2020;ES61;DEATHS;6.0;A
838404;03;838410;_T;2020;ES61;DEATHS;11.0;A
838404;03;838411;M;2020;ES61;DEATHS;20.0;A
838404;03;838411;F;2020;ES61;DEATHS;22.0;A
838404;03;838411;_T;2020;ES61;DEATHS;42.0;A
838404;03;57731;M;2020;ES61;DEATHS;1215.0;A
838404;03;57731;F;2020;ES61;DEATHS;1282.0;A
838404;03;57731;_T;2020;ES61;DEATHS;2497.0;A
838404;03;583;M;2020;ES61;DEATHS;1240.0;A
838404;03;583;F;2020;ES61;DEATHS;1310.0;A
838404;03;583;_T;2020;ES61;DEATHS;2550.0;A
838404;04;838410;M;2020;ES61;DEATHS;10.0;A
838404;04;838410;F;2020;ES61;DEATHS;6.0;A
838404;04;838410;_T;2020;ES61;DEATHS;16.0;A
838404;04;838411;M;2020;ES61;DEATHS;47.0;A
838404;04;838411;F;2020;ES61;DEATHS;44.0;A
838404;04;838411;_T;2020;ES61;DEATHS;91.0;A
838404;04;57731;M;2020;ES61;DEATHS;1156.0;A
838404;04;57731;F;2020;ES61;DEATHS;1201.0;A
838404;04;57731;_T;2020;ES61;DEATHS;2357.0;A
838404;04;583;M;2020;ES61;DEATHS;1213.0;A
838404;04;583;F;2020;ES61;DEATHS;1251.0;A
838404;04;583;_T;2020;ES61;DEATHS;2464.0;A
838404;05;838410;M;2020;ES61;DEATHS;1.0;A
838404;05;838410;F;2020;ES61;DEATHS;4.0;A
838404;05;838410;_T;2020;ES61;DEATHS;5.0;A
838404;05;838411;M;2020;ES61;DEATHS;7.0;A
838404;05;838411;F;2020;ES61;DEATHS;12.0;A
838404;05;838411;_T;2020;ES61;DEATHS;19.0;A
838404;05;57731;M;2020;ES61;DEATHS;1049.0;A
838404;05;57731;F;2020;ES61;DEATHS;1114.0;A
838404;05;57731;_T;2020;ES61;DEATHS;2163.0;A
838404;05;583;M;2020;ES61;DEATHS;1057.0;A
838404;05;583;F;2020;ES61;DEATHS;1130.0;A
838404;05;583;_T;2020;ES61;DEATHS;2187.0;A
838404;06;838410;M;2020;ES61;DEATHS;1.0;A
838404;06;838410;F;2020;ES61;DEATHS;1.0;A
838404;06;838410;_T;2020;ES61;DEATHS;2.0;A
838404;06;838411;F;2020;ES61;DEATHS;1.0;A
838404;06;838411;_T;2020;ES61;DEATHS;1.0;A
838404;06;57731;M;2020;ES61;DEATHS;920.0;A
838404;06;57731;F;2020;ES61;DEATHS;936.0;A
838404;06;57731;_T;2020;ES61;DEATHS;1856.0;A
838404;06;583;M;2020;ES61;DEATHS;921.0;A
838404;06;583;F;2020;ES61;DEATHS;938.0;A
838404;06;583;_T;2020;ES61;DEATHS;1859.0;A
838404;07;838411;M;2020;ES61;DEATHS;3.0;A
838404;07;838411;F;2020;ES61;DEATHS;4.0;A
838404;07;838411;_T;2020;ES61;DEATHS;7.0;A
838404;07;57731;M;2020;ES61;DEATHS;1147.0;A
838404;07;57731;F;2020;ES61;DEATHS;1170.0;A
838404;07;57731;_T;2020;ES61;DEATHS;2317.0;A
838404;07;583;M;2020;ES61;DEATHS;1150.0;A
838404;07;583;F;2020;ES61;DEATHS;1174.0;A
838404;07;583;_T;2020;ES61;DEATHS;2324.0;A
838404;08;838410;M;2020;ES61;DEATHS;1.0;A
838404;08;838410;_T;2020;ES61;DEATHS;1.0;A
838404;08;838411;M;2020;ES61;DEATHS;4.0;A
838404;08;838411;F;2020;ES61;DEATHS;4.0;A
838404;08;838411;_T;2020;ES61;DEATHS;8.0;A
838404;08;57731;M;2020;ES61;DEATHS;1032.0;A
838404;08;57731;F;2020;ES61;DEATHS;1098.0;A
838404;08;57731;_T;2020;ES61;DEATHS;2130.0;A
838404;08;583;M;2020;ES61;DEATHS;1037.0;A
838404;08;583;F;2020;ES61;DEATHS;1102.0;A
838404;08;583;_T;2020;ES61;DEATHS;2139.0;A
838404;09;838410;M;2020;ES61;DEATHS;14.0;A
838404;09;838410;F;2020;ES61;DEATHS;15.0;A
838404;09;838410;_T;2020;ES61;DEATHS;29.0;A
838404;09;838411;M;2020;ES61;DEATHS;3.0;A
838404;09;838411;F;2020;ES61;DEATHS;2.0;A
838404;09;838411;_T;2020;ES61;DEATHS;5.0;A
838404;09;57731;M;2020;ES61;DEATHS;969.0;A
838404;09;57731;F;2020;ES61;DEATHS;940.0;A
838404;09;57731;_T;2020;ES61;DEATHS;1909.0;A
838404;09;583;M;2020;ES61;DEATHS;986.0;A
838404;09;583;F;2020;ES61;DEATHS;957.0;A
838404;09;583;_T;2020;ES61;DEATHS;1943.0;A
838404;10;838410;M;2020;ES61;DEATHS;26.0;A
838404;10;838410;F;2020;ES61;DEATHS;24.0;A
838404;10;838410;_T;2020;ES61;DEATHS;50.0;A
838404;10;838411;M;2020;ES61;DEATHS;2.0;A
838404;10;838411;F;2020;ES61;DEATHS;1.0;A
838404;10;838411;_T;2020;ES61;DEATHS;3.0;A
838404;10;57731;M;2020;ES61;DEATHS;1054.0;A
838404;10;57731;F;2020;ES61;DEATHS;1079.0;A
838404;10;57731;_T;2020;ES61;DEATHS;2133.0;A
838404;10;583;M;2020;ES61;DEATHS;1082.0;A
838404;10;583;F;2020;ES61;DEATHS;1104.0;A
838404;10;583;_T;2020;ES61;DEATHS;2186.0;A
838404;11;838410;M;2020;ES61;DEATHS;71.0;A
838404;11;838410;F;2020;ES61;DEATHS;71.0;A
838404;11;838410;_T;2020;ES61;DEATHS;142.0;A
838404;11;838411;M;2020;ES61;DEATHS;4.0;A
838404;11;838411;F;2020;ES61;DEATHS;5.0;A
838404;11;838411;_T;2020;ES61;DEATHS;9.0;A
838404;11;57731;M;2020;ES61;DEATHS;1154.0;A
838404;11;57731;F;2020;ES61;DEATHS;1158.0;A
838404;11;57731;_T;2020;ES61;DEATHS;2312.0;A
838404;11;583;M;2020;ES61;DEATHS;1229.0;A
838404;11;583;F;2020;ES61;DEATHS;1234.0;A
838404;11;583;_T;2020;ES61;DEATHS;2463.0;A
838404;12;838410;M;2020;ES61;DEATHS;30.0;A
838404;12;838410;F;2020;ES61;DEATHS;25.0;A
838404;12;838410;_T;2020;ES61;DEATHS;55.0;A
838404;12;838411;M;2020;ES61;DEATHS;3.0;A
838404;12;838411;_T;2020;ES61;DEATHS;3.0;A
838404;12;57731;M;2020;ES61;DEATHS;1145.0;A
838404;12;57731;F;2020;ES61;DEATHS;1266.0;A
838404;12;57731;_T;2020;ES61;DEATHS;2411.0;A
838404;12;583;M;2020;ES61;DEATHS;1178.0;A
838404;12;583;F;2020;ES61;DEATHS;1291.0;A
838404;12;583;_T;2020;ES61;DEATHS;2469.0;A
838404;55920;838410;M;2020;ES61;DEATHS;159.0;A
838404;55920;838410;F;2020;ES61;DEATHS;152.0;A
838404;55920;838410;_T;2020;ES61;DEATHS;311.0;A
838404;55920;838411;M;2020;ES61;DEATHS;93.0;A
838404;55920;838411;F;2020;ES61;DEATHS;95.0;A
838404;55920;838411;_T;2020;ES61;DEATHS;188.0;A
838404;55920;57731;M;2020;ES61;DEATHS;12939.0;A
838404;55920;57731;F;2020;ES61;DEATHS;13490.0;A
838404;55920;57731;_T;2020;ES61;DEATHS;26429.0;A
838404;55920;583;M;2020;ES61;DEATHS;13191.0;A
838404;55920;583;F;2020;ES61;DEATHS;13737.0;A
838404;55920;583;_T;2020;ES61;DEATHS;26928.0;A
838405;01;57731;M;2020;ES61;DEATHS;2196.0;A
838405;01;57731;F;2020;ES61;DEATHS;1954.0;A
838405;01;57731;_T;2020;ES61;DEATHS;4150.0;A
838405;01;583;M;2020;ES61;DEATHS;2196.0;A
838405;01;583;F;2020;ES61;DEATHS;1954.0;A
838405;01;583;_T;2020;ES61;DEATHS;4150.0;A
838405;02;57731;M;2020;ES61;DEATHS;1729.0;A
838405;02;57731;F;2020;ES61;DEATHS;1579.0;A
838405;02;57731;_T;2020;ES61;DEATHS;3308.0;A
838405;02;583;M;2020;ES61;DEATHS;1729.0;A
838405;02;583;F;2020;ES61;DEATHS;1579.0;A
838405;02;583;_T;2020;ES61;DEATHS;3308.0;A
838405;03;838410;M;2020;ES61;DEATHS;238.0;A
838405;03;838410;F;2020;ES61;DEATHS;168.0;A
838405;03;838410;_T;2020;ES61;DEATHS;406.0;A
838405;03;838411;M;2020;ES61;DEATHS;29.0;A
838405;03;838411;F;2020;ES61;DEATHS;29.0;A
838405;03;838411;_T;2020;ES61;DEATHS;58.0;A
838405;03;57731;M;2020;ES61;DEATHS;1574.0;A
838405;03;57731;F;2020;ES61;DEATHS;1365.0;A
838405;03;57731;_T;2020;ES61;DEATHS;2939.0;A
838405;03;583;M;2020;ES61;DEATHS;1841.0;A
838405;03;583;F;2020;ES61;DEATHS;1562.0;A
838405;03;583;_T;2020;ES61;DEATHS;3403.0;A
838405;04;838410;M;2020;ES61;DEATHS;374.0;A
838405;04;838410;F;2020;ES61;DEATHS;299.0;A
838405;04;838410;_T;2020;ES61;DEATHS;673.0;A
838405;04;838411;M;2020;ES61;DEATHS;88.0;A
838405;04;838411;F;2020;ES61;DEATHS;84.0;A
838405;04;838411;_T;2020;ES61;DEATHS;172.0;A
838405;04;57731;M;2020;ES61;DEATHS;1227.0;A
838405;04;57731;F;2020;ES61;DEATHS;1056.0;A
838405;04;57731;_T;2020;ES61;DEATHS;2283.0;A
838405;04;583;M;2020;ES61;DEATHS;1689.0;A
838405;04;583;F;2020;ES61;DEATHS;1439.0;A
838405;04;583;_T;2020;ES61;DEATHS;3128.0;A
838405;05;838410;M;2020;ES61;DEATHS;45.0;A
838405;05;838410;F;2020;ES61;DEATHS;43.0;A
838405;05;838410;_T;2020;ES61;DEATHS;88.0;A
838405;05;838411;M;2020;ES61;DEATHS;27.0;A
838405;05;838411;F;2020;ES61;DEATHS;21.0;A
838405;05;838411;_T;2020;ES61;DEATHS;48.0;A
838405;05;57731;M;2020;ES61;DEATHS;1408.0;A
838405;05;57731;F;2020;ES61;DEATHS;1222.0;A
838405;05;57731;_T;2020;ES61;DEATHS;2630.0;A
838405;05;583;M;2020;ES61;DEATHS;1480.0;A
838405;05;583;F;2020;ES61;DEATHS;1286.0;A
838405;05;583;_T;2020;ES61;DEATHS;2766.0;A
838405;06;838410;M;2020;ES61;DEATHS;14.0;A
838405;06;838410;F;2020;ES61;DEATHS;2.0;A
838405;06;838410;_T;2020;ES61;DEATHS;16.0;A
838405;06;838411;M;2020;ES61;DEATHS;5.0;A
838405;06;838411;F;2020;ES61;DEATHS;4.0;A
838405;06;838411;_T;2020;ES61;DEATHS;9.0;A
838405;06;57731;M;2020;ES61;DEATHS;1358.0;A
838405;06;57731;F;2020;ES61;DEATHS;1164.0;A
838405;06;57731;_T;2020;ES61;DEATHS;2522.0;A
838405;06;583;M;2020;ES61;DEATHS;1377.0;A
838405;06;583;F;2020;ES61;DEATHS;1170.0;A
838405;06;583;_T;2020;ES61;DEATHS;2547.0;A
838405;07;838410;M;2020;ES61;DEATHS;5.0;A
838405;07;838410;F;2020;ES61;DEATHS;1.0;A
838405;07;838410;_T;2020;ES61;DEATHS;6.0;A
838405;07;838411;M;2020;ES61;DEATHS;5.0;A
838405;07;838411;F;2020;ES61;DEATHS;4.0;A
838405;07;838411;_T;2020;ES61;DEATHS;9.0;A
838405;07;57731;M;2020;ES61;DEATHS;1547.0;A
838405;07;57731;F;2020;ES61;DEATHS;1345.0;A
838405;07;57731;_T;2020;ES61;DEATHS;2892.0;A
838405;07;583;M;2020;ES61;DEATHS;1557.0;A
838405;07;583;F;2020;ES61;DEATHS;1350.0;A
838405;07;583;_T;2020;ES61;DEATHS;2907.0;A
838405;08;838410;M;2020;ES61;DEATHS;37.0;A
838405;08;838410;F;2020;ES61;DEATHS;21.0;A
838405;08;838410;_T;2020;ES61;DEATHS;58.0;A
838405;08;838411;M;2020;ES61;DEATHS;10.0;A
838405;08;838411;F;2020;ES61;DEATHS;7.0;A
838405;08;838411;_T;2020;ES61;DEATHS;17.0;A
838405;08;57731;M;2020;ES61;DEATHS;1547.0;A
838405;08;57731;F;2020;ES61;DEATHS;1393.0;A
838405;08;57731;_T;2020;ES61;DEATHS;2940.0;A
838405;08;583;M;2020;ES61;DEATHS;1594.0;A
838405;08;583;F;2020;ES61;DEATHS;1421.0;A
838405;08;583;_T;2020;ES61;DEATHS;3015.0;A
838405;09;838410;M;2020;ES61;DEATHS;199.0;A
838405;09;838410;F;2020;ES61;DEATHS;146.0;A
838405;09;838410;_T;2020;ES61;DEATHS;345.0;A
838405;09;838411;M;2020;ES61;DEATHS;8.0;A
838405;09;838411;F;2020;ES61;DEATHS;9.0;A
838405;09;838411;_T;2020;ES61;DEATHS;17.0;A
838405;09;57731;M;2020;ES61;DEATHS;1389.0;A
838405;09;57731;F;2020;ES61;DEATHS;1243.0;A
838405;09;57731;_T;2020;ES61;DEATHS;2632.0;A
838405;09;583;M;2020;ES61;DEATHS;1596.0;A
838405;09;583;F;2020;ES61;DEATHS;1398.0;A
838405;09;583;_T;2020;ES61;DEATHS;2994.0;A
838405;10;838410;M;2020;ES61;DEATHS;495.0;A
838405;10;838410;F;2020;ES61;DEATHS;386.0;A
838405;10;838410;_T;2020;ES61;DEATHS;881.0;A
838405;10;838411;M;2020;ES61;DEATHS;8.0;A
838405;10;838411;F;2020;ES61;DEATHS;7.0;A
838405;10;838411;_T;2020;ES61;DEATHS;15.0;A
838405;10;57731;M;2020;ES61;DEATHS;1541.0;A
838405;10;57731;F;2020;ES61;DEATHS;1315.0;A
838405;10;57731;_T;2020;ES61;DEATHS;2856.0;A
838405;10;583;M;2020;ES61;DEATHS;2044.0;A
838405;10;583;F;2020;ES61;DEATHS;1708.0;A
838405;10;583;_T;2020;ES61;DEATHS;3752.0;A
838405;11;838410;M;2020;ES61;DEATHS;947.0;A
838405;11;838410;F;2020;ES61;DEATHS;697.0;A
838405;11;838410;_T;2020;ES61;DEATHS;1644.0;A
838405;11;838411;M;2020;ES61;DEATHS;11.0;A
838405;11;838411;F;2020;ES61;DEATHS;8.0;A
838405;11;838411;_T;2020;ES61;DEATHS;19.0;A
838405;11;57731;M;2020;ES61;DEATHS;1410.0;A
838405;11;57731;F;2020;ES61;DEATHS;1220.0;A
838405;11;57731;_T;2020;ES61;DEATHS;2630.0;A
838405;11;583;M;2020;ES61;DEATHS;2368.0;A
838405;11;583;F;2020;ES61;DEATHS;1925.0;A
838405;11;583;_T;2020;ES61;DEATHS;4293.0;A
838405;12;838410;M;2020;ES61;DEATHS;405.0;A
838405;12;838410;F;2020;ES61;DEATHS;278.0;A
838405;12;838410;_T;2020;ES61;DEATHS;683.0;A
838405;12;838411;M;2020;ES61;DEATHS;13.0;A
838405;12;838411;F;2020;ES61;DEATHS;4.0;A
838405;12;838411;_T;2020;ES61;DEATHS;17.0;A
838405;12;57731;M;2020;ES61;DEATHS;1621.0;A
838405;12;57731;F;2020;ES61;DEATHS;1350.0;A
838405;12;57731;_T;2020;ES61;DEATHS;2971.0;A
838405;12;583;M;2020;ES61;DEATHS;2039.0;A
838405;12;583;F;2020;ES61;DEATHS;1632.0;A
838405;12;583;_T;2020;ES61;DEATHS;3671.0;A
838405;55920;838410;M;2020;ES61;DEATHS;2759.0;A
838405;55920;838410;F;2020;ES61;DEATHS;2041.0;A
838405;55920;838410;_T;2020;ES61;DEATHS;4800.0;A
838405;55920;838411;M;2020;ES61;DEATHS;204.0;A
838405;55920;838411;F;2020;ES61;DEATHS;177.0;A
838405;55920;838411;_T;2020;ES61;DEATHS;381.0;A
838405;55920;57731;M;2020;ES61;DEATHS;18547.0;A
838405;55920;57731;F;2020;ES61;DEATHS;16206.0;A
838405;55920;57731;_T;2020;ES61;DEATHS;34753.0;A
838405;55920;583;M;2020;ES61;DEATHS;21510.0;A
838405;55920;583;F;2020;ES61;DEATHS;18424.0;A
838405;55920;583;_T;2020;ES61;DEATHS;39934.0;A
838406;01;57731;M;2020;ES61;DEATHS;250.0;A
838406;01;57731;F;2020;ES61;DEATHS;409.0;A
838406;01;57731;_T;2020;ES61;DEATHS;659.0;A
838406;01;583;M;2020;ES61;DEATHS;250.0;A
838406;01;583;F;2020;ES61;DEATHS;409.0;A
838406;01;583;_T;2020;ES61;DEATHS;659.0;A
838406;02;57731;M;2020;ES61;DEATHS;208.0;A
838406;02;57731;F;2020;ES61;DEATHS;388.0;A
838406;02;57731;_T;2020;ES61;DEATHS;596.0;A
838406;02;583;M;2020;ES61;DEATHS;208.0;A
838406;02;583;F;2020;ES61;DEATHS;388.0;A
838406;02;583;_T;2020;ES61;DEATHS;596.0;A
838406;03;838410;M;2020;ES61;DEATHS;8.0;A
838406;03;838410;F;2020;ES61;DEATHS;28.0;A
838406;03;838410;_T;2020;ES61;DEATHS;36.0;A
838406;03;838411;M;2020;ES61;DEATHS;12.0;A
838406;03;838411;F;2020;ES61;DEATHS;23.0;A
838406;03;838411;_T;2020;ES61;DEATHS;35.0;A
838406;03;57731;M;2020;ES61;DEATHS;283.0;A
838406;03;57731;F;2020;ES61;DEATHS;451.0;A
838406;03;57731;_T;2020;ES61;DEATHS;734.0;A
838406;03;583;M;2020;ES61;DEATHS;303.0;A
838406;03;583;F;2020;ES61;DEATHS;502.0;A
838406;03;583;_T;2020;ES61;DEATHS;805.0;A
838406;04;838410;M;2020;ES61;DEATHS;57.0;A
838406;04;838410;F;2020;ES61;DEATHS;107.0;A
838406;04;838410;_T;2020;ES61;DEATHS;164.0;A
838406;04;838411;M;2020;ES61;DEATHS;31.0;A
838406;04;838411;F;2020;ES61;DEATHS;49.0;A
838406;04;838411;_T;2020;ES61;DEATHS;80.0;A
838406;04;57731;M;2020;ES61;DEATHS;197.0;A
838406;04;57731;F;2020;ES61;DEATHS;440.0;A
838406;04;57731;_T;2020;ES61;DEATHS;637.0;A
838406;04;583;M;2020;ES61;DEATHS;285.0;A
838406;04;583;F;2020;ES61;DEATHS;596.0;A
838406;04;583;_T;2020;ES61;DEATHS;881.0;A
838406;05;838410;M;2020;ES61;DEATHS;5.0;A
838406;05;838410;F;2020;ES61;DEATHS;11.0;A
838406;05;838410;_T;2020;ES61;DEATHS;16.0;A
838406;05;838411;M;2020;ES61;DEATHS;1.0;A
838406;05;838411;F;2020;ES61;DEATHS;3.0;A
838406;05;838411;_T;2020;ES61;DEATHS;4.0;A
838406;05;57731;M;2020;ES61;DEATHS;185.0;A
838406;05;57731;F;2020;ES61;DEATHS;295.0;A
838406;05;57731;_T;2020;ES61;DEATHS;480.0;A
838406;05;583;M;2020;ES61;DEATHS;191.0;A
838406;05;583;F;2020;ES61;DEATHS;309.0;A
838406;05;583;_T;2020;ES61;DEATHS;500.0;A
838406;06;838410;M;2020;ES61;DEATHS;1.0;A
838406;06;838410;_T;2020;ES61;DEATHS;1.0;A
838406;06;838411;M;2020;ES61;DEATHS;2.0;A
838406;06;838411;_T;2020;ES61;DEATHS;2.0;A
838406;06;57731;M;2020;ES61;DEATHS;173.0;A
838406;06;57731;F;2020;ES61;DEATHS;302.0;A
838406;06;57731;_T;2020;ES61;DEATHS;475.0;A
838406;06;583;M;2020;ES61;DEATHS;176.0;A
838406;06;583;F;2020;ES61;DEATHS;302.0;A
838406;06;583;_T;2020;ES61;DEATHS;478.0;A
838406;07;57731;M;2020;ES61;DEATHS;186.0;A
838406;07;57731;F;2020;ES61;DEATHS;351.0;A
838406;07;57731;_T;2020;ES61;DEATHS;537.0;A
838406;07;583;M;2020;ES61;DEATHS;186.0;A
838406;07;583;F;2020;ES61;DEATHS;351.0;A
838406;07;583;_T;2020;ES61;DEATHS;537.0;A
838406;08;838410;M;2020;ES61;DEATHS;1.0;A
838406;08;838410;F;2020;ES61;DEATHS;5.0;A
838406;08;838410;_T;2020;ES61;DEATHS;6.0;A
838406;08;838411;M;2020;ES61;DEATHS;1.0;A
838406;08;838411;_T;2020;ES61;DEATHS;1.0;A
838406;08;57731;M;2020;ES61;DEATHS;180.0;A
838406;08;57731;F;2020;ES61;DEATHS;341.0;A
838406;08;57731;_T;2020;ES61;DEATHS;521.0;A
838406;08;583;M;2020;ES61;DEATHS;182.0;A
838406;08;583;F;2020;ES61;DEATHS;346.0;A
838406;08;583;_T;2020;ES61;DEATHS;528.0;A
838406;09;838410;M;2020;ES61;DEATHS;13.0;A
838406;09;838410;F;2020;ES61;DEATHS;26.0;A
838406;09;838410;_T;2020;ES61;DEATHS;39.0;A
838406;09;838411;F;2020;ES61;DEATHS;3.0;A
838406;09;838411;_T;2020;ES61;DEATHS;3.0;A
838406;09;57731;M;2020;ES61;DEATHS;165.0;A
838406;09;57731;F;2020;ES61;DEATHS;297.0;A
838406;09;57731;_T;2020;ES61;DEATHS;462.0;A
838406;09;583;M;2020;ES61;DEATHS;178.0;A
838406;09;583;F;2020;ES61;DEATHS;326.0;A
838406;09;583;_T;2020;ES61;DEATHS;504.0;A
838406;10;838410;M;2020;ES61;DEATHS;31.0;A
838406;10;838410;F;2020;ES61;DEATHS;89.0;A
838406;10;838410;_T;2020;ES61;DEATHS;120.0;A
838406;10;57731;M;2020;ES61;DEATHS;183.0;A
838406;10;57731;F;2020;ES61;DEATHS;312.0;A
838406;10;57731;_T;2020;ES61;DEATHS;495.0;A
838406;10;583;M;2020;ES61;DEATHS;214.0;A
838406;10;583;F;2020;ES61;DEATHS;401.0;A
838406;10;583;_T;2020;ES61;DEATHS;615.0;A
838406;11;838410;M;2020;ES61;DEATHS;79.0;A
838406;11;838410;F;2020;ES61;DEATHS;130.0;A
838406;11;838410;_T;2020;ES61;DEATHS;209.0;A
838406;11;838411;M;2020;ES61;DEATHS;3.0;A
838406;11;838411;_T;2020;ES61;DEATHS;3.0;A
838406;11;57731;M;2020;ES61;DEATHS;189.0;A
838406;11;57731;F;2020;ES61;DEATHS;318.0;A
838406;11;57731;_T;2020;ES61;DEATHS;507.0;A
838406;11;583;M;2020;ES61;DEATHS;271.0;A
838406;11;583;F;2020;ES61;DEATHS;448.0;A
838406;11;583;_T;2020;ES61;DEATHS;719.0;A
838406;12;838410;M;2020;ES61;DEATHS;19.0;A
838406;12;838410;F;2020;ES61;DEATHS;37.0;A
838406;12;838410;_T;2020;ES61;DEATHS;56.0;A
838406;12;838411;F;2020;ES61;DEATHS;2.0;A
838406;12;838411;_T;2020;ES61;DEATHS;2.0;A
838406;12;57731;M;2020;ES61;DEATHS;182.0;A
838406;12;57731;F;2020;ES61;DEATHS;341.0;A
838406;12;57731;_T;2020;ES61;DEATHS;523.0;A
838406;12;583;M;2020;ES61;DEATHS;201.0;A
838406;12;583;F;2020;ES61;DEATHS;380.0;A
838406;12;583;_T;2020;ES61;DEATHS;581.0;A
838406;55920;838410;M;2020;ES61;DEATHS;214.0;A
838406;55920;838410;F;2020;ES61;DEATHS;433.0;A
838406;55920;838410;_T;2020;ES61;DEATHS;647.0;A
838406;55920;838411;M;2020;ES61;DEATHS;50.0;A
838406;55920;838411;F;2020;ES61;DEATHS;80.0;A
838406;55920;838411;_T;2020;ES61;DEATHS;130.0;A
838406;55920;57731;M;2020;ES61;DEATHS;2381.0;A
838406;55920;57731;F;2020;ES61;DEATHS;4245.0;A
838406;55920;57731;_T;2020;ES61;DEATHS;6626.0;A
838406;55920;583;M;2020;ES61;DEATHS;2645.0;A
838406;55920;583;F;2020;ES61;DEATHS;4758.0;A
838406;55920;583;_T;2020;ES61;DEATHS;7403.0;A
838408;01;57731;M;2020;ES61;DEATHS;268.0;A
838408;01;57731;F;2020;ES61;DEATHS;101.0;A
838408;01;57731;_T;2020;ES61;DEATHS;369.0;A
838408;01;583;M;2020;ES61;DEATHS;268.0;A
838408;01;583;F;2020;ES61;DEATHS;101.0;A
838408;01;583;_T;2020;ES61;DEATHS;369.0;A
838408;02;57731;M;2020;ES61;DEATHS;218.0;A
838408;02;57731;F;2020;ES61;DEATHS;90.0;A
838408;02;57731;_T;2020;ES61;DEATHS;308.0;A
838408;02;583;M;2020;ES61;DEATHS;218.0;A
838408;02;583;F;2020;ES61;DEATHS;90.0;A
838408;02;583;_T;2020;ES61;DEATHS;308.0;A
838408;03;838410;M;2020;ES61;DEATHS;1.0;A
838408;03;838410;_T;2020;ES61;DEATHS;1.0;A
838408;03;838411;M;2020;ES61;DEATHS;3.0;A
838408;03;838411;_T;2020;ES61;DEATHS;3.0;A
838408;03;57731;M;2020;ES61;DEATHS;170.0;A
838408;03;57731;F;2020;ES61;DEATHS;63.0;A
838408;03;57731;_T;2020;ES61;DEATHS;233.0;A
838408;03;583;M;2020;ES61;DEATHS;174.0;A
838408;03;583;F;2020;ES61;DEATHS;63.0;A
838408;03;583;_T;2020;ES61;DEATHS;237.0;A
838408;04;838410;F;2020;ES61;DEATHS;1.0;A
838408;04;838410;_T;2020;ES61;DEATHS;1.0;A
838408;04;838411;M;2020;ES61;DEATHS;1.0;A
838408;04;838411;_T;2020;ES61;DEATHS;1.0;A
838408;04;57731;M;2020;ES61;DEATHS;92.0;A
838408;04;57731;F;2020;ES61;DEATHS;34.0;A
838408;04;57731;_T;2020;ES61;DEATHS;126.0;A
838408;04;583;M;2020;ES61;DEATHS;93.0;A
838408;04;583;F;2020;ES61;DEATHS;35.0;A
838408;04;583;_T;2020;ES61;DEATHS;128.0;A
838408;05;57731;M;2020;ES61;DEATHS;150.0;A
838408;05;57731;F;2020;ES61;DEATHS;40.0;A
838408;05;57731;_T;2020;ES61;DEATHS;190.0;A
838408;05;583;M;2020;ES61;DEATHS;150.0;A
838408;05;583;F;2020;ES61;DEATHS;40.0;A
838408;05;583;_T;2020;ES61;DEATHS;190.0;A
838408;06;57731;M;2020;ES61;DEATHS;170.0;A
838408;06;57731;F;2020;ES61;DEATHS;42.0;A
838408;06;57731;_T;2020;ES61;DEATHS;212.0;A
838408;06;583;M;2020;ES61;DEATHS;170.0;A
838408;06;583;F;2020;ES61;DEATHS;42.0;A
838408;06;583;_T;2020;ES61;DEATHS;212.0;A
838408;07;57731;M;2020;ES61;DEATHS;201.0;A
838408;07;57731;F;2020;ES61;DEATHS;51.0;A
838408;07;57731;_T;2020;ES61;DEATHS;252.0;A
838408;07;583;M;2020;ES61;DEATHS;201.0;A
838408;07;583;F;2020;ES61;DEATHS;51.0;A
838408;07;583;_T;2020;ES61;DEATHS;252.0;A
838408;08;57731;M;2020;ES61;DEATHS;195.0;A
838408;08;57731;F;2020;ES61;DEATHS;66.0;A
838408;08;57731;_T;2020;ES61;DEATHS;261.0;A
838408;08;583;M;2020;ES61;DEATHS;195.0;A
838408;08;583;F;2020;ES61;DEATHS;66.0;A
838408;08;583;_T;2020;ES61;DEATHS;261.0;A
838408;09;838410;M;2020;ES61;DEATHS;1.0;A
838408;09;838410;F;2020;ES61;DEATHS;1.0;A
838408;09;838410;_T;2020;ES61;DEATHS;2.0;A
838408;09;57731;M;2020;ES61;DEATHS;169.0;A
838408;09;57731;F;2020;ES61;DEATHS;73.0;A
838408;09;57731;_T;2020;ES61;DEATHS;242.0;A
838408;09;583;M;2020;ES61;DEATHS;170.0;A
838408;09;583;F;2020;ES61;DEATHS;74.0;A
838408;09;583;_T;2020;ES61;DEATHS;244.0;A
838408;10;838410;F;2020;ES61;DEATHS;3.0;A
838408;10;838410;_T;2020;ES61;DEATHS;3.0;A
838408;10;57731;M;2020;ES61;DEATHS;199.0;A
838408;10;57731;F;2020;ES61;DEATHS;75.0;A
838408;10;57731;_T;2020;ES61;DEATHS;274.0;A
838408;10;583;M;2020;ES61;DEATHS;199.0;A
838408;10;583;F;2020;ES61;DEATHS;78.0;A
838408;10;583;_T;2020;ES61;DEATHS;277.0;A
838408;11;838410;M;2020;ES61;DEATHS;8.0;A
838408;11;838410;F;2020;ES61;DEATHS;1.0;A
838408;11;838410;_T;2020;ES61;DEATHS;9.0;A
838408;11;57731;M;2020;ES61;DEATHS;178.0;A
838408;11;57731;F;2020;ES61;DEATHS;61.0;A
838408;11;57731;_T;2020;ES61;DEATHS;239.0;A
838408;11;583;M;2020;ES61;DEATHS;186.0;A
838408;11;583;F;2020;ES61;DEATHS;62.0;A
838408;11;583;_T;2020;ES61;DEATHS;248.0;A
838408;12;838410;F;2020;ES61;DEATHS;3.0;A
838408;12;838410;_T;2020;ES61;DEATHS;3.0;A
838408;12;57731;M;2020;ES61;DEATHS;235.0;A
838408;12;57731;F;2020;ES61;DEATHS;73.0;A
838408;12;57731;_T;2020;ES61;DEATHS;308.0;A
838408;12;583;M;2020;ES61;DEATHS;235.0;A
838408;12;583;F;2020;ES61;DEATHS;76.0;A
838408;12;583;_T;2020;ES61;DEATHS;311.0;A
838408;55920;838410;M;2020;ES61;DEATHS;10.0;A
838408;55920;838410;F;2020;ES61;DEATHS;9.0;A
838408;55920;838410;_T;2020;ES61;DEATHS;19.0;A
838408;55920;838411;M;2020;ES61;DEATHS;4.0;A
838408;55920;838411;_T;2020;ES61;DEATHS;4.0;A
838408;55920;57731;M;2020;ES61;DEATHS;2245.0;A
838408;55920;57731;F;2020;ES61;DEATHS;769.0;A
838408;55920;57731;_T;2020;ES61;DEATHS;3014.0;A
838408;55920;583;M;2020;ES61;DEATHS;2259.0;A
838408;55920;583;F;2020;ES61;DEATHS;778.0;A
838408;55920;583;_T;2020;ES61;DEATHS;3037.0;A
838409;01;57731;M;2020;ES61;DEATHS;77.0;A
838409;01;57731;F;2020;ES61;DEATHS;47.0;A
838409;01;57731;_T;2020;ES61;DEATHS;124.0;A
838409;01;583;M;2020;ES61;DEATHS;77.0;A
838409;01;583;F;2020;ES61;DEATHS;47.0;A
838409;01;583;_T;2020;ES61;DEATHS;124.0;A
838409;02;57731;M;2020;ES61;DEATHS;98.0;A
838409;02;57731;F;2020;ES61;DEATHS;73.0;A
838409;02;57731;_T;2020;ES61;DEATHS;171.0;A
838409;02;583;M;2020;ES61;DEATHS;98.0;A
838409;02;583;F;2020;ES61;DEATHS;73.0;A
838409;02;583;_T;2020;ES61;DEATHS;171.0;A
838409;03;838410;M;2020;ES61;DEATHS;3.0;A
838409;03;838410;F;2020;ES61;DEATHS;2.0;A
838409;03;838410;_T;2020;ES61;DEATHS;5.0;A
838409;03;838411;M;2020;ES61;DEATHS;2.0;A
838409;03;838411;_T;2020;ES61;DEATHS;2.0;A
838409;03;57731;M;2020;ES61;DEATHS;62.0;A
838409;03;57731;F;2020;ES61;DEATHS;32.0;A
838409;03;57731;_T;2020;ES61;DEATHS;94.0;A
838409;03;583;M;2020;ES61;DEATHS;67.0;A
838409;03;583;F;2020;ES61;DEATHS;34.0;A
838409;03;583;_T;2020;ES61;DEATHS;101.0;A
838409;04;838410;M;2020;ES61;DEATHS;3.0;A
838409;04;838410;_T;2020;ES61;DEATHS;3.0;A
838409;04;838411;F;2020;ES61;DEATHS;3.0;A
838409;04;838411;_T;2020;ES61;DEATHS;3.0;A
838409;04;57731;M;2020;ES61;DEATHS;50.0;A
838409;04;57731;F;2020;ES61;DEATHS;39.0;A
838409;04;57731;_T;2020;ES61;DEATHS;89.0;A
838409;04;583;M;2020;ES61;DEATHS;53.0;A
838409;04;583;F;2020;ES61;DEATHS;42.0;A
838409;04;583;_T;2020;ES61;DEATHS;95.0;A
838409;05;838411;M;2020;ES61;DEATHS;1.0;A
838409;05;838411;_T;2020;ES61;DEATHS;1.0;A
838409;05;57731;M;2020;ES61;DEATHS;44.0;A
838409;05;57731;F;2020;ES61;DEATHS;34.0;A
838409;05;57731;_T;2020;ES61;DEATHS;78.0;A
838409;05;583;M;2020;ES61;DEATHS;45.0;A
838409;05;583;F;2020;ES61;DEATHS;34.0;A
838409;05;583;_T;2020;ES61;DEATHS;79.0;A
838409;06;838410;M;2020;ES61;DEATHS;1.0;A
838409;06;838410;_T;2020;ES61;DEATHS;1.0;A
838409;06;57731;M;2020;ES61;DEATHS;76.0;A
838409;06;57731;F;2020;ES61;DEATHS;52.0;A
838409;06;57731;_T;2020;ES61;DEATHS;128.0;A
838409;06;583;M;2020;ES61;DEATHS;77.0;A
838409;06;583;F;2020;ES61;DEATHS;52.0;A
838409;06;583;_T;2020;ES61;DEATHS;129.0;A
838409;07;838411;M;2020;ES61;DEATHS;1.0;A
838409;07;838411;_T;2020;ES61;DEATHS;1.0;A
838409;07;57731;M;2020;ES61;DEATHS;46.0;A
838409;07;57731;F;2020;ES61;DEATHS;40.0;A
838409;07;57731;_T;2020;ES61;DEATHS;86.0;A
838409;07;583;M;2020;ES61;DEATHS;47.0;A
838409;07;583;F;2020;ES61;DEATHS;40.0;A
838409;07;583;_T;2020;ES61;DEATHS;87.0;A
838409;08;838410;F;2020;ES61;DEATHS;1.0;A
838409;08;838410;_T;2020;ES61;DEATHS;1.0;A
838409;08;57731;M;2020;ES61;DEATHS;47.0;A
838409;08;57731;F;2020;ES61;DEATHS;35.0;A
838409;08;57731;_T;2020;ES61;DEATHS;82.0;A
838409;08;583;M;2020;ES61;DEATHS;47.0;A
838409;08;583;F;2020;ES61;DEATHS;36.0;A
838409;08;583;_T;2020;ES61;DEATHS;83.0;A
838409;09;838410;F;2020;ES61;DEATHS;1.0;A
838409;09;838410;_T;2020;ES61;DEATHS;1.0;A
838409;09;57731;M;2020;ES61;DEATHS;38.0;A
838409;09;57731;F;2020;ES61;DEATHS;25.0;A
838409;09;57731;_T;2020;ES61;DEATHS;63.0;A
838409;09;583;M;2020;ES61;DEATHS;38.0;A
838409;09;583;F;2020;ES61;DEATHS;26.0;A
838409;09;583;_T;2020;ES61;DEATHS;64.0;A
838409;10;838410;M;2020;ES61;DEATHS;6.0;A
838409;10;838410;F;2020;ES61;DEATHS;3.0;A
838409;10;838410;_T;2020;ES61;DEATHS;9.0;A
838409;10;57731;M;2020;ES61;DEATHS;31.0;A
838409;10;57731;F;2020;ES61;DEATHS;28.0;A
838409;10;57731;_T;2020;ES61;DEATHS;59.0;A
838409;10;583;M;2020;ES61;DEATHS;37.0;A
838409;10;583;F;2020;ES61;DEATHS;31.0;A
838409;10;583;_T;2020;ES61;DEATHS;68.0;A
838409;11;838410;M;2020;ES61;DEATHS;8.0;A
838409;11;838410;F;2020;ES61;DEATHS;4.0;A
838409;11;838410;_T;2020;ES61;DEATHS;12.0;A
838409;11;57731;M;2020;ES61;DEATHS;31.0;A
838409;11;57731;F;2020;ES61;DEATHS;31.0;A
838409;11;57731;_T;2020;ES61;DEATHS;62.0;A
838409;11;583;M;2020;ES61;DEATHS;39.0;A
838409;11;583;F;2020;ES61;DEATHS;35.0;A
838409;11;583;_T;2020;ES61;DEATHS;74.0;A
838409;12;838410;M;2020;ES61;DEATHS;2.0;A
838409;12;838410;F;2020;ES61;DEATHS;4.0;A
838409;12;838410;_T;2020;ES61;DEATHS;6.0;A
838409;12;57731;M;2020;ES61;DEATHS;48.0;A
838409;12;57731;F;2020;ES61;DEATHS;30.0;A
838409;12;57731;_T;2020;ES61;DEATHS;78.0;A
838409;12;583;M;2020;ES61;DEATHS;50.0;A
838409;12;583;F;2020;ES61;DEATHS;34.0;A
838409;12;583;_T;2020;ES61;DEATHS;84.0;A
838409;55920;838410;M;2020;ES61;DEATHS;23.0;A
838409;55920;838410;F;2020;ES61;DEATHS;15.0;A
838409;55920;838410;_T;2020;ES61;DEATHS;38.0;A
838409;55920;838411;M;2020;ES61;DEATHS;4.0;A
838409;55920;838411;F;2020;ES61;DEATHS;3.0;A
838409;55920;838411;_T;2020;ES61;DEATHS;7.0;A
838409;55920;57731;M;2020;ES61;DEATHS;648.0;A
838409;55920;57731;F;2020;ES61;DEATHS;466.0;A
838409;55920;57731;_T;2020;ES61;DEATHS;1114.0;A
838409;55920;583;M;2020;ES61;DEATHS;675.0;A
838409;55920;583;F;2020;ES61;DEATHS;484.0;A
838409;55920;583;_T;2020;ES61;DEATHS;1159.0;A
838403;01;57731;M;2020;ES61;DEATHS;3923.0;A
838403;01;57731;F;2020;ES61;DEATHS;3725.0;A
838403;01;57731;_T;2020;ES61;DEATHS;7648.0;A
838403;01;583;M;2020;ES61;DEATHS;3923.0;A
838403;01;583;F;2020;ES61;DEATHS;3725.0;A
838403;01;583;_T;2020;ES61;DEATHS;7648.0;A
838403;02;57731;M;2020;ES61;DEATHS;3219.0;A
838403;02;57731;F;2020;ES61;DEATHS;3162.0;A
838403;02;57731;_T;2020;ES61;DEATHS;6381.0;A
838403;02;583;M;2020;ES61;DEATHS;3219.0;A
838403;02;583;F;2020;ES61;DEATHS;3162.0;A
838403;02;583;_T;2020;ES61;DEATHS;6381.0;A
838403;03;838410;M;2020;ES61;DEATHS;255.0;A
838403;03;838410;F;2020;ES61;DEATHS;204.0;A
838403;03;838410;_T;2020;ES61;DEATHS;459.0;A
838403;03;838411;M;2020;ES61;DEATHS;66.0;A
838403;03;838411;F;2020;ES61;DEATHS;74.0;A
838403;03;838411;_T;2020;ES61;DEATHS;140.0;A
838403;03;57731;M;2020;ES61;DEATHS;3304.0;A
838403;03;57731;F;2020;ES61;DEATHS;3193.0;A
838403;03;57731;_T;2020;ES61;DEATHS;6497.0;A
838403;03;583;M;2020;ES61;DEATHS;3625.0;A
838403;03;583;F;2020;ES61;DEATHS;3471.0;A
838403;03;583;_T;2020;ES61;DEATHS;7096.0;A
838403;04;838410;M;2020;ES61;DEATHS;444.0;A
838403;04;838410;F;2020;ES61;DEATHS;413.0;A
838403;04;838410;_T;2020;ES61;DEATHS;857.0;A
838403;04;838411;M;2020;ES61;DEATHS;167.0;A
838403;04;838411;F;2020;ES61;DEATHS;180.0;A
838403;04;838411;_T;2020;ES61;DEATHS;347.0;A
838403;04;57731;M;2020;ES61;DEATHS;2722.0;A
838403;04;57731;F;2020;ES61;DEATHS;2770.0;A
838403;04;57731;_T;2020;ES61;DEATHS;5492.0;A
838403;04;583;M;2020;ES61;DEATHS;3333.0;A
838403;04;583;F;2020;ES61;DEATHS;3363.0;A
838403;04;583;_T;2020;ES61;DEATHS;6696.0;A
838403;05;838410;M;2020;ES61;DEATHS;51.0;A
838403;05;838410;F;2020;ES61;DEATHS;58.0;A
838403;05;838410;_T;2020;ES61;DEATHS;109.0;A
838403;05;838411;M;2020;ES61;DEATHS;36.0;A
838403;05;838411;F;2020;ES61;DEATHS;36.0;A
838403;05;838411;_T;2020;ES61;DEATHS;72.0;A
838403;05;57731;M;2020;ES61;DEATHS;2836.0;A
838403;05;57731;F;2020;ES61;DEATHS;2705.0;A
838403;05;57731;_T;2020;ES61;DEATHS;5541.0;A
838403;05;583;M;2020;ES61;DEATHS;2923.0;A
838403;05;583;F;2020;ES61;DEATHS;2799.0;A
838403;05;583;_T;2020;ES61;DEATHS;5722.0;A
838403;06;838410;M;2020;ES61;DEATHS;17.0;A
838403;06;838410;F;2020;ES61;DEATHS;3.0;A
838403;06;838410;_T;2020;ES61;DEATHS;20.0;A
838403;06;838411;M;2020;ES61;DEATHS;7.0;A
838403;06;838411;F;2020;ES61;DEATHS;5.0;A
838403;06;838411;_T;2020;ES61;DEATHS;12.0;A
838403;06;57731;M;2020;ES61;DEATHS;2697.0;A
838403;06;57731;F;2020;ES61;DEATHS;2496.0;A
838403;06;57731;_T;2020;ES61;DEATHS;5193.0;A
838403;06;583;M;2020;ES61;DEATHS;2721.0;A
838403;06;583;F;2020;ES61;DEATHS;2504.0;A
838403;06;583;_T;2020;ES61;DEATHS;5225.0;A
838403;07;838410;M;2020;ES61;DEATHS;5.0;A
838403;07;838410;F;2020;ES61;DEATHS;1.0;A
838403;07;838410;_T;2020;ES61;DEATHS;6.0;A
838403;07;838411;M;2020;ES61;DEATHS;9.0;A
838403;07;838411;F;2020;ES61;DEATHS;8.0;A
838403;07;838411;_T;2020;ES61;DEATHS;17.0;A
838403;07;57731;M;2020;ES61;DEATHS;3127.0;A
838403;07;57731;F;2020;ES61;DEATHS;2957.0;A
838403;07;57731;_T;2020;ES61;DEATHS;6084.0;A
838403;07;583;M;2020;ES61;DEATHS;3141.0;A
838403;07;583;F;2020;ES61;DEATHS;2966.0;A
838403;07;583;_T;2020;ES61;DEATHS;6107.0;A
838403;08;838410;M;2020;ES61;DEATHS;39.0;A
838403;08;838410;F;2020;ES61;DEATHS;27.0;A
838403;08;838410;_T;2020;ES61;DEATHS;66.0;A
838403;08;838411;M;2020;ES61;DEATHS;15.0;A
838403;08;838411;F;2020;ES61;DEATHS;11.0;A
838403;08;838411;_T;2020;ES61;DEATHS;26.0;A
838403;08;57731;M;2020;ES61;DEATHS;3001.0;A
838403;08;57731;F;2020;ES61;DEATHS;2933.0;A
838403;08;57731;_T;2020;ES61;DEATHS;5934.0;A
838403;08;583;M;2020;ES61;DEATHS;3055.0;A
838403;08;583;F;2020;ES61;DEATHS;2971.0;A
838403;08;583;_T;2020;ES61;DEATHS;6026.0;A
838403;09;838410;M;2020;ES61;DEATHS;227.0;A
838403;09;838410;F;2020;ES61;DEATHS;189.0;A
838403;09;838410;_T;2020;ES61;DEATHS;416.0;A
838403;09;838411;M;2020;ES61;DEATHS;11.0;A
838403;09;838411;F;2020;ES61;DEATHS;14.0;A
838403;09;838411;_T;2020;ES61;DEATHS;25.0;A
838403;09;57731;M;2020;ES61;DEATHS;2730.0;A
838403;09;57731;F;2020;ES61;DEATHS;2578.0;A
838403;09;57731;_T;2020;ES61;DEATHS;5308.0;A
838403;09;583;M;2020;ES61;DEATHS;2968.0;A
838403;09;583;F;2020;ES61;DEATHS;2781.0;A
838403;09;583;_T;2020;ES61;DEATHS;5749.0;A
838403;10;838410;M;2020;ES61;DEATHS;558.0;A
838403;10;838410;F;2020;ES61;DEATHS;505.0;A
838403;10;838410;_T;2020;ES61;DEATHS;1063.0;A
838403;10;838411;M;2020;ES61;DEATHS;10.0;A
838403;10;838411;F;2020;ES61;DEATHS;8.0;A
838403;10;838411;_T;2020;ES61;DEATHS;18.0;A
838403;10;57731;M;2020;ES61;DEATHS;3008.0;A
838403;10;57731;F;2020;ES61;DEATHS;2809.0;A
838403;10;57731;_T;2020;ES61;DEATHS;5817.0;A
838403;10;583;M;2020;ES61;DEATHS;3576.0;A
838403;10;583;F;2020;ES61;DEATHS;3322.0;A
838403;10;583;_T;2020;ES61;DEATHS;6898.0;A
838403;11;838410;M;2020;ES61;DEATHS;1113.0;A
838403;11;838410;F;2020;ES61;DEATHS;903.0;A
838403;11;838410;_T;2020;ES61;DEATHS;2016.0;A
838403;11;838411;M;2020;ES61;DEATHS;18.0;A
838403;11;838411;F;2020;ES61;DEATHS;13.0;A
838403;11;838411;_T;2020;ES61;DEATHS;31.0;A
838403;11;57731;M;2020;ES61;DEATHS;2962.0;A
838403;11;57731;F;2020;ES61;DEATHS;2788.0;A
838403;11;57731;_T;2020;ES61;DEATHS;5750.0;A
838403;11;583;M;2020;ES61;DEATHS;4093.0;A
838403;11;583;F;2020;ES61;DEATHS;3704.0;A
838403;11;583;_T;2020;ES61;DEATHS;7797.0;A
838403;12;838410;M;2020;ES61;DEATHS;456.0;A
838403;12;838410;F;2020;ES61;DEATHS;347.0;A
838403;12;838410;_T;2020;ES61;DEATHS;803.0;A
838403;12;838411;M;2020;ES61;DEATHS;16.0;A
838403;12;838411;F;2020;ES61;DEATHS;6.0;A
838403;12;838411;_T;2020;ES61;DEATHS;22.0;A
838403;12;57731;M;2020;ES61;DEATHS;3231.0;A
838403;12;57731;F;2020;ES61;DEATHS;3060.0;A
838403;12;57731;_T;2020;ES61;DEATHS;6291.0;A
838403;12;583;M;2020;ES61;DEATHS;3703.0;A
838403;12;583;F;2020;ES61;DEATHS;3413.0;A
838403;12;583;_T;2020;ES61;DEATHS;7116.0;A
838403;55920;838410;M;2020;ES61;DEATHS;3165.0;A
838403;55920;838410;F;2020;ES61;DEATHS;2650.0;A
838403;55920;838410;_T;2020;ES61;DEATHS;5815.0;A
838403;55920;838411;M;2020;ES61;DEATHS;355.0;A
838403;55920;838411;F;2020;ES61;DEATHS;355.0;A
838403;55920;838411;_T;2020;ES61;DEATHS;710.0;A
838403;55920;57731;M;2020;ES61;DEATHS;36760.0;A
838403;55920;57731;F;2020;ES61;DEATHS;35176.0;A
838403;55920;57731;_T;2020;ES61;DEATHS;71936.0;A
838403;55920;583;M;2020;ES61;DEATHS;40280.0;A
838403;55920;583;F;2020;ES61;DEATHS;38181.0;A
838403;55920;583;_T;2020;ES61;DEATHS;78461.0;A
